group,condition,num_generics,total_utt,n_participants,feature,empirical_mean,pz1_prior,pred_prior,pred_posterior
baseline,baseline,0,0,35,chug maple syrup,0.2722857142857142,0.4961860795404117,0.38139917953848584,0.32806998862922954
baseline,baseline,0,0,35,clap three times before entering a room,0.42371428571428565,0.4961860795404117,0.4222478970514003,0.3735889989929414
baseline,baseline,0,0,35,dance around a fire on their 10th birthday,0.5372857142857143,0.4961860795404117,0.5298028453198109,0.477225985663559
baseline,baseline,0,0,35,farm potatoes,0.3471428571428572,0.4961860795404117,0.4198196743863321,0.3875786959441722
baseline,baseline,0,0,35,go to the opera,0.23599999999999993,0.4961860795404117,0.3934956094382192,0.34689316688268645
baseline,baseline,0,0,35,live in caves,0.44799999999999995,0.4961860795404117,0.34523643131938464,0.31741399501560064
baseline,baseline,0,0,35,look to their left when spoken to,0.3811428571428571,0.4961860795404117,0.42021973195274076,0.39060601548079427
baseline,baseline,0,0,35,paint their hands yellow,0.3438571428571429,0.4961860795404117,0.4043362139138774,0.374592749674953
baseline,baseline,0,0,35,play banjos,0.26,0.4961860795404117,0.3869145177223068,0.3359471397441053
baseline,baseline,0,0,35,ride lions,0.28099999999999997,0.4961860795404117,0.26438591035860115,0.2142115886857392
baseline,baseline,0,0,35,scream out windows,0.26999999999999996,0.4961860795404117,0.3328449472113016,0.27559767150794157
baseline,baseline,0,0,35,sing beautiful songs,0.4124285714285715,0.4961860795404117,0.6312658934633821,0.5624641903415111
baseline,baseline,0,0,35,smell garbage for fun,0.29971428571428566,0.4961860795404117,0.2932730905593496,0.24596115044895606
baseline,baseline,0,0,35,smile when they are sad,0.3698571428571429,0.4961860795404117,0.3904888448186139,0.3607169063158372
baseline,baseline,0,0,35,wash their clothes in ponds,0.4748571428571427,0.4961860795404117,0.5046847190362694,0.4953826499925097
baseline,baseline,0,0,35,yell at stray cats,0.2598571428571428,0.4961860795404117,0.26744408180567014,0.21755149819999176
4of4_g001,4/4,4,4,1,chug maple syrup,0.8,0.8879539351615534,0.46690183466655716,0.44962343779306835
4of4_g001,4/4,4,4,1,clap three times before entering a room,0.13,0.8875874905842167,0.5307658362962898,0.5048696999493194
4of4_g001,4/4,4,4,1,dance around a fire on their 10th birthday,0.23,0.8898567831721805,0.6298416680198654,0.6074992646311606
4of4_g001,4/4,4,4,1,farm potatoes,0.84,0.8892351841575635,0.4863581021761832,0.4727697562089055
4of4_g001,4/4,4,4,1,go to the opera,0.57,0.8866370359477277,0.45518054685861864,0.44161757529440754
4of4_g001,4/4,4,4,1,live in caves,0.04,0.8907703649146711,0.4448098916192882,0.4233610076546403
4of4_g001,4/4,4,4,1,look to their left when spoken to,0.5,0.8893105687617077,0.4903599058507881,0.4741059009378554
4of4_g001,4/4,4,4,1,paint their hands yellow,0.62,0.8904025138681458,0.5089607105522833,0.48516566535619066
4of4_g001,4/4,4,4,1,play banjos,0.63,0.8882744212831819,0.4602425105014461,0.4447490127988021
4of4_g001,4/4,4,4,1,ride lions,0.37,0.8900370270326092,0.35378735626011115,0.3347699023666834
4of4_g001,4/4,4,4,1,scream out windows,0.14,0.8898369997131119,0.44383132584334545,0.4189475120629692
4of4_g001,4/4,4,4,1,sing beautiful songs,0.88,0.8862458336158007,0.7192527618151727,0.7001976412075096
4of4_g001,4/4,4,4,1,smell garbage for fun,0.11,0.8907256544436681,0.39997731435247663,0.37720871946809403
4of4_g001,4/4,4,4,1,smile when they are sad,0.67,0.8882683851336163,0.46046495383699054,0.44391362939210793
4of4_g001,4/4,4,4,1,wash their clothes in ponds,0.33,0.8892695152160969,0.5748724018749095,0.5599495181920359
4of4_g001,4/4,4,4,1,yell at stray cats,0.6,0.8900797296602562,0.3622741101886456,0.34130527162089186
4of4_g002,4/4,4,4,1,chug maple syrup,0.02,0.8873433912361861,0.46676858451358466,0.36125200222020454
4of4_g002,4/4,4,4,1,clap three times before entering a room,0.25,0.8874142555274589,0.5307178060367306,0.3967138305304375
4of4_g002,4/4,4,4,1,dance around a fire on their 10th birthday,0.2,0.8895156315471082,0.6297549752418161,0.5059232803627056
4of4_g002,4/4,4,4,1,farm potatoes,0.33,0.8888602949766854,0.4862946380023738,0.4066617947053883
4of4_g002,4/4,4,4,1,go to the opera,0.34,0.8858782033081273,0.4550606635720799,0.37471606200373236
4of4_g002,4/4,4,4,1,live in caves,0.06,0.890733674569307,0.44480063279985993,0.3293409506970917
4of4_g002,4/4,4,4,1,look to their left when spoken to,0.5,0.8891503197257257,0.4903313146651485,0.40475754541588965
4of4_g002,4/4,4,4,1,paint their hands yellow,0.03,0.8904086325635228,0.5089623344455768,0.3856803213719089
4of4_g002,4/4,4,4,1,play banjos,0.15,0.8875918541118565,0.4601148574312534,0.366886266514986
4of4_g002,4/4,4,4,1,ride lions,0.01,0.8895924393309609,0.3536864379213069,0.24344091764521142
4of4_g002,4/4,4,4,1,scream out windows,0.05,0.8895140537566093,0.4437402741008769,0.30653574382724313
4of4_g002,4/4,4,4,1,sing beautiful songs,0.25,0.8854147001000405,0.719065280706266,0.6040623422534592
4of4_g002,4/4,4,4,1,smell garbage for fun,0.04,0.8904600871270261,0.3999054910014375,0.2717733864098194
4of4_g002,4/4,4,4,1,smile when they are sad,0.45,0.8881202299668831,0.46043851213852305,0.374617052310912
4of4_g002,4/4,4,4,1,wash their clothes in ponds,0.65,0.8894050583795086,0.5748966040154757,0.4966270175386368
4of4_g002,4/4,4,4,1,yell at stray cats,0.25,0.8897284826211594,0.36218954734617054,0.24506468989704977
4of4_g003,4/4,4,4,1,chug maple syrup,0.995,0.8865273891530736,0.4665904934739675,0.47852032028833896
4of4_g003,4/4,4,4,1,clap three times before entering a room,0.995,0.889004105848794,0.531158599748023,0.5459818068551555
4of4_g003,4/4,4,4,1,dance around a fire on their 10th birthday,0.995,0.8902331562275386,0.6299373111983053,0.6434967906950956
4of4_g003,4/4,4,4,1,farm potatoes,0.5,0.8879374724568114,0.4861384153857079,0.49526052516880764
4of4_g003,4/4,4,4,1,go to the opera,0.9,0.8867650423033364,0.4552007697929093,0.4638923287225646
4of4_g003,4/4,4,4,1,live in caves,0.995,0.8903345235159598,0.4446999069143208,0.4580019503814534
4of4_g003,4/4,4,4,1,look to their left when spoken to,0.995,0.8902487508095798,0.4905272936726867,0.4999958160832754
4of4_g003,4/4,4,4,1,paint their hands yellow,0.75,0.8909419670801901,0.5091038806889275,0.523049216451048
4of4_g003,4/4,4,4,1,play banjos,0.1,0.8877221008326278,0.46013921605043034,0.4703429430287424
4of4_g003,4/4,4,4,1,ride lions,0.5,0.8895798451816969,0.353683579136375,0.3658614413113728
4of4_g003,4/4,4,4,1,scream out windows,0.5,0.8902746029351135,0.44395470418288135,0.45898771626468915
4of4_g003,4/4,4,4,1,sing beautiful songs,0.995,0.8861071603415137,0.7192214808973104,0.7316937292868319
4of4_g003,4/4,4,4,1,smell garbage for fun,0.01,0.8902588501743214,0.39985106595968567,0.4142239268315554
4of4_g003,4/4,4,4,1,smile when they are sad,0.51,0.8895358473879811,0.4606911616398495,0.470197283749619
4of4_g003,4/4,4,4,1,wash their clothes in ponds,0.995,0.8883769943235386,0.574713036285703,0.5841552525750776
4of4_g003,4/4,4,4,1,yell at stray cats,0.25,0.8902893647507061,0.36232457990698547,0.37516798864672973
4of4_g004,4/4,4,4,1,chug maple syrup,0.04,0.8884209197752915,0.4670037532487116,0.36668562422821527
4of4_g004,4/4,4,4,1,clap three times before entering a room,0.05,0.8878564610086431,0.5308404096507874,0.40068188288410217
4of4_g004,4/4,4,4,1,dance around a fire on their 10th birthday,0.75,0.8902188906265543,0.6299336860519218,0.5107002472555634
4of4_g004,4/4,4,4,1,farm potatoes,0.06,0.8893432742110307,0.4863764005061703,0.40953305255359834
4of4_g004,4/4,4,4,1,go to the opera,0.15,0.8876426495976381,0.45533941755427426,0.37983385002709824
4of4_g004,4/4,4,4,1,live in caves,0.1,0.890469502996141,0.4447339690257868,0.3308748031201076
4of4_g004,4/4,4,4,1,look to their left when spoken to,0.5,0.8894690172174459,0.4903881757819271,0.4070968303710086
4of4_g004,4/4,4,4,1,paint their hands yellow,0.2,0.8902017065509523,0.5089074165679305,0.38732218592490353
4of4_g004,4/4,4,4,1,play banjos,0.09,0.8890242509106961,0.4603827429329118,0.3723035504507738
4of4_g004,4/4,4,4,1,ride lions,0.04,0.8904156747941165,0.3538733066877581,0.24822140907166468
4of4_g004,4/4,4,4,1,scream out windows,0.06,0.8901798662450505,0.4439279940150274,0.31167818214867726
4of4_g004,4/4,4,4,1,sing beautiful songs,0.22,0.8873164493357065,0.7194942635938578,0.6117906826536955
4of4_g004,4/4,4,4,1,smell garbage for fun,0.04,0.8908052112629318,0.39999883069503633,0.2757207123375774
4of4_g004,4/4,4,4,1,smile when they are sad,0.15,0.8884664778171302,0.4605003080343608,0.37696879881986467
4of4_g004,4/4,4,4,1,wash their clothes in ponds,0.15,0.8885948178631055,0.5747519301390746,0.49640264939473655
4of4_g004,4/4,4,4,1,yell at stray cats,0.2,0.8904276921951765,0.3623578822856384,0.24961176654033496
4of4_g005,4/4,4,4,1,chug maple syrup,0.07,0.8878543730960753,0.46688010541841624,0.47343401165685073
4of4_g005,4/4,4,4,1,clap three times before entering a room,0.995,0.886363353160648,0.5304264382593641,0.5398358340092443
4of4_g005,4/4,4,4,1,dance around a fire on their 10th birthday,0.995,0.8890350877383177,0.6296328603969884,0.6378183595209349
4of4_g005,4/4,4,4,1,farm potatoes,0.17,0.8893893592111431,0.4863842021355753,0.49155608016620966
4of4_g005,4/4,4,4,1,go to the opera,0.15,0.8853835382809374,0.45498251449664406,0.4599367434763134
4of4_g005,4/4,4,4,1,live in caves,0.91,0.8908751636653128,0.444836337614791,0.4529107720693334
4of4_g005,4/4,4,4,1,look to their left when spoken to,0.8,0.8883981135814158,0.4901971081447825,0.4961331961857643
4of4_g005,4/4,4,4,1,paint their hands yellow,0.9,0.8899687458040392,0.5088455891077844,0.5176362292563907
4of4_g005,4/4,4,4,1,play banjos,0.09,0.8875414745419119,0.46010543549148164,0.4658429724916805
4of4_g005,4/4,4,4,1,ride lions,0.9,0.8895797586241324,0.35368355948840546,0.3607472983647025
4of4_g005,4/4,4,4,1,scream out windows,0.85,0.8890033383195809,0.4435962824220504,0.4527080334633016
4of4_g005,4/4,4,4,1,sing beautiful songs,0.11,0.8850538416525283,0.7189838808582089,0.7259694869354657
4of4_g005,4/4,4,4,1,smell garbage for fun,0.88,0.8905261752861868,0.3999233647108794,0.40842647817995764
4of4_g005,4/4,4,4,1,smile when they are sad,0.07,0.88717081515369,0.46026906721962735,0.4662946399234839
4of4_g005,4/4,4,4,1,wash their clothes in ponds,0.95,0.8898992090557425,0.574984837931714,0.5807221756152036
4of4_g005,4/4,4,4,1,yell at stray cats,0.08,0.8893459038176591,0.3620974413709064,0.3697995979372562
0of4_g006,0/4,0,4,1,chug maple syrup,0.35,0.11043415882033292,0.29720949177039097,0.30414282085310157
0of4_g006,0/4,0,4,1,clap three times before entering a room,0.01,0.1114908553619531,0.3155892806354135,0.32169154072597755
0of4_g006,0/4,0,4,1,dance around a fire on their 10th birthday,0.35,0.10899388535136945,0.4314103286606238,0.4377827471904894
0of4_g006,0/4,0,4,1,farm potatoes,0.25,0.10939752654757674,0.354341081760296,0.3604874042528873
0of4_g006,0/4,0,4,1,go to the opera,0.1,0.11174850879931555,0.33276068971509626,0.3355806669037649
0of4_g006,0/4,0,4,1,live in caves,0.75,0.10829219864292391,0.24735129655410354,0.2569681714782995
0of4_g006,0/4,0,4,1,look to their left when spoken to,0.05,0.10976030859303981,0.35127472466860177,0.3558081264581026
0of4_g006,0/4,0,4,1,paint their hands yellow,0.04,0.10880346841190702,0.3015254045043018,0.31003487542939273
0of4_g006,0/4,0,4,1,play banjos,0.51,0.11014314251951149,0.31471713084647446,0.31919545396080024
0of4_g006,0/4,0,4,1,ride lions,0.01,0.10863549435189682,0.17641460320180946,0.1828867103851882
0of4_g006,0/4,0,4,1,scream out windows,0.05,0.10903666745513613,0.2236916110066795,0.23076032412469227
0of4_g006,0/4,0,4,1,sing beautiful songs,0.75,0.11204254125231773,0.5446135624335756,0.5487000068098017
0of4_g006,0/4,0,4,1,smell garbage for fun,0.01,0.10812126513047395,0.18831998208299486,0.19717369737046225
0of4_g006,0/4,0,4,1,smile when they are sad,0.61,0.11083059499174144,0.321713291795865,0.3259123685297802
0of4_g006,0/4,0,4,1,wash their clothes in ponds,0.995,0.10987399804348788,0.43570610688428907,0.44393306629761464
0of4_g006,0/4,0,4,1,yell at stray cats,0.1,0.10874819989015991,0.1741682823285915,0.18042318690161152
0of4_g007,0/4,0,4,1,chug maple syrup,0.87,0.11276493980381573,0.29771818067824896,0.4373902612855147
0of4_g007,0/4,0,4,1,clap three times before entering a room,0.89,0.11069680125290031,0.3153691252830515,0.48366299534111656
0of4_g007,0/4,0,4,1,dance around a fire on their 10th birthday,0.48,0.10936759843969272,0.43150529589348763,0.5901996499607927
0of4_g007,0/4,0,4,1,farm potatoes,0.9,0.11109096336630453,0.3546277599950406,0.46053586787148754
0of4_g007,0/4,0,4,1,go to the opera,0.87,0.11329743151992576,0.3330053944584756,0.43546739201321083
0of4_g007,0/4,0,4,1,live in caves,0.76,0.10853949003975409,0.24741370061072082,0.3992968793594888
0of4_g007,0/4,0,4,1,look to their left when spoken to,0.91,0.1092824106295093,0.35118945944807606,0.459858192802599
0of4_g007,0/4,0,4,1,paint their hands yellow,0.995,0.10821136473040338,0.30136826100585606,0.4598699380535636
0of4_g007,0/4,0,4,1,play banjos,0.95,0.11200038195543933,0.31506447001841087,0.4359005862704459
0of4_g007,0/4,0,4,1,ride lions,0.77,0.10986627278192604,0.17669398140803094,0.32027116712615694
0of4_g007,0/4,0,4,1,scream out windows,0.99,0.10932174188223663,0.2237719852079912,0.39943622867702766
0of4_g007,0/4,0,4,1,sing beautiful songs,0.995,0.11395045101623177,0.5450439349687337,0.6922165786415582
0of4_g007,0/4,0,4,1,smell garbage for fun,0.74,0.10893653148357209,0.18854047292580403,0.35626635361235104
0of4_g007,0/4,0,4,1,smile when they are sad,0.51,0.11008240220865795,0.3215797595782439,0.429764596599831
0of4_g007,0/4,0,4,1,wash their clothes in ponds,0.9,0.11006167056232553,0.43573961707076403,0.540245944121552
0of4_g007,0/4,0,4,1,yell at stray cats,0.76,0.10926799775208428,0.17429342383819618,0.32492478022886634
0of4_g008,0/4,0,4,1,chug maple syrup,0.02,0.11157715530124573,0.2974589487702899,0.2849037596458872
0of4_g008,0/4,0,4,1,clap three times before entering a room,0.1,0.11139444079348083,0.315562549228759,0.29964226863045074
0of4_g008,0/4,0,4,1,dance around a fire on their 10th birthday,0.25,0.1093729433250494,0.43150665412521183,0.4170526518947875
0of4_g008,0/4,0,4,1,farm potatoes,0.14,0.11009491808207986,0.35445914165590364,0.34487218010447207
0of4_g008,0/4,0,4,1,go to the opera,0.61,0.11293660254908305,0.3329483893157793,0.3236663152299983
0of4_g008,0/4,0,4,1,live in caves,0.09,0.1082312205928713,0.24733590872526412,0.23330171155659307
0of4_g008,0/4,0,4,1,look to their left when spoken to,0.51,0.10971301080516437,0.3512662859293283,0.3411407155315104
0of4_g008,0/4,0,4,1,paint their hands yellow,0.07,0.1085040514850901,0.30144593966588973,0.2866107293002191
0of4_g008,0/4,0,4,1,play banjos,0.14,0.11128857837400327,0.31493134918230614,0.3041055976084473
0of4_g008,0/4,0,4,1,ride lions,0.03,0.10933186260423593,0.17657267398730694,0.16367315492242052
0of4_g008,0/4,0,4,1,scream out windows,0.24,0.10937243744408764,0.22378627837113202,0.20775565537863036
0of4_g008,0/4,0,4,1,sing beautiful songs,0.45,0.11340013864421833,0.5449197994696909,0.5316212460674314
0of4_g008,0/4,0,4,1,smell garbage for fun,0.01,0.10848950505603881,0.18841957350024793,0.17322412724759387
0of4_g008,0/4,0,4,1,smile when they are sad,0.08,0.11070930697830621,0.3216916451591009,0.3114975112324466
0of4_g008,0/4,0,4,1,wash their clothes in ponds,0.33,0.1095684734052401,0.43565155341176265,0.42574539184673893
0of4_g008,0/4,0,4,1,yell at stray cats,0.07,0.10917132502785275,0.17427014984741224,0.16059821645551114
0of4_g009,0/4,0,4,1,chug maple syrup,0.15,0.1130707387344508,0.2977849207645768,0.28435310074447384
0of4_g009,0/4,0,4,1,clap three times before entering a room,0.15,0.10947553299912716,0.31503052273736515,0.29871219548011024
0of4_g009,0/4,0,4,1,dance around a fire on their 10th birthday,0.15,0.10868671707041176,0.43133227166294963,0.4162884353828038
0of4_g009,0/4,0,4,1,farm potatoes,0.15,0.11167342522451039,0.35472636369579275,0.34446102979902704
0of4_g009,0/4,0,4,1,go to the opera,0.15,0.11213644680414274,0.3328219776468021,0.323162857964069
0of4_g009,0/4,0,4,1,live in caves,0.15,0.10899103654265753,0.24752764850334347,0.23265862530948384
0of4_g009,0/4,0,4,1,look to their left when spoken to,0.15,0.10845630783796889,0.3510420684942052,0.3405810525659156
0of4_g009,0/4,0,4,1,paint their hands yellow,0.15,0.10796923830912183,0.30130400098840493,0.28584355489882074
0of4_g009,0/4,0,4,1,play banjos,0.15,0.11149926095894376,0.31497075084112247,0.3035688977891985
0of4_g009,0/4,0,4,1,ride lions,0.15,0.1096734362861583,0.17665020885485067,0.16304829122954415
0of4_g009,0/4,0,4,1,scream out windows,0.15,0.10862239870241992,0.2235748116133891,0.2069038486809922
0of4_g009,0/4,0,4,1,sing beautiful songs,0.15,0.11288378698749855,0.5448033245840653,0.5309143636806255
0of4_g009,0/4,0,4,1,smell garbage for fun,0.15,0.10904080719848254,0.18856867455607831,0.1725076987077073
0of4_g009,0/4,0,4,1,smile when they are sad,0.15,0.10901876393856992,0.32138992885525025,0.3109132824356374
0of4_g009,0/4,0,4,1,wash their clothes in ponds,0.15,0.11115155978833952,0.4359342240991503,0.42533062874659533
0of4_g009,0/4,0,4,1,yell at stray cats,0.15,0.10870164899823834,0.17415707518574766,0.1598886354553527
0of4_g010,0/4,0,4,1,chug maple syrup,0.4,0.11206857433217321,0.2975662001216243,0.2848105226060835
0of4_g010,0/4,0,4,1,clap three times before entering a room,0.5,0.10958159933738888,0.3150599301439984,0.299362502380273
0of4_g010,0/4,0,4,1,dance around a fire on their 10th birthday,0.6,0.10839513122114885,0.4312581744420816,0.4168525390900663
0of4_g010,0/4,0,4,1,farm potatoes,0.4,0.110844141913403,0.3545859761282719,0.3448129643706151
0of4_g010,0/4,0,4,1,go to the opera,0.04,0.11153298405734909,0.3327266402909558,0.32352076226521065
0of4_g010,0/4,0,4,1,live in caves,0.22,0.10862553316621092,0.24743541361895224,0.2331941794937336
0of4_g010,0/4,0,4,1,look to their left when spoken to,0.28,0.1084331498497719,0.3510379367106003,0.3409866715044419
0of4_g010,0/4,0,4,1,paint their hands yellow,0.15,0.10792491179514875,0.301292236792881,0.28643137898414445
0of4_g010,0/4,0,4,1,play banjos,0.2,0.11073277542294178,0.31482740343732196,0.3039754700704664
0of4_g010,0/4,0,4,1,ride lions,0.15,0.10907059181835124,0.17651336732274606,0.16353529576033415
0of4_g010,0/4,0,4,1,scream out windows,0.05,0.1083593663926179,0.2235006519911651,0.20753117462176499
0of4_g010,0/4,0,4,1,sing beautiful songs,0.3,0.11215949882186806,0.5446399448792579,0.5314219620412243
0of4_g010,0/4,0,4,1,smell garbage for fun,0.05,0.10853615909793385,0.18843219120362648,0.17308306271248916
0of4_g010,0/4,0,4,1,smile when they are sad,0.25,0.10909707077534274,0.321403904512067,0.31132732662129775
0of4_g010,0/4,0,4,1,wash their clothes in ponds,0.25,0.11073888726388945,0.43586053865317737,0.4257053560761506
0of4_g010,0/4,0,4,1,yell at stray cats,0.05,0.10835461424761432,0.17407352645313534,0.16041865992631377
0of4_g011,0/4,0,4,1,chug maple syrup,0.13,0.11258721797192849,0.29767939319662545,0.28502421068920986
0of4_g011,0/4,0,4,1,clap three times before entering a room,0.11,0.10950363566549438,0.3150383143378945,0.2995894045856126
0of4_g011,0/4,0,4,1,dance around a fire on their 10th birthday,0.08,0.10851954795606017,0.431289790977348,0.4170706774229655
0of4_g011,0/4,0,4,1,farm potatoes,0.09,0.11137778906535148,0.35467631609360467,0.34498228610402504
0of4_g011,0/4,0,4,1,go to the opera,0.08,0.11162978122368633,0.3327419326780021,0.32365140971272716
0of4_g011,0/4,0,4,1,live in caves,0.04,0.1090179786412016,0.24753444734982372,0.2334405836429268
0of4_g011,0/4,0,4,1,look to their left when spoken to,0.52,0.10846765638003811,0.35104409326939995,0.3411381103797981
0of4_g011,0/4,0,4,1,paint their hands yellow,0.05,0.10809317016574493,0.3013368923318081,0.2866716788128894
0of4_g011,0/4,0,4,1,play banjos,0.03,0.1110129750629396,0.3148798061103705,0.30414152447986625
0of4_g011,0/4,0,4,1,ride lions,0.04,0.10937575590054222,0.1765826374625256,0.16374166428157247
0of4_g011,0/4,0,4,1,scream out windows,0.04,0.10847329054752458,0.2235327718942159,0.20777272537339345
0of4_g011,0/4,0,4,1,sing beautiful songs,0.28,0.11230779332489309,0.5446733960845634,0.5316114511427413
0of4_g011,0/4,0,4,1,smell garbage for fun,0.05,0.1088828979493704,0.18852596760111595,0.1733365334268149
0of4_g011,0/4,0,4,1,smile when they are sad,0.49,0.10905902700350757,0.321397114725618,0.3114756300811621
0of4_g011,0/4,0,4,1,wash their clothes in ponds,0.16,0.11128742372911261,0.43595848351666505,0.425894489489641
0of4_g011,0/4,0,4,1,yell at stray cats,0.14,0.1085167421175921,0.1741125587922121,0.16062788061116534
0of4_g012,0/4,0,4,1,chug maple syrup,0.65,0.11312000197532744,0.2977956723814712,0.3271610028869133
0of4_g012,0/4,0,4,1,clap three times before entering a room,0.5,0.10997794875164875,0.31516981994112947,0.3467630217354951
0of4_g012,0/4,0,4,1,dance around a fire on their 10th birthday,0.6,0.10903737989443318,0.43142138140811515,0.4623169255049701
0of4_g012,0/4,0,4,1,farm potatoes,0.25,0.11150595297798638,0.3546980126835369,0.37642349663710273
0of4_g012,0/4,0,4,1,go to the opera,0.05,0.11285964436116516,0.33293623116652193,0.3539177366223488
0of4_g012,0/4,0,4,1,live in caves,0.11,0.10873952371503935,0.24746417916742708,0.2769676715013918
0of4_g012,0/4,0,4,1,look to their left when spoken to,0.1,0.10879164210060117,0.3511018978972057,0.37165016771051873
0of4_g012,0/4,0,4,1,paint their hands yellow,0.4,0.10799347450423946,0.30131043324108087,0.33114223159278755
0of4_g012,0/4,0,4,1,play banjos,0.7,0.11191844469834679,0.3150491461896795,0.33997963838827183
0of4_g012,0/4,0,4,1,ride lions,0.35,0.1098640449522542,0.17669347570607657,0.20553970457603232
0of4_g012,0/4,0,4,1,scream out windows,0.65,0.1089731010710955,0.22367368902960322,0.2577662538006661
0of4_g012,0/4,0,4,1,sing beautiful songs,0.9,0.11359900946989696,0.5449646593173814,0.5755276968187906
0of4_g012,0/4,0,4,1,smell garbage for fun,0.9,0.10903165565680575,0.18856619949853468,0.221744389112136
0of4_g012,0/4,0,4,1,smile when they are sad,0.6,0.10944649638290176,0.32146626755181545,0.34177690840228236
0of4_g012,0/4,0,4,1,wash their clothes in ponds,0.61,0.11055403630458706,0.43582753227507437,0.45626738144417445
0of4_g012,0/4,0,4,1,yell at stray cats,0.05,0.1090090974579403,0.17423109350554278,0.20370079677191869
0of4_g013,0/4,0,4,1,chug maple syrup,0.01,0.11163964043261852,0.29747258604185706,0.4251466690911101
0of4_g013,0/4,0,4,1,clap three times before entering a room,0.995,0.11190987740655241,0.31570545652925314,0.48371979993196335
0of4_g013,0/4,0,4,1,dance around a fire on their 10th birthday,0.995,0.10972614028140763,0.4315964078390883,0.5848828116140471
0of4_g013,0/4,0,4,1,farm potatoes,0.995,0.1100529037404653,0.35445202913941953,0.4516385117235946
0of4_g013,0/4,0,4,1,go to the opera,0.995,0.11347178001210806,0.3330329387009806,0.430829391863222
0of4_g013,0/4,0,4,1,live in caves,0.995,0.10820453687316695,0.24732917508075997,0.39100740421103625
0of4_g013,0/4,0,4,1,look to their left when spoken to,0.995,0.11010049746579997,0.351335420217589,0.45840120765345205
0of4_g013,0/4,0,4,1,paint their hands yellow,0.995,0.10869380281473141,0.30149629940643186,0.456379622701695
0of4_g013,0/4,0,4,1,play banjos,0.995,0.11160924383140171,0.314991319734453,0.4282825452999957
0of4_g013,0/4,0,4,1,ride lions,0.01,0.10953780002886083,0.17661942036088796,0.3117838244014307
0of4_g013,0/4,0,4,1,scream out windows,0.01,0.10973026972441036,0.2238871660025727,0.39391113123554133
0of4_g013,0/4,0,4,1,sing beautiful songs,0.995,0.11391049265350373,0.5450349214492303,0.6844594165479345
0of4_g013,0/4,0,4,1,smell garbage for fun,0.01,0.10858874844870514,0.18844641412627045,0.3465364965069635
0of4_g013,0/4,0,4,1,smile when they are sad,0.995,0.11117235403135158,0.3217742865601596,0.4294053461253297
0of4_g013,0/4,0,4,1,wash their clothes in ponds,0.995,0.10932931371084227,0.43560884984489945,0.5331495579380178
0of4_g013,0/4,0,4,1,yell at stray cats,0.01,0.10948877046454676,0.17434657494277134,0.31911628522751334
4of4_g014,4/4,4,4,1,chug maple syrup,0.75,0.8840660680509028,0.4660533144115743,0.46490367900629215
4of4_g014,4/4,4,4,1,clap three times before entering a room,0.61,0.8894592437453702,0.5312847889369607,0.5291768461119384
4of4_g014,4/4,4,4,1,dance around a fire on their 10th birthday,0.01,0.8896271988469155,0.6297833265039791,0.628042260366563
4of4_g014,4/4,4,4,1,farm potatoes,0.9,0.8858869957382444,0.48579129464310744,0.48515624415286446
4of4_g014,4/4,4,4,1,go to the opera,0.1,0.8853997861148659,0.45498508139167315,0.453462675785375
4of4_g014,4/4,4,4,1,live in caves,0.87,0.8894663783727069,0.44448083023245494,0.4437390381552902
4of4_g014,4/4,4,4,1,look to their left when spoken to,0.85,0.8903435880966458,0.4905442142766918,0.4893736614284471
4of4_g014,4/4,4,4,1,paint their hands yellow,0.85,0.8909460046076882,0.5091049522431433,0.5079076917930047
4of4_g014,4/4,4,4,1,play banjos,0.2,0.8859036555153651,0.4597991321180675,0.45837281668446644
4of4_g014,4/4,4,4,1,ride lions,0.01,0.8881512249239738,0.3533592922011832,0.3520027993695233
4of4_g014,4/4,4,4,1,scream out windows,0.35,0.8897429378318442,0.44380480593183447,0.4418783455084537
4of4_g014,4/4,4,4,1,sing beautiful songs,0.8,0.8844328056914939,0.7188437920416255,0.7166654470334916
4of4_g014,4/4,4,4,1,smell garbage for fun,0.01,0.8890588232357541,0.3995265156454566,0.39828460216834066
4of4_g014,4/4,4,4,1,smile when they are sad,0.1,0.8899090864208675,0.4607577747332806,0.4594879806416985
4of4_g014,4/4,4,4,1,wash their clothes in ponds,0.9,0.8873463634478261,0.5745290102330565,0.5743854641903402
4of4_g014,4/4,4,4,1,yell at stray cats,0.13,0.8895343470138212,0.3621428091335885,0.3605544234779909
4of4_g015,4/4,4,4,1,chug maple syrup,0.8,0.8877518372272646,0.46685772714285495,0.4315226532952643
4of4_g015,4/4,4,4,1,clap three times before entering a room,0.5,0.88726874824061,0.5306774634358394,0.48633515355116974
4of4_g015,4/4,4,4,1,dance around a fire on their 10th birthday,0.2,0.8895651819358514,0.6297675668888665,0.5887709447460923
4of4_g015,4/4,4,4,1,farm potatoes,0.05,0.8892415628683386,0.4863591820142526,0.46017032780697875
4of4_g015,4/4,4,4,1,go to the opera,0.2,0.8859745533166555,0.4550758853154231,0.4274944299849651
4of4_g015,4/4,4,4,1,live in caves,0.75,0.8909492795410142,0.4448550407777914,0.40770910644099384
4of4_g015,4/4,4,4,1,look to their left when spoken to,0.9,0.8890963390650253,0.49032168358636186,0.4622320757618798
4of4_g015,4/4,4,4,1,paint their hands yellow,0.04,0.8904373823245699,0.5089699645924102,0.4691871670585863
4of4_g015,4/4,4,4,1,play banjos,0.05,0.8878238173680666,0.4601582389811888,0.4286080527277639
4of4_g015,4/4,4,4,1,ride lions,0.05,0.8898049350214828,0.3537346729759677,0.31717942499806073
4of4_g015,4/4,4,4,1,scream out windows,0.1,0.889552039603628,0.4437509838728699,0.39836758281170537
4of4_g015,4/4,4,4,1,sing beautiful songs,0.5,0.8855651693715372,0.7190992224801707,0.6794599953460958
4of4_g015,4/4,4,4,1,smell garbage for fun,0.5,0.8906764122362508,0.3999639966732005,0.35808588136563935
4of4_g015,4/4,4,4,1,smile when they are sad,0.95,0.8880039941886019,0.4604177671893712,0.43214521066766587
4of4_g015,4/4,4,4,1,wash their clothes in ponds,0.25,0.8897158519515389,0.5749520982914543,0.5500102193505706
4of4_g015,4/4,4,4,1,yell at stray cats,0.1,0.8898104122109682,0.36220927192239716,0.3234673136169262
4of4_g016,4/4,4,4,1,chug maple syrup,0.25,0.8858839669627894,0.46645006769669084,0.3876723658448378
4of4_g016,4/4,4,4,1,clap three times before entering a room,0.6,0.8874816788323995,0.5307364994749829,0.4373303716371969
4of4_g016,4/4,4,4,1,dance around a fire on their 10th birthday,0.995,0.8890072225552345,0.6296257793516268,0.5411798747329993
4of4_g016,4/4,4,4,1,farm potatoes,0.55,0.8878282041727398,0.4861199175956252,0.42719808584469393
4of4_g016,4/4,4,4,1,go to the opera,0.5,0.8845807798603891,0.4548556916470067,0.39629569724786334
4of4_g016,4/4,4,4,1,live in caves,0.25,0.8905277026158712,0.4447486557169184,0.3617406704200955
4of4_g016,4/4,4,4,1,look to their left when spoken to,0.35,0.8891139714968422,0.49032482951562295,0.4302356563891689
4of4_g016,4/4,4,4,1,paint their hands yellow,0.47,0.8905600653073418,0.5090025244864198,0.42233021063371984
4of4_g016,4/4,4,4,1,play banjos,0.35,0.8862493546513743,0.45986378444523535,0.39129646799077505
4of4_g016,4/4,4,4,1,ride lions,0.3,0.8886793127796695,0.3534791644984643,0.2731797674370012
4of4_g016,4/4,4,4,1,scream out windows,0.2,0.8890540283189228,0.4436105740168912,0.34578529577184614
4of4_g016,4/4,4,4,1,sing beautiful songs,0.3,0.8839269764479919,0.7187296907261436,0.63431848449215
4of4_g016,4/4,4,4,1,smell garbage for fun,0.05,0.8898506003204142,0.39974065375633316,0.3069284259936482
4of4_g016,4/4,4,4,1,smile when they are sad,0.2,0.8881938328214968,0.4604516482614876,0.4005514342136721
4of4_g016,4/4,4,4,1,wash their clothes in ponds,0.4,0.8893581029093746,0.5748882198014739,0.5182378189968078
4of4_g016,4/4,4,4,1,yell at stray cats,0.1,0.8891576111804335,0.3620521098553387,0.2781039575455959
4of4_g017,4/4,4,4,1,chug maple syrup,0.995,0.8875658405165714,0.4668171336832814,0.48370154781930674
4of4_g017,4/4,4,4,1,clap three times before entering a room,0.995,0.8869334844299186,0.5305845099185217,0.5521926114675406
4of4_g017,4/4,4,4,1,dance around a fire on their 10th birthday,0.995,0.8892894556758387,0.629697499875536,0.6492072097424598
4of4_g017,4/4,4,4,1,farm potatoes,0.995,0.8890959019690843,0.4863345233975226,0.4992263538195814
4of4_g017,4/4,4,4,1,go to the opera,0.995,0.8856285270722978,0.45502121876414753,0.467560434448596
4of4_g017,4/4,4,4,1,live in caves,0.995,0.8908020337453885,0.4448178832580206,0.4637288275743248
4of4_g017,4/4,4,4,1,look to their left when spoken to,0.995,0.8888074088068901,0.4902701334562996,0.5039749227802546
4of4_g017,4/4,4,4,1,paint their hands yellow,0.995,0.8902156397647704,0.5089111144236141,0.5289633025189578
4of4_g017,4/4,4,4,1,play banjos,0.995,0.8875524952595107,0.4601074965757182,0.4746887023426321
4of4_g017,4/4,4,4,1,ride lions,0.995,0.8895779802015586,0.3536831557987596,0.3710475026879978
4of4_g017,4/4,4,4,1,scream out windows,0.995,0.8892747418386724,0.44367280223234,0.4653160645349385
4of4_g017,4/4,4,4,1,sing beautiful songs,0.995,0.8852250980585632,0.71902251164412,0.7369779103928991
4of4_g017,4/4,4,4,1,smell garbage for fun,0.995,0.8904872805979602,0.399912845544284,0.42036822631055
4of4_g017,4/4,4,4,1,smile when they are sad,0.995,0.8876874536508773,0.46036127324700105,0.47418489071489894
4of4_g017,4/4,4,4,1,wash their clothes in ponds,0.995,0.8896362690107407,0.5749378882238169,0.5882998678365353
4of4_g017,4/4,4,4,1,yell at stray cats,0.995,0.8895470197067583,0.3621458600886637,0.3805873381555699
4of4_g018,4/4,4,4,1,chug maple syrup,0.25,0.8885136783869577,0.46702399765485575,0.4720471218214341
4of4_g018,4/4,4,4,1,clap three times before entering a room,0.87,0.8858644465523815,0.5302881139828616,0.5376086463433335
4of4_g018,4/4,4,4,1,dance around a fire on their 10th birthday,0.995,0.8889629676751858,0.6296145333888007,0.6359651478238539
4of4_g018,4/4,4,4,1,farm potatoes,0.24,0.8898939854082659,0.4864696292066046,0.490313500151629
4of4_g018,4/4,4,4,1,go to the opera,0.6,0.8855925102069427,0.4550155286818234,0.45906574691392477
4of4_g018,4/4,4,4,1,live in caves,0.995,0.8909296707350102,0.44485009248983737,0.45071676700364444
4of4_g018,4/4,4,4,1,look to their left when spoken to,0.25,0.8880522230725534,0.490135395325799,0.49469179679046615
4of4_g018,4/4,4,4,1,paint their hands yellow,0.05,0.8896762637241283,0.5087679647681533,0.5152940388387759
4of4_g018,4/4,4,4,1,play banjos,0.54,0.8879416890963439,0.4601802832409124,0.46473791133074793
4of4_g018,4/4,4,4,1,ride lions,0.5,0.8898354857206153,0.35374160777374625,0.35917800543024875
4of4_g018,4/4,4,4,1,scream out windows,0.95,0.8889021048776624,0.44356774055274634,0.45063029589517867
4of4_g018,4/4,4,4,1,sing beautiful songs,0.995,0.8853859714549269,0.7190588003055347,0.7247899088344197
4of4_g018,4/4,4,4,1,smell garbage for fun,0.01,0.8907001125992573,0.39997040649619187,0.40634693614452666
4of4_g018,4/4,4,4,1,smile when they are sad,0.9,0.8867094860074152,0.4601867324185599,0.46484217864205213
4of4_g018,4/4,4,4,1,wash their clothes in ponds,0.995,0.8900248235846288,0.5750072672480199,0.5790199051976254
4of4_g018,4/4,4,4,1,yell at stray cats,0.1,0.8893342771917632,0.3620946422568222,0.36805231984565856
0of4_g019,0/4,0,4,1,chug maple syrup,0.64,0.11131089656709656,0.2974008382632788,0.3305811964895558
0of4_g019,0/4,0,4,1,clap three times before entering a room,0.74,0.11076959689989083,0.3153893082291895,0.35191848537321957
0of4_g019,0/4,0,4,1,dance around a fire on their 10th birthday,0.83,0.10887027165233497,0.4313789161912505,0.46664139698751683
0of4_g019,0/4,0,4,1,farm potatoes,0.75,0.11004667072049297,0.35445097396502917,0.38059027885825636
0of4_g019,0/4,0,4,1,go to the opera,0.65,0.11205279434390288,0.33280876191076586,0.35417436659205775
0of4_g019,0/4,0,4,1,live in caves,0.79,0.10829737803429709,0.24735260357503774,0.2854920487104254
0of4_g019,0/4,0,4,1,look to their left when spoken to,0.68,0.10924236394169193,0.3511823144298323,0.37548030811204874
0of4_g019,0/4,0,4,1,paint their hands yellow,0.51,0.10833099612031452,0.3014000110113396,0.3391708914801206
0of4_g019,0/4,0,4,1,play banjos,0.42,0.11068737183543817,0.3148189121011047,0.3414824233450305
0of4_g019,0/4,0,4,1,ride lions,0.37,0.10896127460960582,0.1764885530710958,0.20943586385223506
0of4_g019,0/4,0,4,1,scream out windows,0.34,0.10887160381447904,0.22364507278008955,0.2626811469273375
0of4_g019,0/4,0,4,1,sing beautiful songs,0.85,0.11251604285497806,0.5447203715128061,0.5755486992158436
0of4_g019,0/4,0,4,1,smell garbage for fun,0.15,0.10831619909473095,0.18837270246561313,0.2283800687289717
0of4_g019,0/4,0,4,1,smile when they are sad,0.38,0.11015539630230212,0.32159278705380634,0.3454019667541391
0of4_g019,0/4,0,4,1,wash their clothes in ponds,0.98,0.10995534546441714,0.43572063201168376,0.4639899067677915
0of4_g019,0/4,0,4,1,yell at stray cats,0.2,0.10870656827828311,0.1741582595040684,0.2079045605269847
0of4_g020,0/4,0,4,1,chug maple syrup,0.15,0.11293091029341984,0.2977544034497971,0.2864418385185791
0of4_g020,0/4,0,4,1,clap three times before entering a room,0.33,0.11088126254259303,0.3154202680701318,0.3014752790575063
0of4_g020,0/4,0,4,1,dance around a fire on their 10th birthday,0.25,0.1095500821078681,0.43155166828329933,0.4187483087037139
0of4_g020,0/4,0,4,1,farm potatoes,0.6,0.11114031451330184,0.35463611454334576,0.3460382382434179
0of4_g020,0/4,0,4,1,go to the opera,0.5,0.11367660161025706,0.3330652972014705,0.3247727431464951
0of4_g020,0/4,0,4,1,live in caves,0.15,0.10848427926750935,0.24739976815613,0.23496656895894436
0of4_g020,0/4,0,4,1,look to their left when spoken to,0.5,0.10941872533179016,0.351213780336713,0.34231349954087914
0of4_g020,0/4,0,4,1,paint their hands yellow,0.24,0.10822360037039504,0.30137150832779325,0.2883350530803515
0of4_g020,0/4,0,4,1,play banjos,0.25,0.11228235205534128,0.31511720380120495,0.3054085049982864
0of4_g020,0/4,0,4,1,ride lions,0.05,0.11003018773075955,0.17673118896973392,0.16521375232854907
0of4_g020,0/4,0,4,1,scream out windows,0.05,0.10949997092988194,0.22382223530408268,0.2096335680453393
0of4_g020,0/4,0,4,1,sing beautiful songs,0.3,0.11434492962725744,0.5451329186109919,0.5332170569953526
0of4_g020,0/4,0,4,1,smell garbage for fun,0.05,0.10900325086173984,0.1885585173500195,0.17503325040080753
0of4_g020,0/4,0,4,1,smile when they are sad,0.5,0.11024100209759735,0.32160806537771613,0.3126726697504832
0of4_g020,0/4,0,4,1,wash their clothes in ponds,0.25,0.10986660859982332,0.43570478744958074,0.42693262047582364
0of4_g020,0/4,0,4,1,yell at stray cats,0.5,0.10944123133377208,0.17433512988109212,0.16220720922636592
0of4_g021,0/4,0,4,1,chug maple syrup,0.19,0.11337620994554388,0.2978515893266829,0.28471707793763723
0of4_g021,0/4,0,4,1,clap three times before entering a room,0.15,0.10962004062377682,0.31507058817706385,0.29919074865536627
0of4_g021,0/4,0,4,1,dance around a fire on their 10th birthday,0.22,0.10889162491393427,0.4313843424399693,0.4167147017043251
0of4_g021,0/4,0,4,1,farm potatoes,0.25,0.11185768774388116,0.35475755709680934,0.34473828912279997
0of4_g021,0/4,0,4,1,go to the opera,0.32,0.11255184797155245,0.3328876043141095,0.32343776625448756
0of4_g021,0/4,0,4,1,live in caves,0.11,0.10901642316532065,0.24753405482502833,0.23306727103210031
0of4_g021,0/4,0,4,1,look to their left when spoken to,0.59,0.10858133649961885,0.35106437575897964,0.34088235310733883
0of4_g021,0/4,0,4,1,paint their hands yellow,0.23,0.10799685487367587,0.3013113303864557,0.28628170639886624
0of4_g021,0/4,0,4,1,play banjos,0.23,0.11186043168252438,0.31503829665004157,0.30388579650624314
0of4_g021,0/4,0,4,1,ride lions,0.28,0.10991272448278705,0.17670452562342004,0.16342464944897647
0of4_g021,0/4,0,4,1,scream out windows,0.22,0.10881933668527505,0.2236303365274998,0.20737701836698236
0of4_g021,0/4,0,4,1,sing beautiful songs,0.32,0.11333064234522812,0.5449041229953909,0.5313074034575821
0of4_g021,0/4,0,4,1,smell garbage for fun,0.23,0.10918607938430838,0.1886079637853808,0.17295017388179343
0of4_g021,0/4,0,4,1,smile when they are sad,0.25,0.10914625475790768,0.3214126825254505,0.31121866753002797
0of4_g021,0/4,0,4,1,wash their clothes in ponds,0.24,0.11107435816095806,0.43592043923098867,0.42561805928876034
0of4_g021,0/4,0,4,1,yell at stray cats,0.21,0.10890776758015351,0.17420669830347835,0.16029078758082907
0of4_g022,0/4,0,4,1,chug maple syrup,0.01,0.11075415473600037,0.2972793303240832,0.287516351002702
0of4_g022,0/4,0,4,1,clap three times before entering a room,0.01,0.11170346358488925,0.3156482272962291,0.30288697825473393
0of4_g022,0/4,0,4,1,dance around a fire on their 10th birthday,0.45,0.10925009529723437,0.4314754362266985,0.4200043243157159
0of4_g022,0/4,0,4,1,farm potatoes,0.02,0.10955725779703923,0.35436812231600084,0.3468978009566287
0of4_g022,0/4,0,4,1,go to the opera,0.06,0.11228790256332724,0.3328459052076748,0.3255149395621003
0of4_g022,0/4,0,4,1,live in caves,0.02,0.10826777977571818,0.2473451344457926,0.2362934117624638
0of4_g022,0/4,0,4,1,look to their left when spoken to,0.25,0.10992693642648606,0.35130445394147747,0.34322027407306827
0of4_g022,0/4,0,4,1,paint their hands yellow,0.01,0.10881857305426783,0.30152941325550114,0.28972359070128106
0of4_g022,0/4,0,4,1,play banjos,0.05,0.11057736178811736,0.31479833812555696,0.30630076189797845
0of4_g022,0/4,0,4,1,ride lions,0.01,0.10890528554559087,0.1764758439401175,0.16632916734607464
0of4_g022,0/4,0,4,1,scream out windows,0.02,0.10928422486235737,0.2237614076176438,0.2110305440994248
0of4_g022,0/4,0,4,1,sing beautiful songs,0.75,0.11261391631866077,0.5447424491034167,0.5342706505291333
0of4_g022,0/4,0,4,1,smell garbage for fun,0.01,0.10826089254767816,0.18835774467037705,0.17639960015553685
0of4_g022,0/4,0,4,1,smile when they are sad,0.62,0.11101340984163198,0.321745919312291,0.3135835446839299
0of4_g022,0/4,0,4,1,wash their clothes in ponds,0.04,0.10969198919453646,0.4356736079840439,0.42791649581265057
0of4_g022,0/4,0,4,1,yell at stray cats,0.01,0.10899933818150946,0.17422874395646867,0.16339632658246758
0of4_g023,0/4,0,4,1,chug maple syrup,0.11,0.10994035420248945,0.2971017197688489,0.28599992145695396
0of4_g023,0/4,0,4,1,clap three times before entering a room,0.81,0.11209098813881249,0.31575567035803725,0.30152374138669874
0of4_g023,0/4,0,4,1,dance around a fire on their 10th birthday,0.15,0.10918921433947242,0.4314599652777984,0.4185853346381072
0of4_g023,0/4,0,4,1,farm potatoes,0.08,0.10901091684941175,0.3542756334456146,0.34575077801636867
0of4_g023,0/4,0,4,1,go to the opera,0.21,0.11173899116777995,0.33275918608321614,0.3245751593709641
0of4_g023,0/4,0,4,1,live in caves,0.27,0.10829960558461262,0.24735316569801408,0.23476391915894648
0of4_g023,0/4,0,4,1,look to their left when spoken to,0.33,0.11020219534151623,0.3513535648686687,0.34229545539971185
0of4_g023,0/4,0,4,1,paint their hands yellow,0.12,0.1091612311793723,0.30162035424815475,0.28829390474732003
0of4_g023,0/4,0,4,1,play banjos,0.33,0.10992654898050579,0.31467662372659017,0.3051152844637546
0of4_g023,0/4,0,4,1,ride lions,0.15,0.10851734611356029,0.1763877843674122,0.16492917876360758
0of4_g023,0/4,0,4,1,scream out windows,0.2,0.10925824766474757,0.22375408357763277,0.20946875057765976
0of4_g023,0/4,0,4,1,sing beautiful songs,0.7,0.1119238631621805,0.5445867918852583,0.5328816264305641
0of4_g023,0/4,0,4,1,smell garbage for fun,0.17,0.10805095185023869,0.18830096567889473,0.17474450902328043
0of4_g023,0/4,0,4,1,smile when they are sad,0.46,0.11138825220565664,0.3218128185570555,0.3126927529866759
0of4_g023,0/4,0,4,1,wash their clothes in ponds,0.16,0.1097730487128989,0.43568808170450507,0.42677068115273004
0of4_g023,0/4,0,4,1,yell at stray cats,0.02,0.10888389231941009,0.17420095032644634,0.16202601587525842
0of4_g024,0/4,0,4,1,chug maple syrup,0.12,0.11222768967379478,0.2976009267690127,0.28886847988318387
0of4_g024,0/4,0,4,1,clap three times before entering a room,0.07,0.11204135922433434,0.3157419105008314,0.3045280531141094
0of4_g024,0/4,0,4,1,dance around a fire on their 10th birthday,0.31,0.11003984488004111,0.4316761258329176,0.4215188590777038
0of4_g024,0/4,0,4,1,farm potatoes,0.78,0.11039763636662941,0.35451038817569097,0.3478870763580743
0of4_g024,0/4,0,4,1,go to the opera,0.62,0.11422781814080431,0.33315238049998447,0.32656099757537166
0of4_g024,0/4,0,4,1,live in caves,0.07,0.1081921977043886,0.24732606128789483,0.237658499736076
0of4_g024,0/4,0,4,1,look to their left when spoken to,0.32,0.11021839154057647,0.35135645454929076,0.34425268268352
0of4_g024,0/4,0,4,1,paint their hands yellow,0.21,0.10863109855311406,0.30147965778209174,0.2911740827026652
0of4_g024,0/4,0,4,1,play banjos,0.33,0.11227913949126157,0.31511660299049327,0.30749392313604884
0of4_g024,0/4,0,4,1,ride lions,0.13,0.1099588230173388,0.17671498967249524,0.16769194138431703
0of4_g024,0/4,0,4,1,scream out windows,0.48,0.11002452436417798,0.22397012848326284,0.21270597452306148
0of4_g024,0/4,0,4,1,sing beautiful songs,0.6,0.11473950461111357,0.5452219239923385,0.5357823048680644
0of4_g024,0/4,0,4,1,smell garbage for fun,0.01,0.1088204312276827,0.18850907331857858,0.17794947229190242
0of4_g024,0/4,0,4,1,smile when they are sad,0.75,0.11127645174717567,0.32179286519277617,0.31462630599487124
0of4_g024,0/4,0,4,1,wash their clothes in ponds,0.65,0.10913505336146835,0.43557416335711463,0.4288383351524987
0of4_g024,0/4,0,4,1,yell at stray cats,0.16,0.10981291975967168,0.17442461399429618,0.16482815485372757
0of4_g025,0/4,0,4,1,chug maple syrup,0.05,0.11194111252627881,0.29753838180351827,0.2855091567449534
0of4_g025,0/4,0,4,1,clap three times before entering a room,0.25,0.10968845455289264,0.31508955627067264,0.30021309110220057
0of4_g025,0/4,0,4,1,dance around a fire on their 10th birthday,0.23,0.10839818148130019,0.4312589495681747,0.41763299214458266
0of4_g025,0/4,0,4,1,farm potatoes,0.39,0.11071063242770243,0.3545633745979054,0.34532830108363183
0of4_g025,0/4,0,4,1,go to the opera,0.18,0.11151487459180258,0.33272377928823416,0.32405292380689105
0of4_g025,0/4,0,4,1,live in caves,0.02,0.10852889347220347,0.2474110265637873,0.23391230274505043
0of4_g025,0/4,0,4,1,look to their left when spoken to,0.12,0.1084859729145757,0.35104736125435865,0.3415223328015817
0of4_g025,0/4,0,4,1,paint their hands yellow,0.11,0.10792228072216142,0.3012915385097478,0.28719185749300735
0of4_g025,0/4,0,4,1,play banjos,0.1,0.11066479082726742,0.3148146890222018,0.3045858397741143
0of4_g025,0/4,0,4,1,ride lions,0.1,0.10900446467460433,0.17649835691766275,0.16423774145307746
0of4_g025,0/4,0,4,1,scream out windows,0.05,0.10836765886125846,0.22350298997900447,0.20839497591028822
0of4_g025,0/4,0,4,1,sing beautiful songs,0.89,0.11211889370644129,0.5446307854699415,0.5321906589705545
0of4_g025,0/4,0,4,1,smell garbage for fun,0.06,0.1084587542182133,0.18841125685854737,0.17388838737311657
0of4_g025,0/4,0,4,1,smile when they are sad,0.07,0.10918598430771684,0.3214197731777677,0.3118684572197483
0of4_g025,0/4,0,4,1,wash their clothes in ponds,0.32,0.11057597769815954,0.43583145005800117,0.4261979433854341
0of4_g025,0/4,0,4,1,yell at stray cats,0.24,0.10834236266909386,0.1740705768814972,0.16115670911694888
4of4_g026,4/4,4,4,1,chug maple syrup,0.2,0.8872033554318761,0.46673802194212893,0.3558394565746872
4of4_g026,4/4,4,4,1,clap three times before entering a room,0.3,0.8887158214114396,0.5310786714897813,0.394019703172617
4of4_g026,4/4,4,4,1,dance around a fire on their 10th birthday,0.45,0.8903166539053149,0.6299585294634845,0.5021058850325804
4of4_g026,4/4,4,4,1,farm potatoes,0.1,0.8883359939548672,0.48620588022307704,0.40156960873319214
4of4_g026,4/4,4,4,1,go to the opera,0.15,0.887348399676156,0.4552929308247767,0.3736964851511879
4of4_g026,4/4,4,4,1,live in caves,0.25,0.8902120273092116,0.44466899496057194,0.3214123046904773
4of4_g026,4/4,4,4,1,look to their left when spoken to,0.15,0.8900304664641396,0.49048834798914837,0.40215350097335856
4of4_g026,4/4,4,4,1,paint their hands yellow,0.2,0.8906026438422863,0.5090138247707262,0.3795430904137117
4of4_g026,4/4,4,4,1,play banjos,0.1,0.8883354014783402,0.4602539149601718,0.36413799109855705
4of4_g026,4/4,4,4,1,ride lions,0.15,0.8899182705394277,0.35376039935606346,0.23885691076694338
4of4_g026,4/4,4,4,1,scream out windows,0.25,0.8903272403862007,0.44396954484443507,0.3023260337066719
4of4_g026,4/4,4,4,1,sing beautiful songs,0.4,0.8868121977247028,0.7193805181493458,0.6024618420190494
4of4_g026,4/4,4,4,1,smell garbage for fun,0.15,0.8904002397844444,0.3998893051365903,0.2649401672011005
4of4_g026,4/4,4,4,1,smile when they are sad,0.2,0.8892454473139444,0.4606393330647013,0.3725121991022393
4of4_g026,4/4,4,4,1,wash their clothes in ponds,0.25,0.8881332566497171,0.5746695152899212,0.4893985340789909
4of4_g026,4/4,4,4,1,yell at stray cats,0.1,0.8904125808811891,0.3623542442317274,0.24112861443928496
4of4_g027,4/4,4,4,1,chug maple syrup,0.75,0.8872327350930058,0.46674443400222343,0.4114767742929402
4of4_g027,4/4,4,4,1,clap three times before entering a room,0.995,0.8891728280627665,0.5312053788000359,0.46644841094015677
4of4_g027,4/4,4,4,1,dance around a fire on their 10th birthday,0.35,0.8906180473545261,0.630035118972306,0.5685880146800566
4of4_g027,4/4,4,4,1,farm potatoes,0.24,0.8882319625808068,0.4861882689780965,0.44433397294250104
4of4_g027,4/4,4,4,1,go to the opera,0.1,0.88787066417628,0.4553754401706456,0.4154598515526589
4of4_g027,4/4,4,4,1,live in caves,0.49,0.8900937645399709,0.4446391513160214,0.385032885861466
4of4_g027,4/4,4,4,1,look to their left when spoken to,0.25,0.8903546334431,0.4905461849565714,0.44860890969321215
4of4_g027,4/4,4,4,1,paint their hands yellow,0.65,0.8907103155687746,0.5090424006980725,0.4474871237954441
4of4_g027,4/4,4,4,1,play banjos,0.1,0.8886349029655388,0.46030992744652377,0.4129967245439058
4of4_g027,4/4,4,4,1,ride lions,0.15,0.8900774367577858,0.35379652898873415,0.2977260548682121
4of4_g027,4/4,4,4,1,scream out windows,0.2,0.8906319944026534,0.44405546753107533,0.3760724120751163
4of4_g027,4/4,4,4,1,sing beautiful songs,0.75,0.8873171449118039,0.7194944204969013,0.6619549183469777
4of4_g027,4/4,4,4,1,smell garbage for fun,0.25,0.8904329644742196,0.39989815561153236,0.3343279565481981
4of4_g027,4/4,4,4,1,smile when they are sad,0.25,0.8896470364256459,0.46071100588201574,0.41903972795415895
4of4_g027,4/4,4,4,1,wash their clothes in ponds,0.75,0.8877743720559336,0.574605434039586,0.5330625773431954
4of4_g027,4/4,4,4,1,yell at stray cats,0.24,0.8906780785323032,0.36241816288028417,0.3040070165630878
4of4_g028,4/4,4,4,1,chug maple syrup,0.03,0.8868886999594814,0.4666693489309201,0.3791948937155216
4of4_g028,4/4,4,4,1,clap three times before entering a room,0.23,0.8898207761834753,0.531385025558614,0.4258640156539838
4of4_g028,4/4,4,4,1,dance around a fire on their 10th birthday,0.12,0.8909398459243174,0.6301168937901208,0.530990541166194
4of4_g028,4/4,4,4,1,farm potatoes,0.06,0.8875728249132698,0.48607668499640116,0.4185215750112029
4of4_g028,4/4,4,4,1,go to the opera,0.55,0.8887587157464671,0.4555157379587138,0.3934908786654827
4of4_g028,4/4,4,4,1,live in caves,0.005,0.8894001051865645,0.444464106174468,0.34551484977935953
4of4_g028,4/4,4,4,1,look to their left when spoken to,0.5,0.8906995350403681,0.49060772133670894,0.42200079950176883
4of4_g028,4/4,4,4,1,paint their hands yellow,0.1,0.8905317178278682,0.50899500110456,0.4066003890834412
4of4_g028,4/4,4,4,1,play banjos,0.13,0.8889687671998129,0.4603723664215039,0.38610739673383954
4of4_g028,4/4,4,4,1,ride lions,0.005,0.8900654015352392,0.35379379707630826,0.2639205631960014
4of4_g028,4/4,4,4,1,scream out windows,0.11,0.8909594029554785,0.44414777746291867,0.33432299370357144
4of4_g028,4/4,4,4,1,sing beautiful songs,0.81,0.8881637573124253,0.719685393221106,0.6307393516347652
4of4_g028,4/4,4,4,1,smell garbage for fun,0.03,0.8901100452168957,0.39981082128338785,0.2930448846947589
4of4_g028,4/4,4,4,1,smile when they are sad,0.03,0.8901642677102162,0.46080331770593763,0.3926807160322141
4of4_g028,4/4,4,4,1,wash their clothes in ponds,0.05,0.8865071016937437,0.5743791544200968,0.5045142089757232
4of4_g028,4/4,4,4,1,yell at stray cats,0.14,0.8909162330955575,0.36247549867126755,0.26826681951303366
4of4_g029,4/4,4,4,1,chug maple syrup,0.25,0.8869529565936497,0.4666833728299004,0.4098623250143816
4of4_g029,4/4,4,4,1,clap three times before entering a room,0.05,0.8889934128668122,0.5311556350669149,0.45945146386381186
4of4_g029,4/4,4,4,1,dance around a fire on their 10th birthday,0.8,0.8904060717658988,0.6299812521538413,0.5637559228231318
4of4_g029,4/4,4,4,1,farm potatoes,0.75,0.8880505783729572,0.4861575628401752,0.4435997806758015
4of4_g029,4/4,4,4,1,go to the opera,0.25,0.8874890858418625,0.455315156964027,0.41164428945488424
4of4_g029,4/4,4,4,1,live in caves,0.75,0.890036712431688,0.44462475419974057,0.383498779936892
4of4_g029,4/4,4,4,1,look to their left when spoken to,0.25,0.890199611423263,0.49051852636056037,0.4448991870592774
4of4_g029,4/4,4,4,1,paint their hands yellow,0.25,0.8906407413635773,0.5090239358002043,0.44372634831149194
4of4_g029,4/4,4,4,1,play banjos,0.25,0.8883048723100607,0.46024820542384337,0.40988201366855104
4of4_g029,4/4,4,4,1,ride lions,0.1,0.8898464045151018,0.35374408626471043,0.2947163861831595
4of4_g029,4/4,4,4,1,scream out windows,0.75,0.8904257127870977,0.44399730826276,0.37064913387754855
4of4_g029,4/4,4,4,1,sing beautiful songs,0.5,0.8869127326935614,0.7194031961031139,0.6567671279487388
4of4_g029,4/4,4,4,1,smell garbage for fun,0.1,0.8902787021735972,0.3998564349829934,0.3316436928992148
4of4_g029,4/4,4,4,1,smile when they are sad,0.4,0.889484310317786,0.4606819636638353,0.4148497293104981
4of4_g029,4/4,4,4,1,wash their clothes in ponds,0.75,0.8878033444536448,0.5746106072554406,0.5332337051432245
4of4_g029,4/4,4,4,1,yell at stray cats,0.1,0.8904672492936792,0.36236740567037085,0.2997487051394308
4of4_g030,4/4,4,4,1,chug maple syrup,0.75,0.8839252663138185,0.4660225846766187,0.44476294499571195
4of4_g030,4/4,4,4,1,clap three times before entering a room,0.37,0.8899089047260983,0.5314094596244203,0.5030417330943784
4of4_g030,4/4,4,4,1,dance around a fire on their 10th birthday,0.51,0.8898839199717838,0.6298485639698539,0.604314533835282
4of4_g030,4/4,4,4,1,farm potatoes,0.87,0.8854755494729414,0.4857216418000106,0.46929229871380906
4of4_g030,4/4,4,4,1,go to the opera,0.1,0.8861245517442757,0.4550995826414741,0.4391033238009744
4of4_g030,4/4,4,4,1,live in caves,0.05,0.8889506376471342,0.4443506829088884,0.4196418132482209
4of4_g030,4/4,4,4,1,look to their left when spoken to,0.25,0.8905799356811702,0.4905863827529212,0.4725334580237993
4of4_g030,4/4,4,4,1,paint their hands yellow,0.995,0.8907818591512527,0.509061388265948,0.4825704142950246
4of4_g030,4/4,4,4,1,play banjos,0.5,0.8862387203172273,0.45986179562206836,0.4412571108338549
4of4_g030,4/4,4,4,1,ride lions,0.005,0.8882001267013852,0.35337039256703373,0.33090438166823477
4of4_g030,4/4,4,4,1,scream out windows,0.02,0.8899998348322891,0.44387723575810867,0.4155249421323792
4of4_g030,4/4,4,4,1,sing beautiful songs,0.995,0.8851434720789118,0.7190040990438692,0.6962510364259049
4of4_g030,4/4,4,4,1,smell garbage for fun,0.22,0.8888540101089515,0.39947112341839425,0.3728465016625397
4of4_g030,4/4,4,4,1,smile when they are sad,0.15,0.8902630299127315,0.4608209440934372,0.4426354874885867
4of4_g030,4/4,4,4,1,wash their clothes in ponds,0.6,0.886384873558136,0.5743573297670146,0.5570998205681476
4of4_g030,4/4,4,4,1,yell at stray cats,0.005,0.8897354938950303,0.36219123531270664,0.33808262713719645
4of4_g031,4/4,4,4,1,chug maple syrup,0.74,0.8863885831558737,0.4665601993057809,0.46790403251165946
4of4_g031,4/4,4,4,1,clap three times before entering a room,0.97,0.8898760750175055,0.5314003574285109,0.5334822234169135
4of4_g031,4/4,4,4,1,dance around a fire on their 10th birthday,0.96,0.8907519751595941,0.6300691524419603,0.6318379571794717
4of4_g031,4/4,4,4,1,farm potatoes,0.72,0.8874508113042994,0.48605602957799543,0.4871145973941268
4of4_g031,4/4,4,4,1,go to the opera,0.12,0.8878713402919107,0.45537554698598226,0.4564474306420557
4of4_g031,4/4,4,4,1,live in caves,0.41,0.8897804500842103,0.4445600863210927,0.4462484730225527
4of4_g031,4/4,4,4,1,look to their left when spoken to,0.87,0.8907967439095835,0.4906250650717805,0.49192257879740675
4of4_g031,4/4,4,4,1,paint their hands yellow,0.81,0.8909354334774265,0.5091021466797871,0.5109957143656173
4of4_g031,4/4,4,4,1,play banjos,0.75,0.8882673206575481,0.4602411825491206,0.4614558746065343
4of4_g031,4/4,4,4,1,ride lions,0.03,0.8897575874935363,0.3537239254140151,0.35521540521214684
4of4_g031,4/4,4,4,1,scream out windows,0.5,0.8907993426980042,0.4441026498957528,0.4460740994088465
4of4_g031,4/4,4,4,1,sing beautiful songs,0.78,0.8871750425318097,0.7194623660660854,0.7209645756314195
4of4_g031,4/4,4,4,1,smell garbage for fun,0.16,0.890105326877449,0.3998095451965761,0.4015965001859726
4of4_g031,4/4,4,4,1,smile when they are sad,0.24,0.8902693792500783,0.4608220772787812,0.46214956899876136
4of4_g031,4/4,4,4,1,wash their clothes in ponds,0.76,0.8872052096797113,0.5745038062814045,0.5756776412965291
4of4_g031,4/4,4,4,1,yell at stray cats,0.17,0.89072110156101,0.3624285206888758,0.36408497759999275
4of4_g032,4/4,4,4,1,chug maple syrup,0.35,0.8878381938582826,0.46687657432782426,0.393530749928615
4of4_g032,4/4,4,4,1,clap three times before entering a room,0.05,0.8893423662373726,0.5312523840810913,0.4399569657434279
4of4_g032,4/4,4,4,1,dance around a fire on their 10th birthday,0.7,0.8909729183780694,0.6301252980968336,0.5454797382601354
4of4_g032,4/4,4,4,1,farm potatoes,0.6,0.8884634414485358,0.4862274555320012,0.42903963193974404
4of4_g032,4/4,4,4,1,go to the opera,0.4,0.8889141014961808,0.4555402863945412,0.4034785059517032
4of4_g032,4/4,4,4,1,live in caves,0.1,0.8898478798157861,0.4445771022336593,0.3593113400998857
4of4_g032,4/4,4,4,1,look to their left when spoken to,0.25,0.8904535292626916,0.4905638296726197,0.43134266798231813
4of4_g032,4/4,4,4,1,paint their hands yellow,0.1,0.8904815482024584,0.5089816861553392,0.4201427661390299
4of4_g032,4/4,4,4,1,play banjos,0.6,0.8894649791909729,0.46046516752123307,0.39816325655748885
4of4_g032,4/4,4,4,1,ride lions,0.01,0.8905175673765282,0.35389643560049083,0.27778373167271453
4of4_g032,4/4,4,4,1,scream out windows,0.61,0.890962011814682,0.4441485130075866,0.35026820023186706
4of4_g032,4/4,4,4,1,sing beautiful songs,0.75,0.8884503641614466,0.719750043928671,0.6453769296146826
4of4_g032,4/4,4,4,1,smell garbage for fun,0.04,0.8905701703931949,0.399935263298607,0.3088559950107408
4of4_g032,4/4,4,4,1,smile when they are sad,0.05,0.8897573736072063,0.4607306980908594,0.4017816207339103
4of4_g032,4/4,4,4,1,wash their clothes in ponds,0.3,0.8871985119851934,0.5745026103631442,0.513947907002394
4of4_g032,4/4,4,4,1,yell at stray cats,0.05,0.8910324123024652,0.36250346885429846,0.2821607964622418
4of4_g033,4/4,4,4,1,chug maple syrup,0.16,0.8877766954233464,0.46686315240104337,0.4725648444713137
4of4_g033,4/4,4,4,1,clap three times before entering a room,0.64,0.8881442802391067,0.5309202089281626,0.5385735229479751
4of4_g033,4/4,4,4,1,dance around a fire on their 10th birthday,0.99,0.8901422552717677,0.6299142116267249,0.636740717325889
4of4_g033,4/4,4,4,1,farm potatoes,0.65,0.8890367699912238,0.4863245130736401,0.49071326700253576
4of4_g033,4/4,4,4,1,go to the opera,0.51,0.8869542548244246,0.45523066231162634,0.45954538740225376
4of4_g033,4/4,4,4,1,live in caves,0.71,0.8907383655109017,0.44480181656034906,0.45138276488417967
4of4_g033,4/4,4,4,1,look to their left when spoken to,0.76,0.8897188353151881,0.49043274762951977,0.49527432733476606
4of4_g033,4/4,4,4,1,paint their hands yellow,0.76,0.8906484694918118,0.5090259868347531,0.516105923932415
4of4_g033,4/4,4,4,1,play banjos,0.75,0.8883703373862717,0.46026044864080395,0.4652507654104435
4of4_g033,4/4,4,4,1,ride lions,0.5,0.8901011712226011,0.35380191654838256,0.35979628018179055
4of4_g033,4/4,4,4,1,scream out windows,0.51,0.8901361781439739,0.44391567654317776,0.45149706580455795
4of4_g033,4/4,4,4,1,sing beautiful songs,0.76,0.8865017592075372,0.7193104916658243,0.7254537679189098
4of4_g033,4/4,4,4,1,smell garbage for fun,0.3,0.8907420028419115,0.3999817358180425,0.40707126950495753
4of4_g033,4/4,4,4,1,smile when they are sad,0.48,0.8887733252430123,0.4605550720178898,0.46545054040732076
4of4_g033,4/4,4,4,1,wash their clothes in ponds,0.7,0.8890614684432808,0.5748352537287891,0.5794485966508428
4of4_g033,4/4,4,4,1,yell at stray cats,0.51,0.8903179428983546,0.3623314601056173,0.3687707216250661
4of4_g034,4/4,4,4,1,chug maple syrup,0.67,0.8859140982784586,0.4664566438040852,0.473565471396246
4of4_g034,4/4,4,4,1,clap three times before entering a room,0.84,0.8904032918594358,0.5315465308545825,0.540770301504025
4of4_g034,4/4,4,4,1,dance around a fire on their 10th birthday,0.83,0.8909531701885278,0.63012027972586,0.6384396356510514
4of4_g034,4/4,4,4,1,farm potatoes,0.37,0.8866606165336001,0.48592225922443794,0.4914262301460163
4of4_g034,4/4,4,4,1,go to the opera,0.71,0.8886366177238012,0.45549644844548887,0.4607048422141102
4of4_g034,4/4,4,4,1,live in caves,0.75,0.888962335988525,0.44435363498877406,0.4525785092601187
4of4_g034,4/4,4,4,1,look to their left when spoken to,0.8,0.8910222344228975,0.49066529645967377,0.4965474603674078
4of4_g034,4/4,4,4,1,paint their hands yellow,0.63,0.8906380900988127,0.5090232321582014,0.5177345735227885
4of4_g034,4/4,4,4,1,play banjos,0.4,0.8884774489752881,0.4602804805494066,0.4663902294389279
4of4_g034,4/4,4,4,1,ride lions,0.76,0.8896220425189036,0.35369315764058706,0.3610797904752712
4of4_g034,4/4,4,4,1,scream out windows,0.61,0.8910062942023751,0.4441609980332664,0.45339668094137964
4of4_g034,4/4,4,4,1,sing beautiful songs,0.64,0.8878986151476114,0.7196255843623192,0.7270576151365455
4of4_g034,4/4,4,4,1,smell garbage for fun,0.49,0.8896584663940994,0.3996886906510433,0.4084818387910489
4of4_g034,4/4,4,4,1,smile when they are sad,0.71,0.8906666763859247,0.4608929840942485,0.46681183357978895
4of4_g034,4/4,4,4,1,wash their clothes in ponds,0.55,0.8858074704050896,0.5742542305628814,0.5801020615392656
4of4_g034,4/4,4,4,1,yell at stray cats,0.5,0.8908383614083929,0.36245675103646363,0.37032411607225824
0of4_g035,0/4,0,4,1,chug maple syrup,0.06,0.11154827633599979,0.2974526459862037,0.2858694971994857
0of4_g035,0/4,0,4,1,clap three times before entering a room,0.1,0.10936874048444571,0.315000913994798,0.3009784582434177
0of4_g035,0/4,0,4,1,dance around a fire on their 10th birthday,0.2,0.10800400922588556,0.43115878329212487,0.4182153188264798
0of4_g035,0/4,0,4,1,farm potatoes,0.31,0.11109827169155086,0.3546289972055213,0.3456817759229527
0of4_g035,0/4,0,4,1,go to the opera,0.09,0.10974687025499212,0.332444463192101,0.3242925447933279
0of4_g035,0/4,0,4,1,live in caves,0.02,0.10971145450824898,0.24770944618854052,0.23461920454725863
0of4_g035,0/4,0,4,1,look to their left when spoken to,0.07,0.10846815311699626,0.3510441818958213,0.34200606260310223
0of4_g035,0/4,0,4,1,paint their hands yellow,0.05,0.10874932771829444,0.3015110356390704,0.28798535983434453
0of4_g035,0/4,0,4,1,play banjos,0.07,0.10953685064380247,0.3146037427103049,0.30488209626080265
0of4_g035,0/4,0,4,1,ride lions,0.04,0.1086802111126708,0.17642475359777698,0.1646954235990724
0of4_g035,0/4,0,4,1,scream out windows,0.04,0.10800801267256145,0.2234015909322176,0.209052731062527
0of4_g035,0/4,0,4,1,sing beautiful songs,0.5,0.11024149031199958,0.5442072943417642,0.5324984961961597
0of4_g035,0/4,0,4,1,smell garbage for fun,0.05,0.1087976815616351,0.18850292061397916,0.1745236555606369
0of4_g035,0/4,0,4,1,smile when they are sad,0.8,0.10903986031956461,0.3213936939898542,0.31236566206657795
0of4_g035,0/4,0,4,1,wash their clothes in ponds,0.56,0.11266369605381957,0.4362042261673572,0.4267568300838716
0of4_g035,0/4,0,4,1,yell at stray cats,0.02,0.10800032665367462,0.17398823159606208,0.16169923926261126
0of4_g036,0/4,0,4,1,chug maple syrup,0.01,0.1121390748301679,0.29758158673305735,0.28859363690540063
0of4_g036,0/4,0,4,1,clap three times before entering a room,0.02,0.11129780851101286,0.31553575745984325,0.30438727445127134
0of4_g036,0/4,0,4,1,dance around a fire on their 10th birthday,0.005,0.10952850668924499,0.4315461855804759,0.42132274532302144
0of4_g036,0/4,0,4,1,farm potatoes,0.46,0.11045683299301214,0.35452040944378116,0.3476993433407768
0of4_g036,0/4,0,4,1,go to the opera,0.2,0.11345779500470954,0.33303072929595284,0.32639540606401685
0of4_g036,0/4,0,4,1,live in caves,0.1,0.10822284508579952,0.24733379516359474,0.23746729794398497
0of4_g036,0/4,0,4,1,look to their left when spoken to,0.07,0.10965678271390622,0.35125625387025555,0.3441495792179565
0of4_g036,0/4,0,4,1,paint their hands yellow,0.005,0.1083502076549589,0.30140510972607293,0.2910268687450339
0of4_g036,0/4,0,4,1,play banjos,0.57,0.11181735839633342,0.31503024112458333,0.30728338527590504
0of4_g036,0/4,0,4,1,ride lions,0.005,0.10966012884586315,0.1766471881577793,0.16746989254001327
0of4_g036,0/4,0,4,1,scream out windows,0.02,0.1095064135763783,0.2238240517510076,0.21249390203192603
0of4_g036,0/4,0,4,1,sing beautiful songs,0.67,0.11400539376603072,0.5450563285582876,0.5355263193264486
0of4_g036,0/4,0,4,1,smell garbage for fun,0.08,0.10867326056864755,0.18846927064240518,0.1777102945099613
0of4_g036,0/4,0,4,1,smile when they are sad,0.7,0.11060722640804102,0.32167342653252273,0.314533914034568
0of4_g036,0/4,0,4,1,wash their clothes in ponds,0.8,0.10946908134605052,0.4356338062932276,0.42870260521840653
0of4_g036,0/4,0,4,1,yell at stray cats,0.23,0.10935289790916773,0.17431386357949052,0.16463393227626041
0of4_g037,0/4,0,4,1,chug maple syrup,0.09,0.11295245818337707,0.29775910623941426,0.28700948165376
0of4_g037,0/4,0,4,1,clap three times before entering a room,0.25,0.11054864115754798,0.3153280471781385,0.30199418413540613
0of4_g037,0/4,0,4,1,dance around a fire on their 10th birthday,0.65,0.10933973521779163,0.43149821534649774,0.4192768422140277
0of4_g037,0/4,0,4,1,farm potatoes,0.31,0.1112719486460676,0.35465839859929404,0.3465357559964821
0of4_g037,0/4,0,4,1,go to the opera,0.05,0.11328259184576878,0.33300305002992014,0.32501253619504406
0of4_g037,0/4,0,4,1,live in caves,0.02,0.10862544068098721,0.2474353902802789,0.2357400496956166
0of4_g037,0/4,0,4,1,look to their left when spoken to,0.16,0.10919305752723638,0.3511735173170117,0.3426917060067048
0of4_g037,0/4,0,4,1,paint their hands yellow,0.34,0.10817786453633495,0.3013593701006667,0.2890307476379878
0of4_g037,0/4,0,4,1,play banjos,0.33,0.11207394269483402,0.31507822727868334,0.3057806129210693
0of4_g037,0/4,0,4,1,ride lions,0.07,0.10993795614304797,0.17671025303609783,0.1657439748145923
0of4_g037,0/4,0,4,1,scream out windows,0.03,0.10928707757652545,0.22376221191505188,0.2102201542937569
0of4_g037,0/4,0,4,1,sing beautiful songs,0.53,0.11396574601949552,0.5450473851053463,0.5335639014985328
0of4_g037,0/4,0,4,1,smell garbage for fun,0.1,0.10901691386668512,0.1885622125441904,0.1757514660075557
0of4_g037,0/4,0,4,1,smile when they are sad,0.62,0.10995340876620485,0.3215567377303743,0.31302697394424195
0of4_g037,0/4,0,4,1,wash their clothes in ponds,0.93,0.11021215071691613,0.43576648631124915,0.42759028307165853
0of4_g037,0/4,0,4,1,yell at stray cats,0.02,0.10926036169043095,0.17429158545379192,0.16272384683862942
0of4_g038,0/4,0,4,1,chug maple syrup,0.2,0.11078125070026494,0.29728524397129713,0.2990026690276773
0of4_g038,0/4,0,4,1,clap three times before entering a room,0.08,0.1108833192696528,0.3154208383076828,0.315125990770586
0of4_g038,0/4,0,4,1,dance around a fire on their 10th birthday,0.5,0.10874687636052613,0.43134755922309054,0.43182970924957975
0of4_g038,0/4,0,4,1,farm potatoes,0.59,0.10967234337119124,0.35438760490246496,0.3562439290702286
0of4_g038,0/4,0,4,1,go to the opera,0.01,0.11165014446038356,0.33274514974012154,0.33226564114312573
0of4_g038,0/4,0,4,1,live in caves,0.05,0.10824581755401458,0.24733959227269559,0.25025052466542763
0of4_g038,0/4,0,4,1,look to their left when spoken to,0.17,0.1093020678089733,0.3511929666271599,0.3514928744817501
0of4_g038,0/4,0,4,1,paint their hands yellow,0.01,0.10843916528898633,0.3014287189591536,0.3031751492362166
0of4_g038,0/4,0,4,1,play banjos,0.15,0.11023779063114536,0.3147348318472632,0.3150632546946626
0of4_g038,0/4,0,4,1,ride lions,0.01,0.10866382918315834,0.17642103501287984,0.17753594101842052
0of4_g038,0/4,0,4,1,scream out windows,0.05,0.10876723358992302,0.2236156465227969,0.2241363509855666
0of4_g038,0/4,0,4,1,sing beautiful songs,0.15,0.11203607478666597,0.5446121037748546,0.5440081471832091
0of4_g038,0/4,0,4,1,smell garbage for fun,0.05,0.10812332684360185,0.18832053967851378,0.19044602196849722
0of4_g038,0/4,0,4,1,smile when they are sad,0.36,0.11026524385729969,0.32161239187752383,0.3216319909633103
0of4_g038,0/4,0,4,1,wash their clothes in ponds,0.995,0.10994296711099698,0.4357184217736908,0.4388240410081973
0of4_g038,0/4,0,4,1,yell at stray cats,0.1,0.10855488585061804,0.17412174190873198,0.17476062743198703
4of4_g039,4/4,4,4,1,chug maple syrup,0.38,0.8877510517389592,0.46685755571139437,0.3845394560594651
4of4_g039,4/4,4,4,1,clap three times before entering a room,0.6,0.8892895612855025,0.5312377436521168,0.4329244211925641
4of4_g039,4/4,4,4,1,dance around a fire on their 10th birthday,0.22,0.8908937823825677,0.6301051882137507,0.5374055418394013
4of4_g039,4/4,4,4,1,farm potatoes,0.34,0.8886136608343828,0.4862528858450089,0.42303026747011363
4of4_g039,4/4,4,4,1,go to the opera,0.59,0.8884198224692407,0.45546219830090307,0.39685579884548317
4of4_g039,4/4,4,4,1,live in caves,0.4,0.8902444421350696,0.44467717485139713,0.35285272643466226
4of4_g039,4/4,4,4,1,look to their left when spoken to,0.45,0.8904905335780908,0.49057043187926985,0.4266923399898901
4of4_g039,4/4,4,4,1,paint their hands yellow,0.27,0.8907738488174857,0.5090592623344412,0.41414768790814116
4of4_g039,4/4,4,4,1,play banjos,0.33,0.8891602399417082,0.4604081754735474,0.3903922945924231
4of4_g039,4/4,4,4,1,ride lions,0.14,0.8904560002135008,0.3538824602795484,0.2696396843896799
4of4_g039,4/4,4,4,1,scream out windows,0.45,0.8908935673218302,0.44412921569108194,0.34147160335400195
4of4_g039,4/4,4,4,1,sing beautiful songs,0.39,0.8879220810036186,0.7196308776210101,0.635453209383674
4of4_g039,4/4,4,4,1,smell garbage for fun,0.28,0.8907096625971335,0.39997298931722025,0.3003376924602147
4of4_g039,4/4,4,4,1,smile when they are sad,0.13,0.88975664443079,0.46073056795255,0.3973093516291033
4of4_g039,4/4,4,4,1,wash their clothes in ponds,0.42,0.8878699388571047,0.5746224981326555,0.5100299193493623
4of4_g039,4/4,4,4,1,yell at stray cats,0.4,0.8909683746280002,0.36248805176269205,0.27437272173397553
4of4_g040,4/4,4,4,1,chug maple syrup,0.24,0.8885755208981347,0.4670374946756796,0.4122478830090217
4of4_g040,4/4,4,4,1,clap three times before entering a room,0.5,0.8874563058480608,0.5307294646920331,0.45794210369124594
4of4_g040,4/4,4,4,1,dance around a fire on their 10th birthday,0.41,0.8900210022883305,0.6298833990577428,0.5639605497822089
4of4_g040,4/4,4,4,1,farm potatoes,0.62,0.8895197554585088,0.4864062766325974,0.444557704188952
4of4_g040,4/4,4,4,1,go to the opera,0.09,0.8874189501751354,0.4553040766627958,0.41332090358864526
4of4_g040,4/4,4,4,1,live in caves,0.62,0.8905150525763367,0.44474546347572663,0.3825340294647045
4of4_g040,4/4,4,4,1,look to their left when spoken to,0.13,0.8891777309573334,0.49033620530056926,0.4440736417311195
4of4_g040,4/4,4,4,1,paint their hands yellow,0.14,0.8900297241624702,0.5088617726798051,0.44177385181825984
4of4_g040,4/4,4,4,1,play banjos,0.52,0.8889661773712807,0.4603718820742084,0.41184949546377825
4of4_g040,4/4,4,4,1,ride lions,0.14,0.890385226638285,0.3538663951666009,0.29588207531852423
4of4_g040,4/4,4,4,1,scream out windows,0.03,0.8899716516913321,0.4438692897719748,0.3707172262322148
4of4_g040,4/4,4,4,1,sing beautiful songs,0.83,0.8871363673390023,0.7194536419948054,0.6596446460478042
4of4_g040,4/4,4,4,1,smell garbage for fun,0.005,0.8908129428224799,0.4000009217148294,0.33197842747335027
4of4_g040,4/4,4,4,1,smile when they are sad,0.005,0.8881036295900793,0.4604355494193174,0.41383775551550545
4of4_g040,4/4,4,4,1,wash their clothes in ponds,0.71,0.8887817636496448,0.5747853105626253,0.5321358902693896
4of4_g040,4/4,4,4,1,yell at stray cats,0.005,0.8902652891427608,0.3623187836962974,0.30009737926120883
4of4_g041,4/4,4,4,1,chug maple syrup,0.5,0.8892325239417346,0.467180884450642,0.42490123534172275
4of4_g041,4/4,4,4,1,clap three times before entering a room,0.5,0.887276967410876,0.5306797422406531,0.47455782582707345
4of4_g041,4/4,4,4,1,dance around a fire on their 10th birthday,0.995,0.890163524602619,0.6299196165471277,0.5791361830259845
4of4_g041,4/4,4,4,1,farm potatoes,0.995,0.8898238151492273,0.4864577502361167,0.45409804097596196
4of4_g041,4/4,4,4,1,go to the opera,0.25,0.8881971953352105,0.4554270268136641,0.4231403449261426
4of4_g041,4/4,4,4,1,live in caves,0.11,0.8902504972419917,0.44467870285940725,0.3964699082134774
4of4_g041,4/4,4,4,1,look to their left when spoken to,0.5,0.8890084230722829,0.4903059978603681,0.45462353142865036
4of4_g041,4/4,4,4,1,paint their hands yellow,0.5,0.8896295914961764,0.5087555780233826,0.45686829365040915
4of4_g041,4/4,4,4,1,play banjos,0.25,0.8896725259985833,0.4605039827299234,0.4231569805816461
4of4_g041,4/4,4,4,1,ride lions,0.1,0.8907357310404724,0.3539459572459863,0.30925377197972037
4of4_g041,4/4,4,4,1,scream out windows,0.25,0.8900827878029862,0.4439006236110074,0.38754034522249026
4of4_g041,4/4,4,4,1,sing beautiful songs,0.25,0.888035007002863,0.7196563506541164,0.6736572698388685
4of4_g041,4/4,4,4,1,smell garbage for fun,0.1,0.8908970490393324,0.4000236684534491,0.3474901434356102
4of4_g041,4/4,4,4,1,smile when they are sad,0.75,0.8878946856017541,0.46039825855692135,0.4244598609531233
4of4_g041,4/4,4,4,1,wash their clothes in ponds,0.5,0.8882882430460007,0.5746971891500724,0.5414777094228913
4of4_g041,4/4,4,4,1,yell at stray cats,0.25,0.8904335881062463,0.36235930172820596,0.3144182967045212
0of4_g042,0/4,0,4,1,chug maple syrup,0.51,0.11222064154445115,0.29759938852700557,0.34613288705572387
0of4_g042,0/4,0,4,1,clap three times before entering a room,0.995,0.11038819180458606,0.3152835618169586,0.38826144506754845
0of4_g042,0/4,0,4,1,dance around a fire on their 10th birthday,0.71,0.10895946511860842,0.43140158185896776,0.4948150153451848
0of4_g042,0/4,0,4,1,farm potatoes,0.5,0.11078999643733795,0.35457680995842955,0.39057161881180236
0of4_g042,0/4,0,4,1,go to the opera,0.88,0.11244082800057377,0.33287006495391624,0.3750315115009745
0of4_g042,0/4,0,4,1,live in caves,0.26,0.1085432963050824,0.24741466112289429,0.3012723814747179
0of4_g042,0/4,0,4,1,look to their left when spoken to,0.99,0.1090322974634242,0.3511448349552133,0.3960816193360729
0of4_g042,0/4,0,4,1,paint their hands yellow,0.65,0.10818800577312754,0.3013620615708905,0.36320922294823843
0of4_g042,0/4,0,4,1,play banjos,0.64,0.11129670314952635,0.3149328686701804,0.3610996391037353
0of4_g042,0/4,0,4,1,ride lions,0.13,0.10941702297221288,0.17659200480288356,0.2301551907993426
0of4_g042,0/4,0,4,1,scream out windows,0.32,0.10892882092414245,0.22366120463568012,0.29412082811128587
0of4_g042,0/4,0,4,1,sing beautiful songs,0.91,0.1130407121007848,0.5448387226202369,0.6044971668648178
0of4_g042,0/4,0,4,1,smell garbage for fun,0.25,0.10868718834068475,0.18847303744350427,0.24950240961157266
0of4_g042,0/4,0,4,1,smile when they are sad,0.1,0.1098169768016833,0.3215323883070854,0.36766123894753855
0of4_g042,0/4,0,4,1,wash their clothes in ponds,0.82,0.11028962236995633,0.43578031939430245,0.47041091948898983
0of4_g042,0/4,0,4,1,yell at stray cats,0.05,0.10886353604257533,0.17419604954597062,0.23348330844804438
0of4_g043,0/4,0,4,1,chug maple syrup,0.2,0.11196536736195674,0.2975436753793449,0.34454691750467237
0of4_g043,0/4,0,4,1,clap three times before entering a room,0.995,0.11070070250432766,0.3153702069239282,0.3822000872139276
0of4_g043,0/4,0,4,1,dance around a fire on their 10th birthday,0.995,0.10906506063709154,0.4314284155838398,0.4902927464872339
0of4_g043,0/4,0,4,1,farm potatoes,0.25,0.11053622239767888,0.35453384910337493,0.392388335124368
0of4_g043,0/4,0,4,1,go to the opera,0.3,0.11253710230674983,0.3328852747375119,0.36708090562621076
0of4_g043,0/4,0,4,1,live in caves,0.995,0.10844006514839648,0.24738861071018658,0.3076167417767156
0of4_g043,0/4,0,4,1,look to their left when spoken to,0.5,0.10924037703558259,0.351181959931591,0.3939879854831607
0of4_g043,0/4,0,4,1,paint their hands yellow,0.1,0.10829254117338065,0.3013898051215901,0.3661934403961993
0of4_g043,0/4,0,4,1,play banjos,0.25,0.1112385093155154,0.31492198531409493,0.35540815256637875
0of4_g043,0/4,0,4,1,ride lions,0.25,0.10935348485166049,0.17657758208819055,0.22761403197090835
0of4_g043,0/4,0,4,1,scream out windows,0.05,0.10904572158761736,0.22369416373887,0.2892400043847001
0of4_g043,0/4,0,4,1,sing beautiful songs,0.5,0.11308751690619287,0.5448492805109412,0.5929156888243631
0of4_g043,0/4,0,4,1,smell garbage for fun,0.25,0.10860209953869096,0.1884500249622533,0.2508826210078708
0of4_g043,0/4,0,4,1,smile when they are sad,0.75,0.1100948425460994,0.3215819798427053,0.364672395263797
0of4_g043,0/4,0,4,1,wash their clothes in ponds,0.995,0.11006754704128068,0.4357406663554798,0.47896907145997736
0of4_g043,0/4,0,4,1,yell at stray cats,0.05,0.1089341925854983,0.17421306013237836,0.22974121044039614
0of4_g044,0/4,0,4,1,chug maple syrup,0.1,0.1105184013501879,0.2972278775564476,0.3008943882260294
0of4_g044,0/4,0,4,1,clap three times before entering a room,0.65,0.11011607224046756,0.31520811534821025,0.31783703128745344
0of4_g044,0/4,0,4,1,dance around a fire on their 10th birthday,0.75,0.10812459263839916,0.43118942571106467,0.4342287911527294
0of4_g044,0/4,0,4,1,farm potatoes,0.65,0.10985794141348085,0.3544190243912509,0.3574029073460733
0of4_g044,0/4,0,4,1,go to the opera,0.1,0.11019888825546648,0.3325158747269291,0.3342075698179844
0of4_g044,0/4,0,4,1,live in caves,0.25,0.10873984507493101,0.2474642602626901,0.25160814379316243
0of4_g044,0/4,0,4,1,look to their left when spoken to,0.4,0.10881114677445618,0.3511053778666646,0.35307941690503447
0of4_g044,0/4,0,4,1,paint their hands yellow,0.09,0.10854104473196854,0.30145575762246546,0.3049785202528875
0of4_g044,0/4,0,4,1,play banjos,0.2,0.10933579165330948,0.3145661408470678,0.31706160875024264
0of4_g044,0/4,0,4,1,ride lions,0.8,0.10824675123720776,0.17632636119868936,0.17956074087173746
0of4_g044,0/4,0,4,1,scream out windows,0.05,0.10815501189667431,0.22344303605709842,0.22678453857859407
0of4_g044,0/4,0,4,1,sing beautiful songs,0.5,0.11056803677500034,0.544280954339625,0.5468147878368473
0of4_g044,0/4,0,4,1,smell garbage for fun,0.02,0.1081156528397862,0.18831846422481377,0.1924405800554328
0of4_g044,0/4,0,4,1,smile when they are sad,0.15,0.10963439425059412,0.3214998022497255,0.3232982141636461
0of4_g044,0/4,0,4,1,wash their clothes in ponds,0.95,0.11105225193760371,0.4359164920165993,0.43932858846333483
0of4_g044,0/4,0,4,1,yell at stray cats,0.05,0.10799704681920486,0.17398744197481336,0.17698753873444312
0of4_g045,0/4,0,4,1,chug maple syrup,0.34,0.1107006773052366,0.2972676589675538,0.28512436678767544
0of4_g045,0/4,0,4,1,clap three times before entering a room,0.13,0.11040184204267539,0.31528734641166334,0.29988256769913635
0of4_g045,0/4,0,4,1,dance around a fire on their 10th birthday,0.08,0.10839008044229488,0.43125689094812175,0.4172791075601135
0of4_g045,0/4,0,4,1,farm potatoes,0.19,0.10991286243061635,0.35442832185075374,0.345080691258149
0of4_g045,0/4,0,4,1,go to the opera,0.16,0.11072431981482225,0.33259888441694446,0.3237467634923598
0of4_g045,0/4,0,4,1,live in caves,0.42,0.10870085683075964,0.247454421567823,0.23365677349010022
0of4_g045,0/4,0,4,1,look to their left when spoken to,0.27,0.10902553034787574,0.35114362758534867,0.3413145486857472
0of4_g045,0/4,0,4,1,paint their hands yellow,0.17,0.10859242352527451,0.30146939348317403,0.28694071503561763
0of4_g045,0/4,0,4,1,play banjos,0.14,0.10969973180290862,0.3146342045914353,0.3042428304404757
0of4_g045,0/4,0,4,1,ride lions,0.24,0.1084647522005892,0.17637584591228045,0.1638910582212909
0of4_g045,0/4,0,4,1,scream out windows,0.17,0.1084163155100881,0.2235167082887384,0.20800882940094997
0of4_g045,0/4,0,4,1,sing beautiful songs,0.13,0.11110268026918128,0.5444015553661246,0.5317324767316013
0of4_g045,0/4,0,4,1,smell garbage for fun,0.37,0.10821589895106083,0.18834557603861457,0.17353655293955866
0of4_g045,0/4,0,4,1,smile when they are sad,0.52,0.10988264901259542,0.321544109024202,0.3116623054168167
0of4_g045,0/4,0,4,1,wash their clothes in ponds,0.22,0.11085849348190793,0.43588189514529563,0.42605327324083425
0of4_g045,0/4,0,4,1,yell at stray cats,0.18,0.10824635821996925,0.17404746377816943,0.16081851990957652
0of4_g046,0/4,0,4,1,chug maple syrup,0.4,0.1130937520802916,0.29778994338739934,0.2891483241977819
0of4_g046,0/4,0,4,1,clap three times before entering a room,0.33,0.1091448255823719,0.3149388325023617,0.30458415967404256
0of4_g046,0/4,0,4,1,dance around a fire on their 10th birthday,0.81,0.10846721643909911,0.4312764925954806,0.42166526382997277
0of4_g046,0/4,0,4,1,farm potatoes,0.13,0.11193342942762353,0.35477037924166394,0.34815059976035967
0of4_g046,0/4,0,4,1,go to the opera,0.61,0.11150038744678169,0.3327214905535817,0.32657812264777963
0of4_g046,0/4,0,4,1,live in caves,0.17,0.10939047572821421,0.24762844709913023,0.2380483843731337
0of4_g046,0/4,0,4,1,look to their left when spoken to,0.51,0.10828522189005543,0.3510115438169918,0.34434395349537517
0of4_g046,0/4,0,4,1,paint their hands yellow,0.09,0.10812312607230128,0.301344842587992,0.2914428293998582
0of4_g046,0/4,0,4,1,play banjos,0.24,0.11116321259955908,0.31490790339311914,0.30761250660753764
0of4_g046,0/4,0,4,1,ride lions,0.38,0.10958746001304184,0.17663069283444044,0.16790267055098254
0of4_g046,0/4,0,4,1,scream out windows,0.16,0.10840606434670226,0.22351381806432216,0.21286548999251234
0of4_g046,0/4,0,4,1,sing beautiful songs,0.55,0.11224665960926704,0.5446596059815537,0.5358196171306386
0of4_g046,0/4,0,4,1,smell garbage for fun,0.61,0.1091717390422737,0.18860408540368456,0.1782757918426614
0of4_g046,0/4,0,4,1,smile when they are sad,0.7,0.10876343569966233,0.3213443596560632,0.31468537860278956
0of4_g046,0/4,0,4,1,wash their clothes in ponds,0.17,0.1119047374380838,0.43606870901813577,0.4292160443132589
0of4_g046,0/4,0,4,1,yell at stray cats,0.09,0.10852108461539119,0.17411360425001376,0.16498744115334937
0of4_g047,0/4,0,4,1,chug maple syrup,0.5,0.11109878992933794,0.2973545463574002,0.2941584383337121
0of4_g047,0/4,0,4,1,clap three times before entering a room,0.5,0.1098079198660203,0.3151226786080635,0.31110052426073054
0of4_g047,0/4,0,4,1,dance around a fire on their 10th birthday,0.5,0.10815062247554263,0.4311960403619363,0.42752580704293364
0of4_g047,0/4,0,4,1,farm potatoes,0.5,0.11022601548503952,0.3544813348500308,0.35202488089033623
0of4_g047,0/4,0,4,1,go to the opera,0.5,0.1106155242970344,0.3325816964843854,0.3302535019770799
0of4_g047,0/4,0,4,1,live in caves,0.5,0.10865991674042927,0.24744409032400438,0.24383083072647824
0of4_g047,0/4,0,4,1,look to their left when spoken to,0.5,0.10857832860382986,0.35106383909861,0.3484920678893011
0of4_g047,0/4,0,4,1,paint their hands yellow,0.5,0.1082360799667304,0.30137482039540675,0.2975767461701257
0of4_g047,0/4,0,4,1,play banjos,0.5,0.10981194226422711,0.3146551900863387,0.3119181686212913
0of4_g047,0/4,0,4,1,ride lions,0.5,0.10851252648311575,0.1763866903445764,0.17310156486951594
0of4_g047,0/4,0,4,1,scream out windows,0.5,0.10815438958088214,0.2234428606006912,0.2193723451988137
0of4_g047,0/4,0,4,1,sing beautiful songs,0.5,0.11108952248982558,0.5443985873290793,0.5410645788837048
0of4_g047,0/4,0,4,1,smell garbage for fun,0.5,0.10823504711123534,0.18835075470686097,0.1844602324523417
0of4_g047,0/4,0,4,1,smile when they are sad,0.5,0.10933090486670173,0.32144563758605615,0.3188641725281444
0of4_g047,0/4,0,4,1,wash their clothes in ponds,0.5,0.1109157331851298,0.4358921156780652,0.4333283326987159
0of4_g047,0/4,0,4,1,yell at stray cats,0.52,0.10806212378418176,0.17400310927595916,0.17052807936815753
0of4_g048,0/4,0,4,1,chug maple syrup,0.03,0.10975460283845555,0.29706117985575836,0.2847455309692882
0of4_g048,0/4,0,4,1,clap three times before entering a room,0.13,0.1119319917377948,0.31571158783482967,0.2995820750502891
0of4_g048,0/4,0,4,1,dance around a fire on their 10th birthday,0.1,0.10901442201400018,0.4314155473968235,0.4169498798701771
0of4_g048,0/4,0,4,1,farm potatoes,0.23,0.10899019918588697,0.3542721261974306,0.34478055257227336
0of4_g048,0/4,0,4,1,go to the opera,0.06,0.1112691249305231,0.33268495481558696,0.32354972721963965
0of4_g048,0/4,0,4,1,live in caves,0.05,0.10845671402158708,0.24739281205822583,0.23324504696938705
0of4_g048,0/4,0,4,1,look to their left when spoken to,0.08,0.11010935620242567,0.35133700076864716,0.34109916553502995
0of4_g048,0/4,0,4,1,paint their hands yellow,0.1,0.10924996971886265,0.3016439053338481,0.2865771560871643
0of4_g048,0/4,0,4,1,play banjos,0.06,0.10959216901548781,0.3146140883001316,0.3039713234464425
0of4_g048,0/4,0,4,1,ride lions,0.04,0.10835412647704652,0.17635073463680528,0.16355210168470843
0of4_g048,0/4,0,4,1,scream out windows,0.02,0.10909099909432027,0.22370692932951117,0.2076465346461922
0of4_g048,0/4,0,4,1,sing beautiful songs,0.1,0.11143072958391138,0.5444755543664481,0.5314391139895063
0of4_g048,0/4,0,4,1,smell garbage for fun,0.04,0.10802853969331637,0.18829490425449008,0.1731160057391158
0of4_g048,0/4,0,4,1,smile when they are sad,0.16,0.11126738272526566,0.3217912466171434,0.31146088921926274
0of4_g048,0/4,0,4,1,wash their clothes in ponds,0.11,0.1101158264805932,0.435749286973055,0.42572287530530667
0of4_g048,0/4,0,4,1,yell at stray cats,0.05,0.10871989338930296,0.17416146752901585,0.16049667189843367
4of4_g049,4/4,4,4,1,chug maple syrup,0.26,0.887716442103213,0.466850002218409,0.4011793318635465
4of4_g049,4/4,4,4,1,clap three times before entering a room,0.05,0.8896883646006969,0.5313483138051818,0.45172320399794175
4of4_g049,4/4,4,4,1,dance around a fire on their 10th birthday,0.51,0.8911354000600038,0.6301665876213552,0.5556726148592248
4of4_g049,4/4,4,4,1,farm potatoes,0.05,0.8884529338514838,0.48622567672375694,0.43497323618976236
4of4_g049,4/4,4,4,1,go to the opera,0.1,0.8888846082445976,0.45553562693770444,0.4097946957531454
4of4_g049,4/4,4,4,1,live in caves,0.01,0.8900629641496591,0.4446313788284804,0.3686700968958194
4of4_g049,4/4,4,4,1,look to their left when spoken to,0.1,0.8907515497295778,0.49061700165235056,0.43870471677357903
4of4_g049,4/4,4,4,1,paint their hands yellow,0.5,0.8908096177836979,0.5090687553686207,0.43071639532081624
4of4_g049,4/4,4,4,1,play banjos,0.24,0.8893950413345248,0.4604520878091207,0.40525547202711415
4of4_g049,4/4,4,4,1,ride lions,0.02,0.8905534759035276,0.3539045865882043,0.2863773992590808
4of4_g049,4/4,4,4,1,scream out windows,0.25,0.8911384463565312,0.4441982571587164,0.3616136761376102
4of4_g049,4/4,4,4,1,sing beautiful songs,0.995,0.8883650103154017,0.7197307904231842,0.6542455786891784
4of4_g049,4/4,4,4,1,smell garbage for fun,0.05,0.8906810344107243,0.39996524675195255,0.31899674478068385
4of4_g049,4/4,4,4,1,smile when they are sad,0.01,0.8900969159249819,0.46079129723013723,0.40928588066352506
4of4_g049,4/4,4,4,1,wash their clothes in ponds,0.49,0.8874543091970558,0.5745482846702956,0.5202352801616853
4of4_g049,4/4,4,4,1,yell at stray cats,0.2,0.8911734104444728,0.36253741420427926,0.2917105118613769
0of4_g050,0/4,0,4,1,chug maple syrup,0.01,0.1098643830679048,0.2970851392004667,0.28511572842779315
0of4_g050,0/4,0,4,1,clap three times before entering a room,0.05,0.11086397747610487,0.3154154757016269,0.29999007148212387
0of4_g050,0/4,0,4,1,dance around a fire on their 10th birthday,0.05,0.10835191827511009,0.43124719325347083,0.41733572289925225
0of4_g050,0/4,0,4,1,farm potatoes,0.3,0.10934906971398634,0.35433287860836177,0.34508260388858186
0of4_g050,0/4,0,4,1,go to the opera,0.25,0.110149665356711,0.33250809830487266,0.3237657293216208
0of4_g050,0/4,0,4,1,live in caves,0.01,0.10874392493432113,0.24746528981640542,0.23370042715455963
0of4_g050,0/4,0,4,1,look to their left when spoken to,0.15,0.10935899547561675,0.35120312350251986,0.34137297140572354
0of4_g050,0/4,0,4,1,paint their hands yellow,0.01,0.10899044578201518,0.301575028039819,0.2870222031330409
0of4_g050,0/4,0,4,1,play banjos,0.1,0.10902824341960483,0.31450862346575503,0.3042527468352351
0of4_g050,0/4,0,4,1,ride lions,0.01,0.10807341107871968,0.17628701417946724,0.16391445593851114
0of4_g050,0/4,0,4,1,scream out windows,0.1,0.10841636582866217,0.22351672247561316,0.2080746968270048
0of4_g050,0/4,0,4,1,sing beautiful songs,0.75,0.11037814778235304,0.544238120549102,0.5317497618692939
0of4_g050,0/4,0,4,1,smell garbage for fun,0.05,0.10801069775483588,0.18829007885719756,0.17357199452203126
0of4_g050,0/4,0,4,1,smile when they are sad,0.05,0.11032960037482542,0.32162387777888224,0.3117288666207793
0of4_g050,0/4,0,4,1,wash their clothes in ponds,0.2,0.1109281523631395,0.4358943332055623,0.42607860334204234
0of4_g050,0/4,0,4,1,yell at stray cats,0.1,0.10814850414589229,0.17402390537701395,0.16086674213799335
4of4_g051,4/4,4,4,1,chug maple syrup,0.22,0.8872776168125689,0.46675422935968913,0.4711351442705276
4of4_g051,4/4,4,4,1,clap three times before entering a room,0.86,0.8891869573520378,0.5312092962140039,0.5375084644042432
4of4_g051,4/4,4,4,1,dance around a fire on their 10th birthday,0.89,0.8906349273135884,0.6300394084742076,0.6355284827193575
4of4_g051,4/4,4,4,1,farm potatoes,0.51,0.8885105801803519,0.4862354355453537,0.48964165795396036
4of4_g051,4/4,4,4,1,go to the opera,0.1,0.8875043785825308,0.45531757296976505,0.45872658408379097
4of4_g051,4/4,4,4,1,live in caves,0.56,0.8906046653602481,0.4447680772880651,0.45002581723434604
4of4_g051,4/4,4,4,1,look to their left when spoken to,0.54,0.890469080109725,0.49056660421133474,0.49452110422218537
4of4_g051,4/4,4,4,1,paint their hands yellow,0.96,0.8910887188781977,0.509142828413224,0.5149147800851955
4of4_g051,4/4,4,4,1,play banjos,0.54,0.8884564499916738,0.46027655333924783,0.4641756755006502
4of4_g051,4/4,4,4,1,ride lions,0.4,0.8901299735076306,0.3538084544682309,0.35853564984442854
4of4_g051,4/4,4,4,1,scream out windows,0.09,0.8906576651983819,0.4440627051837988,0.45016886530981254
4of4_g051,4/4,4,4,1,sing beautiful songs,0.97,0.886924856581031,0.7194059309222782,0.7242243952408345
4of4_g051,4/4,4,4,1,smell garbage for fun,0.98,0.8906839145586863,0.3999660256952379,0.4055870342601447
4of4_g051,4/4,4,4,1,smile when they are sad,0.92,0.8897155187198234,0.46072322812314936,0.46474584481448883
4of4_g051,4/4,4,4,1,wash their clothes in ponds,0.79,0.8885846861919768,0.5747501210612675,0.5784196811113866
4of4_g051,4/4,4,4,1,yell at stray cats,0.01,0.8907135165404285,0.3624266945926267,0.3675865560709989
4of4_g052,4/4,4,4,1,chug maple syrup,0.76,0.8870114656161928,0.4666961423226105,0.4449505783521432
4of4_g052,4/4,4,4,1,clap three times before entering a room,0.42,0.8864348912518336,0.5304462725420569,0.4991781335832892
4of4_g052,4/4,4,4,1,dance around a fire on their 10th birthday,0.94,0.8887520255942144,0.6295609292032627,0.6021387342296235
4of4_g052,4/4,4,4,1,farm potatoes,0.61,0.888844778470375,0.4862920112467788,0.46965991861788914
4of4_g052,4/4,4,4,1,go to the opera,0.51,0.8845496677403399,0.4548507764351299,0.43740597590684055
4of4_g052,4/4,4,4,1,live in caves,0.32,0.8908582893197858,0.4448320793687415,0.41955281932800065
4of4_g052,4/4,4,4,1,look to their left when spoken to,0.5,0.8884196665440378,0.49020095356420496,0.4706355259380861
4of4_g052,4/4,4,4,1,paint their hands yellow,0.66,0.8901445648611097,0.5088922512424486,0.4808656776961269
4of4_g052,4/4,4,4,1,play banjos,0.74,0.8867187801483052,0.4599515759600157,0.44022414565837004
4of4_g052,4/4,4,4,1,ride lions,0.66,0.889059560443593,0.3535654780929139,0.3300061452009444
4of4_g052,4/4,4,4,1,scream out windows,0.24,0.8887512308193586,0.4435252029528004,0.41304158008590147
4of4_g052,4/4,4,4,1,sing beautiful songs,0.67,0.8840990897900493,0.7187685148135071,0.6940779677792599
4of4_g052,4/4,4,4,1,smell garbage for fun,0.22,0.8902239895980505,0.3998416378288502,0.37223978420581866
4of4_g052,4/4,4,4,1,smile when they are sad,0.39,0.8872537613081967,0.4602838708694418,0.44036615817383434
4of4_g052,4/4,4,4,1,wash their clothes in ponds,0.44,0.8900274295277978,0.575007732556644,0.5578353255215316
4of4_g052,4/4,4,4,1,yell at stray cats,0.12,0.8890281035403893,0.36202093084755965,0.33626553016369576
4of4_g053,4/4,4,4,1,chug maple syrup,0.005,0.8871749998730175,0.4667318333905791,0.3999853799630891
4of4_g053,4/4,4,4,1,clap three times before entering a room,0.995,0.8898541154558444,0.5313942690335512,0.45913060544663836
4of4_g053,4/4,4,4,1,dance around a fire on their 10th birthday,0.06,0.8910334830682891,0.6301406886764497,0.5595336953624562
4of4_g053,4/4,4,4,1,farm potatoes,0.22,0.8881355484019757,0.4861719472315241,0.4344670862055203
4of4_g053,4/4,4,4,1,go to the opera,0.01,0.8883777005008409,0.45545554371101893,0.4113962493813307
4of4_g053,4/4,4,4,1,live in caves,0.07,0.8901557984244466,0.4446548055849876,0.3707282262292804
4of4_g053,4/4,4,4,1,look to their left when spoken to,0.14,0.8908794403287531,0.49063981953602864,0.4426436395890163
4of4_g053,4/4,4,4,1,paint their hands yellow,0.01,0.8910535471677566,0.5091334938899003,0.43574058400426446
4of4_g053,4/4,4,4,1,play banjos,0.3,0.8888851716985822,0.46035673246951403,0.405903149242792
4of4_g053,4/4,4,4,1,ride lions,0.03,0.8902669744331063,0.35383955273244827,0.2876781909353739
4of4_g053,4/4,4,4,1,scream out windows,0.1,0.8910599492458551,0.4441761255959521,0.36610770949570215
4of4_g053,4/4,4,4,1,sing beautiful songs,0.81,0.8877669824445096,0.7195958916057669,0.6558205788799679
4of4_g053,4/4,4,4,1,smell garbage for fun,0.05,0.8905570320708481,0.3999317100061691,0.320779039054181
4of4_g053,4/4,4,4,1,smile when they are sad,0.1,0.8902711547522894,0.4608223941580041,0.4138225505294344
4of4_g053,4/4,4,4,1,wash their clothes in ponds,0.27,0.8876563930948448,0.5745843681051024,0.5209586152242618
4of4_g053,4/4,4,4,1,yell at stray cats,0.005,0.891044352895061,0.36250634355597094,0.2949328334123268
4of4_g054,4/4,4,4,1,chug maple syrup,0.05,0.88764392788242,0.46683417611546724,0.3638852639475344
4of4_g054,4/4,4,4,1,clap three times before entering a room,0.02,0.8879750861652939,0.5308732990507208,0.40006189846475904
4of4_g054,4/4,4,4,1,dance around a fire on their 10th birthday,0.05,0.889970423791367,0.6298705461498594,0.5090070551520082
4of4_g054,4/4,4,4,1,farm potatoes,0.15,0.8890634041142911,0.48632902190638805,0.4083900379999002
4of4_g054,4/4,4,4,1,go to the opera,0.13,0.886504927995282,0.4551596759383517,0.37711316057376854
4of4_g054,4/4,4,4,1,live in caves,0.02,0.8908975362456761,0.44484198334201636,0.3314040286094696
4of4_g054,4/4,4,4,1,look to their left when spoken to,0.2,0.8896129600342495,0.4904138576574622,0.40677011195924073
4of4_g054,4/4,4,4,1,paint their hands yellow,0.05,0.8907124092293772,0.5090429563527018,0.3881012332767763
4of4_g054,4/4,4,4,1,play banjos,0.05,0.8880631422557275,0.46020299729651204,0.3694584597097226
4of4_g054,4/4,4,4,1,ride lions,0.005,0.8899587100267597,0.3537695788404904,0.24614574568981484
4of4_g054,4/4,4,4,1,scream out windows,0.05,0.8899703080724963,0.44386891095058456,0.3099348296251897
4of4_g054,4/4,4,4,1,sing beautiful songs,0.5,0.8860316519423411,0.7192044482567778,0.6075292098135806
4of4_g054,4/4,4,4,1,smell garbage for fun,0.01,0.8907343505393657,0.3999796662335057,0.27455992889695596
4of4_g054,4/4,4,4,1,smile when they are sad,0.1,0.8886388258097219,0.4605310674992656,0.37669387316377234
4of4_g054,4/4,4,4,1,wash their clothes in ponds,0.1,0.8894145808881901,0.5748983043232438,0.4976809597211954
4of4_g054,4/4,4,4,1,yell at stray cats,0.1,0.8901591653265101,0.36229323435193983,0.2479520743211994
4of4_g055,4/4,4,4,1,chug maple syrup,0.12,0.888008420502027,0.466913725997633,0.4328733026454513
4of4_g055,4/4,4,4,1,clap three times before entering a room,0.64,0.8879099911469853,0.5308552511412278,0.4927537811495356
4of4_g055,4/4,4,4,1,dance around a fire on their 10th birthday,0.94,0.8900588964659361,0.6298930286514104,0.5932027230123613
4of4_g055,4/4,4,4,1,farm potatoes,0.05,0.8893875041614131,0.48638388809824246,0.4608079982953861
4of4_g055,4/4,4,4,1,go to the opera,0.21,0.886670076040564,0.45518576665902005,0.4309665441758136
4of4_g055,4/4,4,4,1,live in caves,0.3,0.8910727323134406,0.44488619412117014,0.40918620437717573
4of4_g055,4/4,4,4,1,look to their left when spoken to,0.4,0.889610018102412,0.49041333276619664,0.4656404845030956
4of4_g055,4/4,4,4,1,paint their hands yellow,0.07,0.8907500192548404,0.5090529380014612,0.47268046932688307
4of4_g055,4/4,4,4,1,play banjos,0.22,0.8883125668118922,0.46024964444233657,0.43139425369097534
4of4_g055,4/4,4,4,1,ride lions,0.25,0.8901709422930637,0.35381775409967237,0.3199031605700138
4of4_g055,4/4,4,4,1,scream out windows,0.9,0.8900488343255812,0.443891050729792,0.4033462188524567
4of4_g055,4/4,4,4,1,sing beautiful songs,0.67,0.8862411079258086,0.71925169582808,0.6841530962782445
4of4_g055,4/4,4,4,1,smell garbage for fun,0.4,0.8909318180696909,0.40003307182546155,0.36055143270964124
4of4_g055,4/4,4,4,1,smile when they are sad,0.88,0.8885911978550874,0.4605225671948696,0.4359914298569388
4of4_g055,4/4,4,4,1,wash their clothes in ponds,0.64,0.8896430109231068,0.5749390920374704,0.5499512057894165
4of4_g055,4/4,4,4,1,yell at stray cats,0.16,0.8902711635055889,0.3623201979511186,0.32736607547224483
4of4_g056,4/4,4,4,1,chug maple syrup,0.61,0.8888537730069651,0.4670982227159173,0.42868573049046543
4of4_g056,4/4,4,4,1,clap three times before entering a room,0.58,0.8868013683568908,0.5305478800966009,0.4756258537016599
4of4_g056,4/4,4,4,1,dance around a fire on their 10th birthday,0.48,0.889696863521985,0.6298010295537957,0.5813756111420365
4of4_g056,4/4,4,4,1,farm potatoes,0.59,0.8899227461364838,0.4864744980477118,0.4574204376616666
4of4_g056,4/4,4,4,1,go to the opera,0.24,0.8868816720137853,0.45521919540122796,0.42389494716778214
4of4_g056,4/4,4,4,1,live in caves,0.5,0.8908033486378243,0.4448182150715129,0.4011735663703915
4of4_g056,4/4,4,4,1,look to their left when spoken to,0.51,0.8887479412311641,0.49025952341745166,0.45595082495239236
4of4_g056,4/4,4,4,1,paint their hands yellow,0.68,0.889916687289167,0.508831772849912,0.4602249564797481
4of4_g056,4/4,4,4,1,play banjos,0.59,0.8887942900684722,0.46033973587255617,0.4251328238322214
4of4_g056,4/4,4,4,1,ride lions,0.12,0.8903544489857872,0.35385940885197537,0.3122437973468085
4of4_g056,4/4,4,4,1,scream out windows,0.13,0.8896345553833231,0.4437742484636508,0.38997857511313433
4of4_g056,4/4,4,4,1,sing beautiful songs,0.68,0.8866650847936856,0.7193473334745389,0.6749385928479402
4of4_g056,4/4,4,4,1,smell garbage for fun,0.75,0.8909286111247724,0.4000322044991145,0.3517407865258346
4of4_g056,4/4,4,4,1,smile when they are sad,0.24,0.8875362009073349,0.46033427871467847,0.42540046739675486
4of4_g056,4/4,4,4,1,wash their clothes in ponds,0.51,0.8894184907431677,0.5748990024540634,0.5457219953067448
4of4_g056,4/4,4,4,1,yell at stray cats,0.36,0.8900080897489724,0.36225686285597514,0.316791342884043
0of4_g057,0/4,0,4,1,chug maple syrup,0.15,0.11189283232550788,0.2975278447334223,0.2846494403708474
0of4_g057,0/4,0,4,1,clap three times before entering a room,0.08,0.1124592292012578,0.31585776697832113,0.2993706119040259
0of4_g057,0/4,0,4,1,dance around a fire on their 10th birthday,0.2,0.11018324552353122,0.4317125665215867,0.41679205962554944
0of4_g057,0/4,0,4,1,farm potatoes,0.3,0.11009207232265801,0.3544586599034824,0.34466587879542804
0of4_g057,0/4,0,4,1,go to the opera,0.5,0.11431071513060606,0.33316547688390763,0.32351756143899607
0of4_g057,0/4,0,4,1,live in caves,0.2,0.10811413832704368,0.24730636298109654,0.23299429460389806
0of4_g057,0/4,0,4,1,look to their left when spoken to,0.41,0.1105097300619985,0.3514084343549656,0.34095766892101315
0of4_g057,0/4,0,4,1,paint their hands yellow,0.25,0.10881532076956206,0.3015285501036367,0.2863132876119183
0of4_g057,0/4,0,4,1,play banjos,0.4,0.1121803403995936,0.315098125677324,0.30391228563003153
0of4_g057,0/4,0,4,1,ride lions,0.12,0.10988112737263812,0.1766973532975653,0.1634263901470344
0of4_g057,0/4,0,4,1,scream out windows,0.1,0.11018402802634504,0.22401509912332812,0.2074667593401399
0of4_g057,0/4,0,4,1,sing beautiful songs,0.65,0.11475320377560264,0.5452250141511407,0.5314064833300031
0of4_g057,0/4,0,4,1,smell garbage for fun,0.12,0.10873726658858768,0.18848658123203985,0.17291499138689714
0of4_g057,0/4,0,4,1,smile when they are sad,0.4,0.11165493856912878,0.32186041487491485,0.3113189904590719
0of4_g057,0/4,0,4,1,wash their clothes in ponds,0.41,0.10893033036667202,0.4355376086938436,0.4255045338345034
0of4_g057,0/4,0,4,1,yell at stray cats,0.24,0.10991205029749605,0.17444847970452698,0.16034791665347506
0of4_g058,0/4,0,4,1,chug maple syrup,0.15,0.11134686624011027,0.29740868858203934,0.28426688821706747
0of4_g058,0/4,0,4,1,clap three times before entering a room,0.25,0.11022094891763017,0.31523719291553487,0.29878072632370584
0of4_g058,0/4,0,4,1,dance around a fire on their 10th birthday,0.1,0.10854673115279835,0.43129669871768483,0.4162921423304783
0of4_g058,0/4,0,4,1,farm potatoes,0.25,0.11009429214392291,0.3544590356921949,0.34440177435937847
0of4_g058,0/4,0,4,1,go to the opera,0.15,0.1117111054130714,0.332754780584892,0.3231512820427008
0of4_g058,0/4,0,4,1,live in caves,0.25,0.10821522626595094,0.24733187255216837,0.23262472547481766
0of4_g058,0/4,0,4,1,look to their left when spoken to,0.3,0.1088160883166594,0.3511062595228294,0.34060751969212394
0of4_g058,0/4,0,4,1,paint their hands yellow,0.1,0.10803222246820898,0.30132071689714657,0.2858647646397074
0of4_g058,0/4,0,4,1,play banjos,0.15,0.11051878454664804,0.3147873830649694,0.3035297839405488
0of4_g058,0/4,0,4,1,ride lions,0.05,0.10881323180238091,0.17645494837595543,0.16300974377583324
0of4_g058,0/4,0,4,1,scream out windows,0.25,0.10853674836530847,0.2235506632620009,0.20691201684397365
0of4_g058,0/4,0,4,1,sing beautiful songs,0.3,0.11222445938600986,0.5446545982151776,0.5308839316587044
0of4_g058,0/4,0,4,1,smell garbage for fun,0.15,0.10820160719008201,0.18834171079578754,0.17246493131346238
0of4_g058,0/4,0,4,1,smile when they are sad,0.35,0.1096493546906692,0.321502472284488,0.3109522711867457
0of4_g058,0/4,0,4,1,wash their clothes in ponds,0.2,0.11000067807118528,0.43572872645255123,0.4252903291243543
0of4_g058,0/4,0,4,1,yell at stray cats,0.1,0.10842086644930465,0.17408947669291405,0.1598835411650196
4of4_g059,4/4,4,4,1,chug maple syrup,0.64,0.8870540365323965,0.4667054333512501,0.4646248404637682
4of4_g059,4/4,4,4,1,clap three times before entering a room,0.76,0.890079331944084,0.5314567113970639,0.5307330087999511
4of4_g059,4/4,4,4,1,dance around a fire on their 10th birthday,0.65,0.8911521359412463,0.6301708405104854,0.6288744160400563
4of4_g059,4/4,4,4,1,farm potatoes,0.41,0.8876856315812901,0.48609578179180435,0.4847007983405436
4of4_g059,4/4,4,4,1,go to the opera,0.5,0.8890563379898275,0.45556275746053687,0.4543805612332871
4of4_g059,4/4,4,4,1,live in caves,0.64,0.8894764354510815,0.44448336813913636,0.4431880874301527
4of4_g059,4/4,4,4,1,look to their left when spoken to,0.97,0.8909119160291915,0.4906456137598399,0.490053403734929
4of4_g059,4/4,4,4,1,paint their hands yellow,0.89,0.8906680883076992,0.5090311936413652,0.5081780222590622
4of4_g059,4/4,4,4,1,play banjos,0.48,0.8892011606148177,0.4604158284193324,0.4588663519381142
4of4_g059,4/4,4,4,1,ride lions,0.47,0.8902445191005216,0.353834455526985,0.3522409061587707
4of4_g059,4/4,4,4,1,scream out windows,0.37,0.8911718678072166,0.4442076800397262,0.4428224288246569
4of4_g059,4/4,4,4,1,sing beautiful songs,0.32,0.8884601022500295,0.7197522405765158,0.7178863773574431
4of4_g059,4/4,4,4,1,smell garbage for fun,0.75,0.890243217657139,0.3998468381059595,0.3981646384689852
4of4_g059,4/4,4,4,1,smile when they are sad,0.93,0.890402739942445,0.4608458785628859,0.46035893064755234
4of4_g059,4/4,4,4,1,wash their clothes in ponds,0.46,0.8865103557394437,0.574379735451773,0.5734472084431923
4of4_g059,4/4,4,4,1,yell at stray cats,0.13,0.8911183603568279,0.3625241608772143,0.3612164594066106
0of4_g060,0/4,0,4,1,chug maple syrup,0.51,0.11358455716445816,0.2978970607459178,0.28633949174343293
0of4_g060,0/4,0,4,1,clap three times before entering a room,0.24,0.10843180864442412,0.3147411450986642,0.3009969697156045
0of4_g060,0/4,0,4,1,dance around a fire on their 10th birthday,0.75,0.1081746349098158,0.43120214235436977,0.4184242947041044
0of4_g060,0/4,0,4,1,farm potatoes,0.5,0.11256906106276504,0.3548779839382756,0.34601454231950257
0of4_g060,0/4,0,4,1,go to the opera,0.38,0.11095498409157345,0.3326353256427707,0.32448030555257346
0of4_g060,0/4,0,4,1,live in caves,0.5,0.10982804670456814,0.24773886826352365,0.23492782225816455
0of4_g060,0/4,0,4,1,look to their left when spoken to,0.64,0.10784400505378161,0.35093282314078994,0.34207174731762013
0of4_g060,0/4,0,4,1,paint their hands yellow,0.38,0.1080467003924522,0.30132455931822394,0.2881298206529622
0of4_g060,0/4,0,4,1,play banjos,0.24,0.11107700435835745,0.314891780808958,0.3051795789259192
0of4_g060,0/4,0,4,1,ride lions,0.24,0.10967094658439891,0.17664964370974037,0.16501719199186127
0of4_g060,0/4,0,4,1,scream out windows,0.23,0.10809589788312583,0.22342636938631488,0.2092708657459963
0of4_g060,0/4,0,4,1,sing beautiful songs,0.5,0.1117813177046298,0.5445546375082003,0.5328131102881934
0of4_g060,0/4,0,4,1,smell garbage for fun,0.23,0.10942439077318349,0.18867241570196536,0.17488710115285888
0of4_g060,0/4,0,4,1,smile when they are sad,0.26,0.10815327140934634,0.32123546179893175,0.312392195691771
0of4_g060,0/4,0,4,1,wash their clothes in ponds,0.59,0.11275410551048871,0.436220369381989,0.42702014980821545
0of4_g060,0/4,0,4,1,yell at stray cats,0.11,0.10831253732200544,0.1740633964191819,0.16192437790999573
0of4_g061,0/4,0,4,1,chug maple syrup,0.75,0.11284586420303647,0.2977358422880486,0.34540346747120515
0of4_g061,0/4,0,4,1,clap three times before entering a room,0.66,0.10924369223585584,0.31496624376147675,0.37745337656378936
0of4_g061,0/4,0,4,1,dance around a fire on their 10th birthday,0.76,0.10846387482331152,0.43127564343066793,0.4879266266176405
0of4_g061,0/4,0,4,1,farm potatoes,0.33,0.11151905190435317,0.354700230172283,0.39286680164777804
0of4_g061,0/4,0,4,1,go to the opera,0.08,0.1117973943367845,0.3327684128395247,0.36601549903495323
0of4_g061,0/4,0,4,1,live in caves,0.24,0.1089028621698505,0.24750539767446966,0.30664746766894146
0of4_g061,0/4,0,4,1,look to their left when spoken to,0.3,0.10825655783787232,0.3510064296568215,0.39153687651682434
0of4_g061,0/4,0,4,1,paint their hands yellow,0.995,0.10784152891876196,0.3012701070927707,0.3632399432848975
0of4_g061,0/4,0,4,1,play banjos,0.15,0.11121525105009275,0.3149176355751779,0.35501544187122547
0of4_g061,0/4,0,4,1,ride lions,0.01,0.1094600554145344,0.17660177287019102,0.22691340143377514
0of4_g061,0/4,0,4,1,scream out windows,0.005,0.1084018308270502,0.22351262446107883,0.28648441432282246
0of4_g061,0/4,0,4,1,sing beautiful songs,0.76,0.11253440958700466,0.5447245145478564,0.5918381708790239
0of4_g061,0/4,0,4,1,smell garbage for fun,0.38,0.10888363712399837,0.18852616751275963,0.2499997299137399
0of4_g061,0/4,0,4,1,smile when they are sad,0.995,0.10880318989948766,0.32135145470774307,0.3617979019394404
0of4_g061,0/4,0,4,1,wash their clothes in ponds,0.995,0.11113889232092754,0.43593196223791575,0.47884263781442915
0of4_g061,0/4,0,4,1,yell at stray cats,0.005,0.10848442705473696,0.17410477892999088,0.22779961433569923
4of4_g062,4/4,4,4,1,chug maple syrup,0.35,0.8863835075462778,0.4665590915627882,0.4187004863323192
4of4_g062,4/4,4,4,1,clap three times before entering a room,0.8,0.8894830829067767,0.5312913984600646,0.478289116608872
4of4_g062,4/4,4,4,1,dance around a fire on their 10th birthday,0.7,0.8904813360667356,0.6300003781695128,0.5786367909330183
4of4_g062,4/4,4,4,1,farm potatoes,0.3,0.887734084454091,0.4861039842732251,0.45035908174026873
4of4_g062,4/4,4,4,1,go to the opera,0.5,0.8870956449637719,0.45525299966732846,0.42099504566170753
4of4_g062,4/4,4,4,1,live in caves,0.85,0.8902461634353925,0.4446776092220392,0.3952676494945298
4of4_g062,4/4,4,4,1,look to their left when spoken to,0.25,0.8905912060668129,0.4905883935836646,0.4561254885388256
4of4_g062,4/4,4,4,1,paint their hands yellow,0.25,0.8911176079409067,0.5091504955305257,0.4588625761791737
4of4_g062,4/4,4,4,1,play banjos,0.35,0.8878434009035568,0.4601619014755712,0.41943467631689
4of4_g062,4/4,4,4,1,ride lions,0.5,0.889636573570856,0.3536964560890567,0.30610501816432756
4of4_g062,4/4,4,4,1,scream out windows,0.25,0.8905332902889903,0.4440276387833952,0.38729936880429017
4of4_g062,4/4,4,4,1,sing beautiful songs,0.65,0.8863944835423617,0.719286293194358,0.6695788749660881
4of4_g062,4/4,4,4,1,smell garbage for fun,0.1,0.8902459999797189,0.39984759059212344,0.3447462943908435
4of4_g062,4/4,4,4,1,smile when they are sad,0.8,0.8899657726017165,0.4607678916865691,0.4266665116821196
4of4_g062,4/4,4,4,1,wash their clothes in ponds,0.75,0.8880921419438296,0.5746621739835344,0.5403539989620441
4of4_g062,4/4,4,4,1,yell at stray cats,0.1,0.8904952815048933,0.36237415443462295,0.31342858981936733
0of4_g063,0/4,0,4,1,chug maple syrup,0.23,0.11061700355467748,0.29724939731659217,0.290195259865507
0of4_g063,0/4,0,4,1,clap three times before entering a room,0.83,0.11082098922338013,0.31540355700009504,0.3070704918760503
0of4_g063,0/4,0,4,1,dance around a fire on their 10th birthday,0.51,0.10865914747552784,0.4313252657318781,0.4235318538757257
0of4_g063,0/4,0,4,1,farm potatoes,0.37,0.1094782574378986,0.3543547485170777,0.34900744710199677
0of4_g063,0/4,0,4,1,go to the opera,0.15,0.1116053275607753,0.3327380693946842,0.32766158620664304
0of4_g063,0/4,0,4,1,live in caves,0.61,0.10806366643573558,0.2472936263845018,0.23966387722288676
0of4_g063,0/4,0,4,1,look to their left when spoken to,0.76,0.1092186854498007,0.3511780897794113,0.3458172121544915
0of4_g063,0/4,0,4,1,paint their hands yellow,0.32,0.10831448323143103,0.3013956285134602,0.2935101509335034
0of4_g063,0/4,0,4,1,play banjos,0.12,0.11014584558316654,0.3147176363708961,0.3087221245286133
0of4_g063,0/4,0,4,1,ride lions,0.5,0.10854237726024303,0.1763934662648921,0.1692971429535438
0of4_g063,0/4,0,4,1,scream out windows,0.12,0.10868024596371602,0.22359112113463245,0.21496360665107375
0of4_g063,0/4,0,4,1,sing beautiful songs,0.1,0.11198815899464705,0.5446012952757969,0.5372791959019316
0of4_g063,0/4,0,4,1,smell garbage for fun,0.21,0.10797418730224213,0.1882802045131465,0.17995660947165507
0of4_g063,0/4,0,4,1,smile when they are sad,0.12,0.11019443834211529,0.3215997550041455,0.3162479302559791
0of4_g063,0/4,0,4,1,wash their clothes in ponds,0.75,0.10969626471528283,0.4356743714069381,0.4302739811760965
0of4_g063,0/4,0,4,1,yell at stray cats,0.08,0.10845970050061123,0.1740988260037915,0.16669791621306768
4of4_g064,4/4,4,4,1,chug maple syrup,0.4,0.8884291876996021,0.467005557708855,0.43538903228227793
4of4_g064,4/4,4,4,1,clap three times before entering a room,0.1,0.8867073663854672,0.5305218175941775,0.48970911478544044
4of4_g064,4/4,4,4,1,dance around a fire on their 10th birthday,0.7,0.8894629874825227,0.6297415974359629,0.5925078342069576
4of4_g064,4/4,4,4,1,farm potatoes,0.3,0.8897608511810903,0.48644709120293733,0.4624237576204071
4of4_g064,4/4,4,4,1,go to the opera,0.05,0.8861650510080414,0.4551059808702656,0.4311147227748376
4of4_g064,4/4,4,4,1,live in caves,0.6,0.8909907743066126,0.44486551199407676,0.40965603273791495
4of4_g064,4/4,4,4,1,look to their left when spoken to,0.5,0.8887009033082987,0.4902511310425678,0.46428487371467086
4of4_g064,4/4,4,4,1,paint their hands yellow,0.4,0.8901021440944215,0.5088809928296193,0.47124988838660153
4of4_g064,4/4,4,4,1,play banjos,0.8,0.8882209874529758,0.4602325173567938,0.4324394754481301
4of4_g064,4/4,4,4,1,ride lions,0.1,0.8900537615756746,0.35379115488585033,0.3207737352087466
4of4_g064,4/4,4,4,1,scream out windows,0.45,0.8894187607859578,0.44371340709465457,0.40242649365693195
4of4_g064,4/4,4,4,1,sing beautiful songs,0.4,0.8858853028858719,0.7191714358912864,0.6848756243045029
4of4_g064,4/4,4,4,1,smell garbage for fun,0.25,0.8908417479229628,0.400008712126955,0.3613906858339634
4of4_g064,4/4,4,4,1,smile when they are sad,0.7,0.8874835559830723,0.4603248830166148,0.4342031173813439
4of4_g064,4/4,4,4,1,wash their clothes in ponds,0.1,0.8898391850920487,0.5749741202505703,0.5507236093447788
4of4_g064,4/4,4,4,1,yell at stray cats,0.7,0.8897732936866448,0.36220033562521636,0.3270158978738189
4of4_g065,4/4,4,4,1,chug maple syrup,0.04,0.8898501352104108,0.4673156770390362,0.4602336527029369
4of4_g065,4/4,4,4,1,clap three times before entering a room,0.53,0.8871408934227923,0.5306420150675898,0.521776542287695
4of4_g065,4/4,4,4,1,dance around a fire on their 10th birthday,0.995,0.8903258825080601,0.6299608746178109,0.6218380219320814
4of4_g065,4/4,4,4,1,farm potatoes,0.89,0.8901452128370774,0.4865121589514493,0.4809371232573154
4of4_g065,4/4,4,4,1,go to the opera,0.61,0.8889255428139328,0.455542093937737,0.4506187187437446
4of4_g065,4/4,4,4,1,live in caves,0.31,0.890086166784444,0.4446372340201828,0.4362421519751197
4of4_g065,4/4,4,4,1,look to their left when spoken to,0.1,0.888890236063752,0.4902849112642436,0.48454213400437124
4of4_g065,4/4,4,4,1,paint their hands yellow,0.77,0.8893239178262095,0.5086744526539889,0.49996032547379476
4of4_g065,4/4,4,4,1,play banjos,0.5,0.8903327448629341,0.46062745624077195,0.45470166504472737
4of4_g065,4/4,4,4,1,ride lions,0.23,0.891086540401492,0.3540255885489212,0.34672333278439577
4of4_g065,4/4,4,4,1,scream out windows,0.23,0.8902170231158826,0.4439384700645515,0.43492081759821566
4of4_g065,4/4,4,4,1,sing beautiful songs,0.95,0.8888699043005924,0.7198446807698361,0.7128168558032608
4of4_g065,4/4,4,4,1,smell garbage for fun,0.04,0.8910219452213645,0.40005744694109946,0.3912312168931371
4of4_g065,4/4,4,4,1,smile when they are sad,0.89,0.8877353199694554,0.4603698160929274,0.45464228501613013
4of4_g065,4/4,4,4,1,wash their clothes in ponds,0.75,0.8879566223292903,0.5746379760477772,0.5685443686404958
4of4_g065,4/4,4,4,1,yell at stray cats,0.06,0.890620344156449,0.36240426330993253,0.35469419704694843
8of8_g066,8/8,8,8,1,chug maple syrup,0.26,0.9288647794642715,0.4758305554924849,0.4345327666004597
8of8_g066,8/8,8,8,1,clap three times before entering a room,0.6,0.9299717166242084,0.5425170685008022,0.49372823747634964
8of8_g066,8/8,8,8,1,dance around a fire on their 10th birthday,0.53,0.931307205730351,0.6403749676402959,0.5944494806109295
8of8_g066,8/8,8,8,1,farm potatoes,0.27,0.9300938092491284,0.49327496992454206,0.4625979707017678
8of8_g066,8/8,8,8,1,go to the opera,0.27,0.9283462447604506,0.461769927402441,0.4308800593749068
8of8_g066,8/8,8,8,1,live in caves,0.26,0.9318820445488831,0.45518443604909686,0.41232076380209404
8of8_g066,8/8,8,8,1,look to their left when spoken to,0.39,0.9311897845880748,0.49783187862611344,0.4666286275840198
8of8_g066,8/8,8,8,1,paint their hands yellow,0.34,0.9320056844323783,0.5200021345006971,0.47521141116988974
8of8_g066,8/8,8,8,1,play banjos,0.63,0.9294510518740559,0.46794332521380444,0.43200511610561027
8of8_g066,8/8,8,8,1,ride lions,0.36,0.9310573103519171,0.3630986773661963,0.32137969588902576
8of8_g066,8/8,8,8,1,scream out windows,0.38,0.9313259147825141,0.4555287567420342,0.40474240263008915
8of8_g066,8/8,8,8,1,sing beautiful songs,0.52,0.9278754540254871,0.7286432715825919,0.6840156537195476
8of8_g066,8/8,8,8,1,smell garbage for fun,0.29,0.9317095886202069,0.41106152278801444,0.36304220812452764
8of8_g066,8/8,8,8,1,smile when they are sad,0.44,0.9304809774751245,0.4679987622274727,0.43678831574020055
8of8_g066,8/8,8,8,1,wash their clothes in ponds,0.23,0.9305655879588053,0.5822460925295777,0.5528646917247482
8of8_g066,8/8,8,8,1,yell at stray cats,0.25,0.9314151009972527,0.37222561470240345,0.32866529670348804
8of8_g067,8/8,8,8,1,chug maple syrup,0.995,0.9289485513159771,0.47584883855385157,0.4832078252337124
8of8_g067,8/8,8,8,1,clap three times before entering a room,0.995,0.9306393102273444,0.5427021620646505,0.5517987963610139
8of8_g067,8/8,8,8,1,dance around a fire on their 10th birthday,0.995,0.9317615268551914,0.640490418828402,0.6487748851012676
8of8_g067,8/8,8,8,1,farm potatoes,0.02,0.9300265647871145,0.49326358625586697,0.4988836914329537
8of8_g067,8/8,8,8,1,go to the opera,0.02,0.9290628219408185,0.46188313500970263,0.46722059554916334
8of8_g067,8/8,8,8,1,live in caves,0.995,0.9318219971435113,0.45516928306871596,0.463333519229732
8of8_g067,8/8,8,8,1,look to their left when spoken to,0.995,0.9316846205256898,0.49792016587269045,0.5037140872865008
8of8_g067,8/8,8,8,1,paint their hands yellow,0.995,0.9322329483909861,0.5200624500411032,0.5286004214304447
8of8_g067,8/8,8,8,1,play banjos,0.21,0.9298793316989034,0.4680234217037033,0.47428345428191215
8of8_g067,8/8,8,8,1,ride lions,0.5,0.9313215515142914,0.3631586582857126,0.3706111061193169
8of8_g067,8/8,8,8,1,scream out windows,0.995,0.9317857367883915,0.4556583994702292,0.46484349553060805
8of8_g067,8/8,8,8,1,sing beautiful songs,0.01,0.9285638789643145,0.728798561519146,0.7364676884766426
8of8_g067,8/8,8,8,1,smell garbage for fun,0.995,0.9318251216864419,0.4110927689973664,0.41989111800719414
8of8_g067,8/8,8,8,1,smile when they are sad,0.005,0.9310772662791884,0.4681051836848157,0.4739327758772542
8of8_g067,8/8,8,8,1,wash their clothes in ponds,0.995,0.930213390467834,0.5821832053062829,0.5880275856641943
8of8_g067,8/8,8,8,1,yell at stray cats,0.995,0.9318224291327856,0.3723236790876557,0.3801700127953124
4of8_g068,4/8,4,8,1,chug maple syrup,0.5,0.48133743721409095,0.3781584890996683,0.35241837265509696
4of8_g068,4/8,4,8,1,clap three times before entering a room,0.13,0.5162159119950697,0.4278012652306392,0.3918713745676815
4of8_g068,4/8,4,8,1,dance around a fire on their 10th birthday,0.5,0.5035330015035738,0.5316698306374468,0.4995592526417695
4of8_g068,4/8,4,8,1,farm potatoes,0.21,0.4850878507330762,0.4179408793772163,0.3971928477836781
4of8_g068,4/8,4,8,1,go to the opera,0.5,0.4961502354288294,0.39348994664819764,0.3749605558335869
4of8_g068,4/8,4,8,1,live in caves,0.17,0.4982686895182701,0.34576197855894025,0.31285198514887846
4of8_g068,4/8,4,8,1,look to their left when spoken to,0.5,0.5115954054580438,0.42296902086540883,0.3997705169084067
4of8_g068,4/8,4,8,1,paint their hands yellow,0.34,0.5094402212647937,0.40785384480273756,0.3726283443362604
4of8_g068,4/8,4,8,1,play banjos,0.19,0.4898511282141742,0.38572976108546875,0.36359760698587495
4of8_g068,4/8,4,8,1,ride lions,0.26,0.49340896949025087,0.26375552555061005,0.23576123119279824
4of8_g068,4/8,4,8,1,scream out windows,0.13,0.504396992854213,0.33515994125109866,0.29942163857845083
4of8_g068,4/8,4,8,1,sing beautiful songs,0.995,0.49263934771467804,0.6304658472577189,0.6044140078565197
4of8_g068,4/8,4,8,1,smell garbage for fun,0.34,0.49530627273978634,0.2930351445896159,0.25879011577388483
4of8_g068,4/8,4,8,1,smile when they are sad,0.64,0.5150683021340735,0.3938588119093865,0.37062819358172217
4of8_g068,4/8,4,8,1,wash their clothes in ponds,0.16,0.4951762786824078,0.5045044123229379,0.4810521858473975
4of8_g068,4/8,4,8,1,yell at stray cats,0.26,0.501643465780135,0.26875794937335584,0.2384153689563126
8of8_g069,8/8,8,8,1,chug maple syrup,0.7,0.9290202700420092,0.4758644910414413,0.47861256815869413
8of8_g069,8/8,8,8,1,clap three times before entering a room,0.995,0.9311084205756058,0.5428322251835749,0.5463835143848541
8of8_g069,8/8,8,8,1,dance around a fire on their 10th birthday,0.5,0.9321068852165978,0.6405781806139907,0.6437638135959302
8of8_g069,8/8,8,8,1,farm potatoes,0.75,0.929825820547392,0.4932296027002703,0.4953678640148067
8of8_g069,8/8,8,8,1,go to the opera,0.5,0.9299004176422574,0.462015461586393,0.4639960662792738
8of8_g069,8/8,8,8,1,live in caves,0.85,0.9314668118042707,0.455079651944044,0.4582804658190782
8of8_g069,8/8,8,8,1,look to their left when spoken to,0.75,0.9319721883347429,0.49797147291839094,0.5002345405795651
8of8_g069,8/8,8,8,1,paint their hands yellow,0.65,0.9321536441984954,0.5200414028180598,0.5234150468971164
8of8_g069,8/8,8,8,1,play banjos,0.65,0.9303663290898028,0.4681144994975612,0.4704486267403364
8of8_g069,8/8,8,8,1,ride lions,0.5,0.9315168811600344,0.36320299676672435,0.3660370528000154
8of8_g069,8/8,8,8,1,scream out windows,0.5,0.9321271692653024,0.4557546633228402,0.4592924472239736
8of8_g069,8/8,8,8,1,sing beautiful songs,0.5,0.9294061451218343,0.7289885538491534,0.7318151424597439
8of8_g069,8/8,8,8,1,smell garbage for fun,0.5,0.9317727689321034,0.4110786100628248,0.4144708797247461
8of8_g069,8/8,8,8,1,smile when they are sad,0.9,0.9314601269448528,0.4681735139800042,0.4704529199961492
8of8_g069,8/8,8,8,1,wash their clothes in ponds,0.5,0.9294579704922352,0.5820483200049824,0.5843574858702427
8of8_g069,8/8,8,8,1,yell at stray cats,0.5,0.9321237659254197,0.3723962260215543,0.37540968306296274
8of8_g070,8/8,8,8,1,chug maple syrup,0.01,0.9288350316216533,0.4758240630774189,0.4533771879654296
8of8_g070,8/8,8,8,1,clap three times before entering a room,0.01,0.930265516142073,0.5425985258418596,0.5157369290796433
8of8_g070,8/8,8,8,1,dance around a fire on their 10th birthday,0.85,0.9314839181833344,0.6404198734602867,0.6153470409577483
8of8_g070,8/8,8,8,1,farm potatoes,0.05,0.9300087685442612,0.49326057356863245,0.47658374112249524
8of8_g070,8/8,8,8,1,go to the opera,0.12,0.9286139232972851,0.46181221628283037,0.44492825753447657
8of8_g070,8/8,8,8,1,live in caves,0.01,0.931833534836244,0.45517219460886554,0.4317928162949646
8of8_g070,8/8,8,8,1,look to their left when spoken to,0.03,0.9314024978977663,0.497869830341006,0.48076028965715234
8of8_g070,8/8,8,8,1,paint their hands yellow,0.35,0.9321046325904238,0.5200283952050395,0.4954985384587155
8of8_g070,8/8,8,8,1,play banjos,0.05,0.9295861741485631,0.4679685956544539,0.4484062085079841
8of8_g070,8/8,8,8,1,ride lions,0.01,0.9311321404654808,0.36311566328534195,0.34042314605558766
8of8_g070,8/8,8,8,1,scream out windows,0.05,0.9315069014094729,0.455579784313107,0.4278412624176083
8of8_g070,8/8,8,8,1,sing beautiful songs,0.16,0.9281242357165022,0.7286993899636014,0.7043218871499402
8of8_g070,8/8,8,8,1,smell garbage for fun,0.01,0.9317269044898019,0.4110662059086492,0.38493446485984395
8of8_g070,8/8,8,8,1,smile when they are sad,0.05,0.9307433065414844,0.46804558088540354,0.45088422451183224
8of8_g070,8/8,8,8,1,wash their clothes in ponds,0.05,0.9303858844243239,0.5822140052586869,0.5661450416110547
8of8_g070,8/8,8,8,1,yell at stray cats,0.4,0.9315681697389901,0.3722624660533178,0.3485035083855686
8of8_g071,8/8,8,8,1,chug maple syrup,0.47,0.9296861976953495,0.4760098285970034,0.468481373925424
8of8_g071,8/8,8,8,1,clap three times before entering a room,0.59,0.9302714517597138,0.5426001715206343,0.5333842142590615
8of8_g071,8/8,8,8,1,dance around a fire on their 10th birthday,0.37,0.9318031867827761,0.6405010053670265,0.6320265613001862
8of8_g071,8/8,8,8,1,farm potatoes,0.5,0.9305762588383372,0.4933566427658657,0.4875266049353034
8of8_g071,8/8,8,8,1,go to the opera,0.81,0.929449887982556,0.4619442851853401,0.45663500849560856
8of8_g071,8/8,8,8,1,live in caves,0.29,0.93189608943049,0.4551879802790952,0.4466146996051493
8of8_g071,8/8,8,8,1,look to their left when spoken to,0.28,0.9314443813539678,0.49787730307033723,0.491942350566675
8of8_g071,8/8,8,8,1,paint their hands yellow,0.79,0.9319930656306985,0.5199987854881777,0.5111141042644767
8of8_g071,8/8,8,8,1,play banjos,0.86,0.9304080789420535,0.46812230751564904,0.46179415248552963
8of8_g071,8/8,8,8,1,ride lions,0.22,0.9316690002503346,0.36323752674997983,0.3555814986649401
8of8_g071,8/8,8,8,1,scream out windows,0.22,0.9317978986440866,0.45566182839736197,0.44626436678332687
8of8_g071,8/8,8,8,1,sing beautiful songs,0.9,0.9290726915802191,0.7289133358022747,0.7212986287510414
8of8_g071,8/8,8,8,1,smell garbage for fun,0.11,0.9320589308746702,0.41115600328242313,0.4020171331344437
8of8_g071,8/8,8,8,1,smile when they are sad,0.89,0.9307346041827091,0.46804402774924386,0.46211102706572266
8of8_g071,8/8,8,8,1,wash their clothes in ponds,0.8,0.9303097721809415,0.5822004149073421,0.5760140311371347
8of8_g071,8/8,8,8,1,yell at stray cats,0.11,0.93191811781362,0.3723467161696617,0.3643047319478266
8of8_g072,8/8,8,8,1,chug maple syrup,0.02,0.9291837976153948,0.4759001806507609,0.4218952387678333
8of8_g072,8/8,8,8,1,clap three times before entering a room,0.1,0.9306035372984608,0.5426922438466429,0.47930478786249586
8of8_g072,8/8,8,8,1,dance around a fire on their 10th birthday,0.25,0.9318287534510792,0.6405075023183459,0.580594781042378
8of8_g072,8/8,8,8,1,farm potatoes,0.38,0.9301742291379553,0.4932885840325574,0.4528165460106209
8of8_g072,8/8,8,8,1,go to the opera,0.25,0.9292889847480257,0.4619188650761308,0.4222364872773987
8of8_g072,8/8,8,8,1,live in caves,0.1,0.9318144420222497,0.45516737653164674,0.39818622275241033
8of8_g072,8/8,8,8,1,look to their left when spoken to,0.02,0.9316639695867381,0.49791648138981304,0.4571429563638688
8of8_g072,8/8,8,8,1,paint their hands yellow,0.01,0.9321687975466945,0.5200454244957212,0.46089884604501763
8of8_g072,8/8,8,8,1,play banjos,0.1,0.9301044585175802,0.46806552470952323,0.42148016739899835
8of8_g072,8/8,8,8,1,ride lions,0.01,0.9314589374300374,0.3631898439400633,0.3086058603989402
8of8_g072,8/8,8,8,1,scream out windows,0.25,0.9318440008593751,0.4556748265072598,0.38940970348680826
8of8_g072,8/8,8,8,1,sing beautiful songs,0.75,0.9288260533379075,0.7288577009249768,0.6715724854160352
8of8_g072,8/8,8,8,1,smell garbage for fun,0.01,0.9318998679994522,0.41111298432636884,0.34782228851832186
8of8_g072,8/8,8,8,1,smile when they are sad,0.25,0.931038537873286,0.46809827170966434,0.427440949472899
8of8_g072,8/8,8,8,1,wash their clothes in ponds,0.25,0.9301638158203146,0.5821743534205985,0.5427655251242426
8of8_g072,8/8,8,8,1,yell at stray cats,0.02,0.9318999518365355,0.37234234270458555,0.3154502650086709
8of8_g073,8/8,8,8,1,chug maple syrup,0.02,0.9295194372344525,0.4759734334155905,0.4307893155318914
8of8_g073,8/8,8,8,1,clap three times before entering a room,0.01,0.9298154493180222,0.5424737426323708,0.4823812391721191
8of8_g073,8/8,8,8,1,dance around a fire on their 10th birthday,0.27,0.9314482214829466,0.6404108022851951,0.5861260061099544
8of8_g073,8/8,8,8,1,farm potatoes,0.03,0.930593243459901,0.49335951805549794,0.46005098108866943
8of8_g073,8/8,8,8,1,go to the opera,0.05,0.9287648892752438,0.4618360664661893,0.4250729220700634
8of8_g073,8/8,8,8,1,live in caves,0.01,0.9320222857807567,0.4552198259651477,0.40750089129751416
8of8_g073,8/8,8,8,1,look to their left when spoken to,0.22,0.9311216136381361,0.49781971575553535,0.460256341160892
8of8_g073,8/8,8,8,1,paint their hands yellow,0.01,0.9319270520052274,0.5199812655632462,0.4675989866933634
8of8_g073,8/8,8,8,1,play banjos,0.09,0.9299642762050901,0.4680393079453309,0.42677205846161603
8of8_g073,8/8,8,8,1,ride lions,0.01,0.9314212742468554,0.36318129465751064,0.31563927003290104
8of8_g073,8/8,8,8,1,scream out windows,0.12,0.9314449304806507,0.45556231216045096,0.3954051286378653
8of8_g073,8/8,8,8,1,sing beautiful songs,0.29,0.9283876463632326,0.7287588082390174,0.6761405014507014
8of8_g073,8/8,8,8,1,smell garbage for fun,0.01,0.9319789286501471,0.4111343664788869,0.3569983959712308
8of8_g073,8/8,8,8,1,smile when they are sad,0.35,0.9303408167592263,0.4679737473227043,0.4298368168695282
8of8_g073,8/8,8,8,1,wash their clothes in ponds,0.02,0.9307068518054772,0.582271316136494,0.5507462168427016
8of8_g073,8/8,8,8,1,yell at stray cats,0.17,0.9315947499971856,0.37226886525939373,0.3211765155375248
8of8_g074,8/8,8,8,1,chug maple syrup,0.25,0.9287735793700107,0.4758106512300618,0.47636526354927783
8of8_g074,8/8,8,8,1,clap three times before entering a room,0.85,0.9299586751775084,0.5425134526964622,0.5440410126190723
8of8_g074,8/8,8,8,1,dance around a fire on their 10th birthday,0.995,0.9312555579685435,0.6403618430129395,0.6414776695308766
8of8_g074,8/8,8,8,1,farm potatoes,0.24,0.9301119467425774,0.4932780403813475,0.4937446699070671
8of8_g074,8/8,8,8,1,go to the opera,0.15,0.9280974920219337,0.4617306284921508,0.46236647705350975
8of8_g074,8/8,8,8,1,live in caves,0.93,0.9320250822931166,0.455220531665863,0.4561617397799553
8of8_g074,8/8,8,8,1,look to their left when spoken to,0.68,0.9312044151109035,0.4978344889631532,0.498730348173897
8of8_g074,8/8,8,8,1,paint their hands yellow,0.75,0.9321242681878652,0.5200336064654528,0.521279510492428
8of8_g074,8/8,8,8,1,play banjos,0.88,0.9292762374962524,0.4679106315933405,0.4685404630677539
8of8_g074,8/8,8,8,1,ride lions,0.85,0.9309955038803989,0.36308464772387855,0.3638874988766937
8of8_g074,8/8,8,8,1,scream out windows,0.79,0.9312805426138037,0.45551596446228126,0.45677292399975866
8of8_g074,8/8,8,8,1,sing beautiful songs,0.51,0.9276047531691963,0.7285822088342404,0.7294256363508401
8of8_g074,8/8,8,8,1,smell garbage for fun,0.27,0.9317378510796285,0.4110691664414954,0.4120415457942367
8of8_g074,8/8,8,8,1,smile when they are sad,0.84,0.9304874120087262,0.4679999106180488,0.4689571780663971
8of8_g074,8/8,8,8,1,wash their clothes in ponds,0.2,0.9308219692713003,0.5822918711318132,0.5828972087971281
8of8_g074,8/8,8,8,1,yell at stray cats,0.19,0.9313664372825821,0.3722138988967741,0.37323017503179223
8of8_g075,8/8,8,8,1,chug maple syrup,0.24,0.9293546653531546,0.4759374722382267,0.44515477178983304
8of8_g075,8/8,8,8,1,clap three times before entering a room,0.14,0.930684269393124,0.5427146272113845,0.5054600989197932
8of8_g075,8/8,8,8,1,dance around a fire on their 10th birthday,0.995,0.9319451015314728,0.6405370684630415,0.6058934106682664
8of8_g075,8/8,8,8,1,farm potatoes,0.25,0.9303180763518045,0.49331293561443107,0.4700603850225943
8of8_g075,8/8,8,8,1,go to the opera,0.5,0.9294683475946693,0.46194720150555735,0.43932539175151797
8of8_g075,8/8,8,8,1,live in caves,0.03,0.9319084521411013,0.4551911000127488,0.42192289107594816
8of8_g075,8/8,8,8,1,look to their left when spoken to,0.22,0.9317487999133724,0.49793161657987395,0.4740665731715976
8of8_g075,8/8,8,8,1,paint their hands yellow,0.16,0.9322388642457734,0.5200640201007847,0.4852762541533173
8of8_g075,8/8,8,8,1,play banjos,0.35,0.9302757777355423,0.46809756466848196,0.44157673871884034
8of8_g075,8/8,8,8,1,ride lions,0.01,0.9315983091996017,0.3632214803695203,0.33191095127008247
8of8_g075,8/8,8,8,1,scream out windows,0.39,0.9319571906939451,0.4557067393752175,0.41734489769399685
8of8_g075,8/8,8,8,1,sing beautiful songs,0.76,0.9290174072091332,0.7289008651522529,0.6963430177189717
8of8_g075,8/8,8,8,1,smell garbage for fun,0.01,0.9320183598965625,0.4111450307589986,0.374588353159446
8of8_g075,8/8,8,8,1,smile when they are sad,0.25,0.931117392957714,0.46811234521389,0.4442272089672362
8of8_g075,8/8,8,8,1,wash their clothes in ponds,0.79,0.9302536994062742,0.5821904027374896,0.5589923909633066
8of8_g075,8/8,8,8,1,yell at stray cats,0.23,0.9320195411474137,0.37237113387129117,0.3395213019621963
8of8_g076,8/8,8,8,1,chug maple syrup,0.01,0.9299672776653699,0.47607117381304204,0.44476264363669354
8of8_g076,8/8,8,8,1,clap three times before entering a room,0.01,0.9301744766088548,0.5425732846897946,0.5008506442373061
8of8_g076,8/8,8,8,1,dance around a fire on their 10th birthday,0.5,0.9318502993038198,0.6405129775079457,0.6029877681998594
8of8_g076,8/8,8,8,1,farm potatoes,0.05,0.9308187456202255,0.49339769282560925,0.469985473453241
8of8_g076,8/8,8,8,1,go to the opera,0.2,0.9295796611013378,0.46196478723964307,0.43711406625919635
8of8_g076,8/8,8,8,1,live in caves,0.75,0.9320096601307684,0.4552166398786651,0.4211778614006542
8of8_g076,8/8,8,8,1,look to their left when spoken to,0.5,0.9314045626901725,0.4978701987355029,0.47168928158828494
8of8_g076,8/8,8,8,1,paint their hands yellow,0.01,0.9319854284119649,0.5199967585808848,0.48289875097864626
8of8_g076,8/8,8,8,1,play banjos,0.05,0.930601781498293,0.46815853358547327,0.4399865560782469
8of8_g076,8/8,8,8,1,ride lions,0.01,0.9318232854241799,0.3632725484192452,0.3303701910300647
8of8_g076,8/8,8,8,1,scream out windows,0.05,0.9318357860600432,0.45567251041759177,0.41405783108027067
8of8_g076,8/8,8,8,1,sing beautiful songs,0.75,0.9292422384880816,0.7289515809719076,0.6934397656378898
8of8_g076,8/8,8,8,1,smell garbage for fun,0.01,0.9321957949469777,0.4111930185162037,0.37324774628098706
8of8_g076,8/8,8,8,1,smile when they are sad,0.1,0.9306531708996126,0.4680294941061429,0.4414826268093077
8of8_g076,8/8,8,8,1,wash their clothes in ponds,0.05,0.9304672226680079,0.5822285287474229,0.5592694357332977
8of8_g076,8/8,8,8,1,yell at stray cats,0.1,0.931985730181957,0.3723629938700168,0.3370176145814142
8of8_g077,8/8,8,8,1,chug maple syrup,0.23,0.9288511628647909,0.47582758369326067,0.48125334979226436
8of8_g077,8/8,8,8,1,clap three times before entering a room,0.39,0.929534714732087,0.5423959076070468,0.5492594940230803
8of8_g077,8/8,8,8,1,dance around a fire on their 10th birthday,0.995,0.9310078487402079,0.6402988956324359,0.6465098122325486
8of8_g077,8/8,8,8,1,farm potatoes,0.75,0.9302710757965975,0.49330497899269604,0.49741124694900374
8of8_g077,8/8,8,8,1,go to the opera,0.46,0.9277009769633767,0.4616679855246488,0.465728643887494
8of8_g077,8/8,8,8,1,live in caves,0.85,0.932130136332531,0.45524704208356265,0.46119614752142934
8of8_g077,8/8,8,8,1,look to their left when spoken to,0.995,0.9309068243240045,0.49778139364572616,0.5021222292387987
8of8_g077,8/8,8,8,1,paint their hands yellow,0.51,0.9320082504610739,0.5200028155211652,0.5263078854081865
8of8_g077,8/8,8,8,1,play banjos,0.995,0.9290931093772792,0.46787638314482494,0.4725752818985118
8of8_g077,8/8,8,8,1,ride lions,0.04,0.9309063013940339,0.36306439937533497,0.36860648233431526
8of8_g077,8/8,8,8,1,scream out windows,0.89,0.9310265808402843,0.4554443621971538,0.462330756922624
8of8_g077,8/8,8,8,1,sing beautiful songs,0.995,0.9272398238645196,0.7284998907115608,0.7343287428136634
8of8_g077,8/8,8,8,1,smell garbage for fun,0.52,0.9317389421106196,0.41106946151358054,0.417554229395163
8of8_g077,8/8,8,8,1,smile when they are sad,0.995,0.93011363989901,0.46793320238479164,0.4723163798356119
8of8_g077,8/8,8,8,1,wash their clothes in ponds,0.995,0.9311263256661167,0.5823462160066425,0.5865324023222324
8of8_g077,8/8,8,8,1,yell at stray cats,0.49,0.9311555312031973,0.37216312318742184,0.3780336445134524
4of8_g078,4/8,4,8,1,chug maple syrup,0.03,0.5239075175662475,0.38744933531611914,0.3468356200860926
4of8_g078,4/8,4,8,1,clap three times before entering a room,0.01,0.49558588029516837,0.42208148890009484,0.3744312458659613
4of8_g078,4/8,4,8,1,dance around a fire on their 10th birthday,0.05,0.5062244757380192,0.53235378276103,0.486743318631604
4of8_g078,4/8,4,8,1,farm potatoes,0.05,0.5182536577724406,0.4235554466942705,0.3938257357173237
4of8_g078,4/8,4,8,1,go to the opera,0.1,0.5168194250025793,0.3967553443747615,0.3655772561146976
4of8_g078,4/8,4,8,1,live in caves,0.01,0.504797329020158,0.34740948265464194,0.3066295704566161
4of8_g078,4/8,4,8,1,look to their left when spoken to,0.03,0.4983049572465215,0.42059777619788463,0.39007130138433144
4of8_g078,4/8,4,8,1,paint their hands yellow,0.01,0.4969846243974277,0.40454814661488453,0.36160971242913753
4of8_g078,4/8,4,8,1,play banjos,0.03,0.5197025605309231,0.39131254787183434,0.3552493888653364
4of8_g078,4/8,4,8,1,ride lions,0.01,0.5141190238783728,0.26845656491280095,0.22703140795221288
4of8_g078,4/8,4,8,1,scream out windows,0.05,0.5054014410784496,0.3354431365015569,0.2850620874007588
4of8_g078,4/8,4,8,1,sing beautiful songs,0.15,0.5199492581920939,0.6366262200538602,0.5915752519430645
4of8_g078,4/8,4,8,1,smell garbage for fun,0.01,0.5102400757639163,0.2970740293082401,0.2501100126333221
4of8_g078,4/8,4,8,1,smile when they are sad,0.1,0.4959129696980109,0.39044010208313923,0.3599900979586779
4of8_g078,4/8,4,8,1,wash their clothes in ponds,0.01,0.5040930092502811,0.5060965543473905,0.4792866404381181
4of8_g078,4/8,4,8,1,yell at stray cats,0.04,0.5075679107973889,0.2701842614983892,0.2269220916809747
4of8_g079,4/8,4,8,1,chug maple syrup,0.67,0.5115397862714396,0.3847500994078029,0.36497328456032874
4of8_g079,4/8,4,8,1,clap three times before entering a room,0.76,0.50085012226808,0.4235410255151095,0.4015793092733213
4of8_g079,4/8,4,8,1,dance around a fire on their 10th birthday,0.1,0.5049458318875037,0.532028856307834,0.5104550555355308
4of8_g079,4/8,4,8,1,farm potatoes,0.09,0.507258859358225,0.42169416119137937,0.40785156748291773
4of8_g079,4/8,4,8,1,go to the opera,0.2,0.5127051188397755,0.39610535053042284,0.3802489297402635
4of8_g079,4/8,4,8,1,live in caves,0.77,0.4998761016120965,0.34616760947289926,0.3284909351580416
4of8_g079,4/8,4,8,1,look to their left when spoken to,0.62,0.5009412034590419,0.4210681278876268,0.40712026844954824
4of8_g079,4/8,4,8,1,paint their hands yellow,0.25,0.49795908267253614,0.4048067664938406,0.3861438689532828
4of8_g079,4/8,4,8,1,play banjos,0.23,0.5119915938852726,0.3898704501445742,0.3718845237591967
4of8_g079,4/8,4,8,1,ride lions,0.25,0.5076682527849407,0.2669922844112442,0.24718561920737306
4of8_g079,4/8,4,8,1,scream out windows,0.21,0.5045428897183578,0.335201075575383,0.3114462917317068
4of8_g079,4/8,4,8,1,sing beautiful songs,0.77,0.5141338622603263,0.635314424948326,0.6122180545792509
4of8_g079,4/8,4,8,1,smell garbage for fun,0.26,0.5043275418518176,0.2954749695893368,0.2738773383710926
4of8_g079,4/8,4,8,1,smile when they are sad,0.77,0.500453755318561,0.3912505097579563,0.37732504495991476
4of8_g079,4/8,4,8,1,wash their clothes in ponds,0.85,0.4971571813523568,0.5048581157754723,0.4939342270260454
4of8_g079,4/8,4,8,1,yell at stray cats,0.23,0.5052889601740916,0.2696356033714432,0.24917079486549407
4of8_g080,4/8,4,8,1,chug maple syrup,0.37,0.4939022365136765,0.38090073475829334,0.36479906096439985
4of8_g080,4/8,4,8,1,clap three times before entering a room,0.52,0.4868087221657875,0.41964797924542385,0.3946544176274055
4of8_g080,4/8,4,8,1,dance around a fire on their 10th birthday,0.56,0.48866662952503137,0.5278920175138531,0.5062901216661386
4of8_g080,4/8,4,8,1,farm potatoes,0.9,0.5054289287513852,0.42138437622020575,0.4083605515425634
4of8_g080,4/8,4,8,1,go to the opera,0.69,0.46843270233309714,0.3891110246186803,0.37670671900442276
4of8_g080,4/8,4,8,1,live in caves,0.2,0.5152149485245414,0.3500383719961304,0.32868229607784194
4of8_g080,4/8,4,8,1,look to their left when spoken to,0.26,0.49282159552531035,0.41961945010725243,0.4037364263638236
4of8_g080,4/8,4,8,1,paint their hands yellow,0.61,0.5069794749970591,0.40720076614543704,0.38348002050943764
4of8_g080,4/8,4,8,1,play banjos,0.67,0.48011686153892,0.38390926769028,0.3695045923636374
4of8_g080,4/8,4,8,1,ride lions,0.2,0.4921950184863452,0.26347996705394067,0.2452297906681916
4of8_g080,4/8,4,8,1,scream out windows,0.16,0.48902135666029756,0.33082491726696117,0.30673368229646214
4of8_g080,4/8,4,8,1,sing beautiful songs,0.87,0.4675950591058338,0.6248165371154459,0.6075433631431093
4of8_g080,4/8,4,8,1,smell garbage for fun,0.18,0.5024669264045607,0.2949717614457032,0.2727033088295775
4of8_g080,4/8,4,8,1,smile when they are sad,0.05,0.4898851273555257,0.3893642949199847,0.3732868330868353
4of8_g080,4/8,4,8,1,wash their clothes in ponds,0.42,0.5295437062905392,0.5106409469362396,0.49575879394324696
4of8_g080,4/8,4,8,1,yell at stray cats,0.08,0.4899638063107851,0.26594606743861293,0.24565729149438847
8of8_g081,8/8,8,8,1,chug maple syrup,0.75,0.9287663685418038,0.47580907747930984,0.4819024534994289
8of8_g081,8/8,8,8,1,clap three times before entering a room,0.75,0.9299197062538175,0.542502648373396,0.5500377571848944
8of8_g081,8/8,8,8,1,dance around a fire on their 10th birthday,0.75,0.9312344099534902,0.6403564689210682,0.6472270554650288
8of8_g081,8/8,8,8,1,farm potatoes,0.75,0.9300529603615737,0.49326805470524016,0.4978811165776412
8of8_g081,8/8,8,8,1,go to the opera,0.75,0.9281655581469291,0.46174138183925345,0.4662331145074599
8of8_g081,8/8,8,8,1,live in caves,0.75,0.9319107624788888,0.45519168302716795,0.46183507124617945
8of8_g081,8/8,8,8,1,look to their left when spoken to,0.75,0.931153360385389,0.4978253799215542,0.5026095197210457
8of8_g081,8/8,8,8,1,paint their hands yellow,0.75,0.9320251226472326,0.5200072933760448,0.5269873702543346
8of8_g081,8/8,8,8,1,play banjos,0.75,0.9293106864581377,0.46791707420578127,0.4731480460560997
8of8_g081,8/8,8,8,1,ride lions,0.75,0.9309777424339868,0.3630806159981695,0.3692537774477857
8of8_g081,8/8,8,8,1,scream out windows,0.75,0.9312565701310145,0.4555092056337983,0.46312383854946626
8of8_g081,8/8,8,8,1,sing beautiful songs,0.75,0.9276829824557822,0.7285998552329477,0.7350599147263184
8of8_g081,8/8,8,8,1,smell garbage for fun,0.75,0.9316778406602609,0.4110529364721198,0.41828521568891275
8of8_g081,8/8,8,8,1,smile when they are sad,0.75,0.930439920972782,0.46799143474994354,0.4728096800040432
8of8_g081,8/8,8,8,1,wash their clothes in ponds,0.75,0.9306499795102129,0.5822611612068784,0.5869622126389947
8of8_g081,8/8,8,8,1,yell at stray cats,0.75,0.9313437857583569,0.37220844553471927,0.3787116465073964
8of8_g082,8/8,8,8,1,chug maple syrup,0.77,0.9284903854328731,0.4757488446443656,0.4727880931165903
8of8_g082,8/8,8,8,1,clap three times before entering a room,0.34,0.9312890209853337,0.5428822975229622,0.5384120206754819
8of8_g082,8/8,8,8,1,dance around a fire on their 10th birthday,0.72,0.9320276799277111,0.6405580531222095,0.636741539562581
8of8_g082,8/8,8,8,1,farm potatoes,0.03,0.9294126534621886,0.4931596585433163,0.49083341730676017
8of8_g082,8/8,8,8,1,go to the opera,0.02,0.929606293786825,0.46196899477329273,0.4596350388138037
8of8_g082,8/8,8,8,1,live in caves,0.04,0.9313582755126294,0.45505226277897215,0.4513815986979203
8of8_g082,8/8,8,8,1,look to their left when spoken to,0.68,0.93207127093321,0.4979891509590048,0.495200924394519
8of8_g082,8/8,8,8,1,paint their hands yellow,0.65,0.9322494717030514,0.5200668353052806,0.5159903912636723
8of8_g082,8/8,8,8,1,play banjos,0.87,0.9299777357739897,0.46804182514124315,0.4653907302333389
8of8_g082,8/8,8,8,1,ride lions,0.07,0.9312405985615997,0.36314028252435737,0.3598972517819532
8of8_g082,8/8,8,8,1,scream out windows,0.26,0.9320666772686959,0.4557376081419794,0.45148567398431116
8of8_g082,8/8,8,8,1,sing beautiful songs,0.87,0.9290345908917069,0.7289047413235334,0.7256239518061628
8of8_g082,8/8,8,8,1,smell garbage for fun,0.995,0.9315659722801136,0.4110226813863695,0.40714025532349285
8of8_g082,8/8,8,8,1,smile when they are sad,0.13,0.9316244475948673,0.46820284078092167,0.46535203353161153
8of8_g082,8/8,8,8,1,wash their clothes in ponds,0.03,0.9293283875547207,0.5820251821027099,0.5794483645120067
8of8_g082,8/8,8,8,1,yell at stray cats,0.07,0.9320097400816448,0.3723687742614199,0.3687897568684019
8of8_g083,8/8,8,8,1,chug maple syrup,0.62,0.9294679510906954,0.4759621966539972,0.4768884796455168
8of8_g083,8/8,8,8,1,clap three times before entering a room,0.95,0.931060140306586,0.5428188392448624,0.5442868969298277
8of8_g083,8/8,8,8,1,dance around a fire on their 10th birthday,0.97,0.9322399657571397,0.6406119987784548,0.6418488254934376
8of8_g083,8/8,8,8,1,farm potatoes,0.68,0.9301193943577456,0.49327930117191604,0.49395778612450597
8of8_g083,8/8,8,8,1,go to the opera,0.45,0.9303059361174183,0.46207952694813076,0.46291556673977513
8of8_g083,8/8,8,8,1,live in caves,0.11,0.9314775383408933,0.455082358788711,0.4561045229652929
8of8_g083,8/8,8,8,1,look to their left when spoken to,0.25,0.9319511931199926,0.4979677270107867,0.4988557433855524
8of8_g083,8/8,8,8,1,paint their hands yellow,0.99,0.9320590607581651,0.5200163005037645,0.5212225059294124
8of8_g083,8/8,8,8,1,play banjos,0.39,0.9307804017503688,0.4681919389769629,0.4690891241414305
8of8_g083,8/8,8,8,1,ride lions,0.03,0.9317795060980557,0.3632626108144711,0.3642911238402801
8of8_g083,8/8,8,8,1,scream out windows,0.34,0.9322444067466259,0.4557877173888292,0.45716341311107916
8of8_g083,8/8,8,8,1,sing beautiful songs,0.98,0.9298762051508949,0.729094586603013,0.730277097048473
8of8_g083,8/8,8,8,1,smell garbage for fun,0.78,0.9319273792405233,0.4111204248109509,0.41228410585414604
8of8_g083,8/8,8,8,1,smile when they are sad,0.68,0.9314071243716855,0.4681640544512642,0.46908644076660655
8of8_g083,8/8,8,8,1,wash their clothes in ponds,0.41,0.9293989415009438,0.5820377799828319,0.5826846035688885
8of8_g083,8/8,8,8,1,yell at stray cats,0.5,0.9322759652294696,0.37243286805505377,0.3735844347226728
8of8_g084,8/8,8,8,1,chug maple syrup,0.02,0.9301569265453227,0.47611256435222327,0.451144508402346
8of8_g084,8/8,8,8,1,clap three times before entering a room,0.01,0.9305502267903821,0.5426774632497582,0.5128106555647234
8of8_g084,8/8,8,8,1,dance around a fire on their 10th birthday,0.05,0.9321644190570944,0.6405928010000534,0.6127094638157058
8of8_g084,8/8,8,8,1,farm potatoes,0.05,0.9307709675270974,0.4933896045761712,0.4745963410701284
8of8_g084,8/8,8,8,1,go to the opera,0.25,0.9303150821599884,0.462080971874963,0.44372942249483394
8of8_g084,8/8,8,8,1,live in caves,0.01,0.9317713285426162,0.45515649683239917,0.42843907688884175
8of8_g084,8/8,8,8,1,look to their left when spoken to,0.01,0.931644410140582,0.49791299164803315,0.4787750094511208
8of8_g084,8/8,8,8,1,paint their hands yellow,0.01,0.9319288314892549,0.5199817378358469,0.49212774431373585
8of8_g084,8/8,8,8,1,play banjos,0.1,0.9310816049037647,0.4682482697073261,0.4467500810037339
8of8_g084,8/8,8,8,1,ride lions,0.005,0.9320546462455966,0.36332506572837275,0.3380485634259203
8of8_g084,8/8,8,8,1,scream out windows,0.1,0.9321437193860699,0.45575932948231246,0.42489548619966316
8of8_g084,8/8,8,8,1,sing beautiful songs,0.2,0.9299936060196509,0.7291210690449355,0.7026651997640188
8of8_g084,8/8,8,8,1,smell garbage for fun,0.005,0.9322185589766399,0.411199175105479,0.38176115240100034
8of8_g084,8/8,8,8,1,smile when they are sad,0.005,0.9309609745168195,0.4680844287440153,0.4489412647862353
8of8_g084,8/8,8,8,1,wash their clothes in ponds,0.05,0.9299139641717287,0.5821297407336317,0.5634972946805077
8of8_g084,8/8,8,8,1,yell at stray cats,0.25,0.9322707408614711,0.37243161028670585,0.3459822293277417
8of8_g085,8/8,8,8,1,chug maple syrup,0.33,0.9285094071775595,0.47575299610715793,0.4335218181633401
8of8_g085,8/8,8,8,1,clap three times before entering a room,0.41,0.9296744656918109,0.5424346542383283,0.49023906532495054
8of8_g085,8/8,8,8,1,dance around a fire on their 10th birthday,0.22,0.9309789873358095,0.6402915614292787,0.5919093818400485
8of8_g085,8/8,8,8,1,farm potatoes,0.57,0.9299415691960498,0.49324919753717494,0.46224513506398324
8of8_g085,8/8,8,8,1,go to the opera,0.59,0.9276486740535825,0.46165972251065285,0.428549721640093
8of8_g085,8/8,8,8,1,live in caves,0.38,0.9319417014001276,0.45519949047302904,0.4118827616068776
8of8_g085,8/8,8,8,1,look to their left when spoken to,0.34,0.93096522101615,0.4977918126205152,0.46482407106381096
8of8_g085,8/8,8,8,1,paint their hands yellow,0.38,0.9319899317992201,0.5199979537736361,0.4736691305612102
8of8_g085,8/8,8,8,1,play banjos,0.26,0.928916715413483,0.4678433941116748,0.4301046044728345
8of8_g085,8/8,8,8,1,ride lions,0.39,0.9307357140003134,0.36302567721470974,0.3197277297065987
8of8_g085,8/8,8,8,1,scream out windows,0.27,0.9310073989760084,0.4554389540409872,0.40191268849435136
8of8_g085,8/8,8,8,1,sing beautiful songs,0.58,0.9271439073253452,0.7284782545498782,0.6807665925207054
8of8_g085,8/8,8,8,1,smell garbage for fun,0.33,0.9315574919317274,0.41102038785474526,0.36176666324697676
8of8_g085,8/8,8,8,1,smile when they are sad,0.46,0.930227092484046,0.4679534506090691,0.43473422676306644
8of8_g085,8/8,8,8,1,wash their clothes in ponds,0.49,0.9308428189629798,0.5822955939840477,0.5533320768222177
8of8_g085,8/8,8,8,1,yell at stray cats,0.26,0.9310982421785957,0.3721493308355336,0.3264241234855731
4of8_g086,4/8,4,8,1,chug maple syrup,0.05,0.5026626558286501,0.38281268108241906,0.33327031354581205
4of8_g086,4/8,4,8,1,clap three times before entering a room,0.05,0.4932669822124204,0.4214385631615605,0.36193693559800333
4of8_g086,4/8,4,8,1,dance around a fire on their 10th birthday,0.29,0.49674546765239247,0.5299449959234466,0.47366323996447063
4of8_g086,4/8,4,8,1,farm potatoes,0.49,0.503166692374816,0.42100140714581347,0.383519438831768
4of8_g086,4/8,4,8,1,go to the opera,0.21,0.49642325059741377,0.3935330786301088,0.3570880825433197
4of8_g086,4/8,4,8,1,live in caves,0.26,0.5012841192228168,0.34652292313048605,0.292856634771651
4of8_g086,4/8,4,8,1,look to their left when spoken to,0.1,0.4951721725400743,0.4200388334962214,0.3815797294720964
4of8_g086,4/8,4,8,1,paint their hands yellow,0.57,0.49745086019879386,0.40467188495196305,0.3486379264740295
4of8_g086,4/8,4,8,1,play banjos,0.15,0.49915283080059486,0.3874693567517389,0.34450387068543364
4of8_g086,4/8,4,8,1,ride lions,0.02,0.4996356341441442,0.26516893543764075,0.21421269018663586
4of8_g086,4/8,4,8,1,scream out windows,0.08,0.4965687355721382,0.332952833678846,0.27066532440043234
4of8_g086,4/8,4,8,1,sing beautiful songs,0.36,0.49719937577117396,0.6314944655247803,0.5791125620906186
4of8_g086,4/8,4,8,1,smell garbage for fun,0.12,0.5003926195864374,0.29441075993149285,0.23498906508908518
4of8_g086,4/8,4,8,1,smile when they are sad,0.52,0.4939239978823626,0.3900851242975549,0.3518268161294878
4of8_g086,4/8,4,8,1,wash their clothes in ponds,0.26,0.5039707827130424,0.5060747299797077,0.4693033629297481
4of8_g086,4/8,4,8,1,yell at stray cats,0.14,0.49736546177297014,0.26772801847373745,0.21429713917470278
4of8_g087,4/8,4,8,1,chug maple syrup,0.39,0.5073559085444309,0.3838369753491094,0.3613345239317378
4of8_g087,4/8,4,8,1,clap three times before entering a room,0.07,0.5103505503528041,0.4261750652722711,0.39750459330667065
4of8_g087,4/8,4,8,1,dance around a fire on their 10th birthday,0.38,0.5100993101327236,0.5333384480343861,0.5067456386463761
4of8_g087,4/8,4,8,1,farm potatoes,0.31,0.49481322227731345,0.4195872663670964,0.40305476656391387
4of8_g087,4/8,4,8,1,go to the opera,0.34,0.5320399322028116,0.3991599383928989,0.38119469084317126
4of8_g087,4/8,4,8,1,live in caves,0.69,0.48303771180520194,0.341918436859852,0.3186031288922216
4of8_g087,4/8,4,8,1,look to their left when spoken to,0.24,0.504747705935817,0.4217472734330829,0.40361059279734124
4of8_g087,4/8,4,8,1,paint their hands yellow,0.33,0.4903187412603605,0.40277903044636304,0.3774684030118214
4of8_g087,4/8,4,8,1,play banjos,0.21,0.520732533243136,0.3915051723994297,0.3710623852084963
4of8_g087,4/8,4,8,1,ride lions,0.19,0.5076976602805316,0.26699895970971155,0.24342152196873668
4of8_g087,4/8,4,8,1,scream out windows,0.36,0.5096199868948094,0.33663251800496025,0.30720191735125596
4of8_g087,4/8,4,8,1,sing beautiful songs,0.33,0.5333754885262089,0.6396548123362629,0.6138811017042993
4of8_g087,4/8,4,8,1,smell garbage for fun,0.67,0.49673519125497484,0.29342159920843125,0.26666365841091216
4of8_g087,4/8,4,8,1,smile when they are sad,0.03,0.5073280697330215,0.39247738933918375,0.3742176636907333
4of8_g087,4/8,4,8,1,wash their clothes in ponds,0.32,0.46830844624293944,0.49970698070748043,0.48455700463335705
4of8_g087,4/8,4,8,1,yell at stray cats,0.65,0.5089933346497666,0.2705274327689533,0.24542645495816062
8of8_g088,8/8,8,8,1,chug maple syrup,0.14,0.9296941163392797,0.47601155682730956,0.4266005766062566
8of8_g088,8/8,8,8,1,clap three times before entering a room,0.08,0.9297731832632358,0.5424620241637195,0.47951039876013585
8of8_g088,8/8,8,8,1,dance around a fire on their 10th birthday,0.16,0.9314788693104659,0.6404185904506722,0.582690795057617
8of8_g088,8/8,8,8,1,farm potatoes,0.5,0.9307795517316019,0.4933910577774757,0.45645686901404325
8of8_g088,8/8,8,8,1,go to the opera,0.18,0.9287807998892809,0.46183858008592843,0.4235740998599674
8of8_g088,8/8,8,8,1,live in caves,0.09,0.9321557135470804,0.455253496501166,0.4022055561489454
8of8_g088,8/8,8,8,1,look to their left when spoken to,0.5,0.9311193816342039,0.49781931752762476,0.4579483049646123
8of8_g088,8/8,8,8,1,paint their hands yellow,0.1,0.9319728191663792,0.5199934121045395,0.46310954968235896
8of8_g088,8/8,8,8,1,play banjos,0.39,0.9300469237464184,0.46805476461075174,0.42415103635682117
8of8_g088,8/8,8,8,1,ride lions,0.23,0.9315175215062677,0.36320314212089827,0.31190633292767367
8of8_g088,8/8,8,8,1,scream out windows,0.5,0.9314718412652017,0.4555698994170034,0.3916190066645237
8of8_g088,8/8,8,8,1,sing beautiful songs,0.75,0.9284198905613492,0.7287660816528602,0.673891854649046
8of8_g088,8/8,8,8,1,smell garbage for fun,0.005,0.9320931206313173,0.4111652499883983,0.3519700457917314
8of8_g088,8/8,8,8,1,smile when they are sad,0.07,0.9303124124216804,0.467968677915102,0.4277970067620352
8of8_g088,8/8,8,8,1,wash their clothes in ponds,0.21,0.9309052208768169,0.5823067362641323,0.5463421632877371
8of8_g088,8/8,8,8,1,yell at stray cats,0.1,0.9316390509316869,0.3722795307242339,0.31774820368199336
8of8_g089,8/8,8,8,1,chug maple syrup,0.95,0.9301585703660702,0.4761129231132508,0.4809616658767009
8of8_g089,8/8,8,8,1,clap three times before entering a room,0.995,0.930503483717785,0.5426645035062081,0.5489909463478431
8of8_g089,8/8,8,8,1,dance around a fire on their 10th birthday,0.7,0.9321341978026426,0.640585121234483,0.6462395521938468
8of8_g089,8/8,8,8,1,farm potatoes,0.35,0.9308045189446273,0.49339528442264924,0.4971319741178938
8of8_g089,8/8,8,8,1,go to the opera,0.8,0.9302288933917282,0.4620673554432724,0.46564705099332343
8of8_g089,8/8,8,8,1,live in caves,0.995,0.9318247730199827,0.4551699835619587,0.46072934274081223
8of8_g089,8/8,8,8,1,look to their left when spoken to,0.8,0.9316202262870844,0.4979086768324051,0.5019166852306741
8of8_g089,8/8,8,8,1,paint their hands yellow,0.7,0.9319492263391761,0.5199871506008186,0.525893821348064
8of8_g089,8/8,8,8,1,play banjos,0.15,0.9310359695922128,0.4682397350342953,0.4724098440764437
8of8_g089,8/8,8,8,1,ride lions,0.1,0.9320424920461284,0.363322306809007,0.3683320468021741
8of8_g089,8/8,8,8,1,scream out windows,0.5,0.9321138817267932,0.4557509170194417,0.46202909232005435
8of8_g089,8/8,8,8,1,sing beautiful songs,0.995,0.929907448287861,0.7291016342046955,0.7342145175911503
8of8_g089,8/8,8,8,1,smell garbage for fun,0.8,0.9322355262992565,0.4112037639607037,0.4171509694413015
8of8_g089,8/8,8,8,1,smile when they are sad,0.8,0.9309248259463184,0.46807797719985184,0.47212727871135113
8of8_g089,8/8,8,8,1,wash their clothes in ponds,0.95,0.9300157123915571,0.5821479085604456,0.5861163729019816
8of8_g089,8/8,8,8,1,yell at stray cats,0.5,0.9322458593065024,0.37242562004400154,0.3777670904991686
8of8_g090,8/8,8,8,1,chug maple syrup,0.995,0.9302656401650029,0.4761362909111991,0.4795764874546541
8of8_g090,8/8,8,8,1,clap three times before entering a room,0.1,0.930451324289911,0.5426500420518919,0.5466206891987216
8of8_g090,8/8,8,8,1,dance around a fire on their 10th birthday,0.995,0.9321370902902644,0.640585856267732,0.6443107459069246
8of8_g090,8/8,8,8,1,farm potatoes,0.995,0.930916604824338,0.4934142591973677,0.4959889541633574
8of8_g090,8/8,8,8,1,go to the opera,0.75,0.9302233875264302,0.4620664856055865,0.4645554730792796
8of8_g090,8/8,8,8,1,live in caves,0.05,0.9318985461802897,0.4551886002406287,0.4587845379568697
8of8_g090,8/8,8,8,1,look to their left when spoken to,0.5,0.9315984153778665,0.497904785390871,0.5004476256510184
8of8_g090,8/8,8,8,1,paint their hands yellow,0.9,0.9319622669911043,0.5199906115718107,0.523693449418006
8of8_g090,8/8,8,8,1,play banjos,0.9,0.9310792670929446,0.46824783249214597,0.4711703801085786
8of8_g090,8/8,8,8,1,ride lions,0.5,0.9320932940052588,0.3633338385029888,0.3667447909167201
8of8_g090,8/8,8,8,1,scream out windows,0.995,0.9321139548719394,0.45575093764206565,0.4598710047726744
8of8_g090,8/8,8,8,1,sing beautiful songs,0.995,0.9299150236246091,0.7291033429945674,0.7327080316570505
8of8_g090,8/8,8,8,1,smell garbage for fun,0.05,0.9322975257232611,0.4112205318614033,0.4151845263993771
8of8_g090,8/8,8,8,1,smile when they are sad,0.75,0.9308833282388433,0.4680705709791148,0.4706135038999531
8of8_g090,8/8,8,8,1,wash their clothes in ponds,0.75,0.9301314468550738,0.5821685737248395,0.5847068907602433
8of8_g090,8/8,8,8,1,yell at stray cats,0.1,0.9322587857470133,0.3724287320888902,0.37596646134784845
4of8_g091,4/8,4,8,1,chug maple syrup,0.11,0.5025258577101397,0.3827828251302746,0.340006655094765
4of8_g091,4/8,4,8,1,clap three times before entering a room,0.65,0.5268618711013785,0.4307529090185884,0.37759731358838144
4of8_g091,4/8,4,8,1,dance around a fire on their 10th birthday,0.9,0.5190202244116714,0.5356054131746442,0.48585588094144094
4of8_g091,4/8,4,8,1,farm potatoes,0.15,0.4928422688374252,0.41925360794733,0.3872857920852957
4of8_g091,4/8,4,8,1,go to the opera,0.3,0.5354987784902059,0.399706380175877,0.3669283197452981
4of8_g091,4/8,4,8,1,live in caves,0.36,0.48965541124688094,0.34358841525751604,0.29792334703276246
4of8_g091,4/8,4,8,1,look to their left when spoken to,0.3,0.5187260254266244,0.4242412461739563,0.39021822576407444
4of8_g091,4/8,4,8,1,paint their hands yellow,0.45,0.5034865643071678,0.40627375247753655,0.3576280037220667
4of8_g091,4/8,4,8,1,play banjos,0.2,0.5207586269833765,0.3915100524261794,0.3535250222452225
4of8_g091,4/8,4,8,1,ride lions,0.08,0.5104773864340696,0.2676299383551075,0.2231093462540366
4of8_g091,4/8,4,8,1,scream out windows,0.15,0.5190844590239354,0.3393009418125682,0.28422970558011007
4of8_g091,4/8,4,8,1,sing beautiful songs,0.57,0.5345881024699467,0.6399283450509673,0.5928841530259444
4of8_g091,4/8,4,8,1,smell garbage for fun,0.01,0.5010917593264188,0.2945998440386979,0.24328231448831666
4of8_g091,4/8,4,8,1,smile when they are sad,0.1,0.5232753814697443,0.39532355405694775,0.36128576494969133
4of8_g091,4/8,4,8,1,wash their clothes in ponds,0.34,0.47342616041546404,0.5006207828843199,0.47006547863211495
4of8_g091,4/8,4,8,1,yell at stray cats,0.1,0.5168041895758742,0.27240789871226745,0.22531149619976465
4of8_g092,4/8,4,8,1,chug maple syrup,0.02,0.5143219499640391,0.3853573018091868,0.35569428219261723
4of8_g092,4/8,4,8,1,clap three times before entering a room,0.25,0.49490101967870254,0.4218916079730674,0.3831637915552195
4of8_g092,4/8,4,8,1,dance around a fire on their 10th birthday,0.16,0.5023768968409894,0.531376043600982,0.49579063733218554
4of8_g092,4/8,4,8,1,farm potatoes,0.48,0.508866585596736,0.4219663296684739,0.3998256612800592
4of8_g092,4/8,4,8,1,go to the opera,0.38,0.512660639582275,0.3960983235269787,0.3726517355469918
4of8_g092,4/8,4,8,1,live in caves,0.61,0.49821077413112425,0.34574736359398484,0.3137397736210862
4of8_g092,4/8,4,8,1,look to their left when spoken to,0.07,0.49616293108874787,0.42021560187061746,0.395662190489395
4of8_g092,4/8,4,8,1,paint their hands yellow,0.21,0.493583529964517,0.40364550085464423,0.3688804619747664
4of8_g092,4/8,4,8,1,play banjos,0.48,0.513155392828323,0.39008810272795136,0.3632817933162994
4of8_g092,4/8,4,8,1,ride lions,0.005,0.5075930615971866,0.2669752165307501,0.23559648667632105
4of8_g092,4/8,4,8,1,scream out windows,0.62,0.5017404998423196,0.33441096665420955,0.29498532510751757
4of8_g092,4/8,4,8,1,sing beautiful songs,0.71,0.5150409434560566,0.6355190377875621,0.6020044567398264
4of8_g092,4/8,4,8,1,smell garbage for fun,0.48,0.5035622711780513,0.29526800020418476,0.2591952168980001
4of8_g092,4/8,4,8,1,smile when they are sad,0.07,0.49477597075771734,0.3902371784605611,0.3655167818582252
4of8_g092,4/8,4,8,1,wash their clothes in ponds,0.38,0.49612604225192,0.5046739989758936,0.48353448774229935
4of8_g092,4/8,4,8,1,yell at stray cats,0.24,0.5031826482897266,0.26912850807880023,0.23554632051715527
0of8_g093,0/8,0,8,1,chug maple syrup,0.04,0.06935324086650368,0.2882436526650315,0.30769608168354745
0of8_g093,0/8,0,8,1,clap three times before entering a room,0.51,0.06913062113910563,0.3038447002785487,0.32893608989203243
0of8_g093,0/8,0,8,1,dance around a fire on their 10th birthday,0.63,0.06748237211814728,0.42086150479834916,0.4435813397012581
0of8_g093,0/8,0,8,1,farm potatoes,0.86,0.06863903371690469,0.3474411651845326,0.3623915714612644
0of8_g093,0/8,0,8,1,go to the opera,0.65,0.06949783114017231,0.32608576584922944,0.3404772641666594
0of8_g093,0/8,0,8,1,live in caves,0.11,0.06758451624592979,0.23707870094575703,0.25920644351655137
0of8_g093,0/8,0,8,1,look to their left when spoken to,0.98,0.06797440275610016,0.34381940000110056,0.3598027084843829
0of8_g093,0/8,0,8,1,paint their hands yellow,0.07,0.0675415161918316,0.29057453943266864,0.3140564601136834
0of8_g093,0/8,0,8,1,play banjos,0.72,0.06860298864333987,0.30694833035131813,0.3237631393763657
0of8_g093,0/8,0,8,1,ride lions,0.005,0.06752894006940642,0.16708369918270374,0.18726845572517156
0of8_g093,0/8,0,8,1,scream out windows,0.08,0.0675014629388473,0.21198112920980777,0.23719160709297835
0of8_g093,0/8,0,8,1,sing beautiful songs,0.73,0.06981465262639049,0.5350880996333672,0.5556469105445974
0of8_g093,0/8,0,8,1,smell garbage for fun,0.005,0.06726784184224209,0.17727107064659015,0.20114423011784816
0of8_g093,0/8,0,8,1,smile when they are sad,0.17,0.06868928621897202,0.3141922055984176,0.3302753689063018
0of8_g093,0/8,0,8,1,wash their clothes in ponds,0.005,0.06925201761414197,0.4284527799315737,0.44403811281971795
0of8_g093,0/8,0,8,1,yell at stray cats,0.44,0.06735926253092378,0.1642038817770127,0.18568611119945957
0of8_g094,0/8,0,8,1,chug maple syrup,0.05,0.0699230913916208,0.2883680215539654,0.29428929873918175
0of8_g094,0/8,0,8,1,clap three times before entering a room,0.01,0.06978743370946769,0.30402680474877974,0.31306668453349606
0of8_g094,0/8,0,8,1,dance around a fire on their 10th birthday,0.995,0.06812074084275585,0.4210237257994783,0.4287425290419457
0of8_g094,0/8,0,8,1,farm potatoes,0.2,0.06884195648762255,0.3474755175389018,0.3518943703943132
0of8_g094,0/8,0,8,1,go to the opera,0.35,0.07079878093309515,0.32629129487981995,0.33140789574996843
0of8_g094,0/8,0,8,1,live in caves,0.05,0.06745482819559116,0.23704597412816591,0.24371593842208442
0of8_g094,0/8,0,8,1,look to their left when spoken to,0.25,0.06846287062022384,0.34390655107378265,0.3494347081880677
0of8_g094,0/8,0,8,1,paint their hands yellow,0.05,0.06761905786665734,0.29059511888596057,0.2982498020587509
0of8_g094,0/8,0,8,1,play banjos,0.15,0.06955865940291432,0.3071270589976376,0.3127110595004137
0of8_g094,0/8,0,8,1,ride lions,0.01,0.06809876907448743,0.16721304643271098,0.17370990884585086
0of8_g094,0/8,0,8,1,scream out windows,0.5,0.06812629094649074,0.21215729391381966,0.2207393670334688
0of8_g094,0/8,0,8,1,sing beautiful songs,0.75,0.07116086576386282,0.5353917686914095,0.5426278795830748
0of8_g094,0/8,0,8,1,smell garbage for fun,0.05,0.06752515549192492,0.17734066177256913,0.18479357875003657
0of8_g094,0/8,0,8,1,smile when they are sad,0.5,0.06925568924187231,0.3142932932504575,0.3199974389692002
0of8_g094,0/8,0,8,1,wash their clothes in ponds,0.25,0.0686911354100261,0.4283526306536357,0.432735505232581
0of8_g094,0/8,0,8,1,yell at stray cats,0.25,0.067965259017902,0.1643497756345112,0.17155664200093781
0of8_g095,0/8,0,8,1,chug maple syrup,0.45,0.0696848945635634,0.28831603550929696,0.2977116776047524
0of8_g095,0/8,0,8,1,clap three times before entering a room,0.2,0.07013389485898755,0.30412286278258716,0.31434934377212176
0of8_g095,0/8,0,8,1,dance around a fire on their 10th birthday,0.78,0.06826157065492477,0.42105951319356294,0.4309273491083062
0of8_g095,0/8,0,8,1,farm potatoes,0.75,0.06855113322858025,0.3474262847021034,0.35439168496496437
0of8_g095,0/8,0,8,1,go to the opera,0.75,0.07103613215389339,0.326328792534676,0.3330345516444764
0of8_g095,0/8,0,8,1,live in caves,0.25,0.0672640491231614,0.23699783097320823,0.24649623487386482
0of8_g095,0/8,0,8,1,look to their left when spoken to,0.25,0.06867895143722845,0.343945103609929,0.35055824617549297
0of8_g095,0/8,0,8,1,paint their hands yellow,0.25,0.06766509666413482,0.29060733751915924,0.3002278284139276
0of8_g095,0/8,0,8,1,play banjos,0.73,0.06958397271360446,0.307131793069187,0.3150701811559373
0of8_g095,0/8,0,8,1,ride lions,0.03,0.06805953696416712,0.16720414101452996,0.1763886401453269
0of8_g095,0/8,0,8,1,scream out windows,0.44,0.0682760574155136,0.21219951923881078,0.2230945131177158
0of8_g095,0/8,0,8,1,sing beautiful songs,0.75,0.07135412605473343,0.5354353629550903,0.5452017583564344
0of8_g095,0/8,0,8,1,smell garbage for fun,0.75,0.06741502717187364,0.1773108772904634,0.18790775093789883
0of8_g095,0/8,0,8,1,smile when they are sad,0.5,0.06955284683915128,0.314346327861115,0.32091000481023013
0of8_g095,0/8,0,8,1,wash their clothes in ponds,0.78,0.06831119089796929,0.42828478901369815,0.4349533433885502
0of8_g095,0/8,0,8,1,yell at stray cats,0.42,0.06806622495468384,0.1643740832176566,0.17377672181263132
4of8_g096,4/8,4,8,1,chug maple syrup,0.45,0.4828624385951808,0.3784913180065995,0.34415676643517934
4of8_g096,4/8,4,8,1,clap three times before entering a room,0.55,0.5220757562811781,0.42942593547525737,0.3942132012473021
4of8_g096,4/8,4,8,1,dance around a fire on their 10th birthday,0.8,0.5080676482455068,0.5328221661230153,0.49710707257881687
4of8_g096,4/8,4,8,1,farm potatoes,0.3,0.4797981388997943,0.4170453955694341,0.39160032893232744
4of8_g096,4/8,4,8,1,go to the opera,0.15,0.5124094288850278,0.396058636298955,0.3718333288577253
4of8_g096,4/8,4,8,1,live in caves,0.05,0.48714379719991,0.3429546087151254,0.30870628780309134
4of8_g096,4/8,4,8,1,look to their left when spoken to,0.25,0.5138298710647231,0.42336768798109053,0.40006286091527243
4of8_g096,4/8,4,8,1,paint their hands yellow,0.7,0.5033111771642701,0.4062272049722967,0.3722412286585167
4of8_g096,4/8,4,8,1,play banjos,0.36,0.4993324031622456,0.3875029402058654,0.3583986227402238
4of8_g096,4/8,4,8,1,ride lions,0.02,0.49582978681681555,0.264305034370219,0.23053339303102577
4of8_g096,4/8,4,8,1,scream out windows,0.05,0.5087343725231978,0.3363828269031929,0.2970345431376653
4of8_g096,4/8,4,8,1,sing beautiful songs,0.85,0.50938361628184,0.6342428986932309,0.5988959085584145
4of8_g096,4/8,4,8,1,smell garbage for fun,0.05,0.49170032611923487,0.29205990722520264,0.25326479738947877
4of8_g096,4/8,4,8,1,smile when they are sad,0.8,0.5191017482420958,0.39457867317460654,0.37182628918567456
4of8_g096,4/8,4,8,1,wash their clothes in ponds,0.61,0.4755198799032261,0.5009946305360469,0.4774571833594242
4of8_g096,4/8,4,8,1,yell at stray cats,0.03,0.5054010413916488,0.26966258696216344,0.2354734122032643
0of8_g097,0/8,0,8,1,chug maple syrup,0.77,0.06902834747471172,0.2881727452456677,0.34077518203968116
0of8_g097,0/8,0,8,1,clap three times before entering a room,0.65,0.06976219290758524,0.30401980661405703,0.35793712498066477
0of8_g097,0/8,0,8,1,dance around a fire on their 10th birthday,0.79,0.06776761561317007,0.42093399031266776,0.47458780374487597
0of8_g097,0/8,0,8,1,farm potatoes,0.85,0.06823216781767355,0.34737228774164286,0.38625994897079174
0of8_g097,0/8,0,8,1,go to the opera,0.67,0.06991750040125198,0.32615206680632053,0.3627698550686579
0of8_g097,0/8,0,8,1,live in caves,0.04,0.06734755363127604,0.23701890336035544,0.2890968795807428
0of8_g097,0/8,0,8,1,look to their left when spoken to,0.11,0.06839389352471736,0.3438942443729628,0.37923627599481813
0of8_g097,0/8,0,8,1,paint their hands yellow,0.66,0.0676949722736381,0.2906152664646162,0.34231054817291984
0of8_g097,0/8,0,8,1,play banjos,0.91,0.0686914817802074,0.306964880254517,0.3509484238801398
0of8_g097,0/8,0,8,1,ride lions,0.07,0.06752132523001488,0.16708197066673533,0.21790661952596796
0of8_g097,0/8,0,8,1,scream out windows,0.18,0.0678021520512719,0.21206590583288143,0.27120504616704355
0of8_g097,0/8,0,8,1,sing beautiful songs,0.995,0.0701628837490064,0.5351666511004732,0.5887399413424682
0of8_g097,0/8,0,8,1,smell garbage for fun,0.05,0.06715251713370995,0.17723988078810485,0.23574024661475476
0of8_g097,0/8,0,8,1,smile when they are sad,0.54,0.06924241257432814,0.31429092372364587,0.34903371174668657
0of8_g097,0/8,0,8,1,wash their clothes in ponds,0.995,0.06871267861402684,0.4283564773371448,0.46484627780692384
0of8_g097,0/8,0,8,1,yell at stray cats,0.005,0.06757981117810877,0.16425697893779714,0.21558211162097277
0of8_g098,0/8,0,8,1,chug maple syrup,0.07,0.06991215031228958,0.2883656336823742,0.28243981160008574
0of8_g098,0/8,0,8,1,clap three times before entering a room,0.2,0.06983312485604529,0.3040394728407397,0.29654451571245377
0of8_g098,0/8,0,8,1,dance around a fire on their 10th birthday,0.53,0.06815377529481163,0.421032120449275,0.41425332739034193
0of8_g098,0/8,0,8,1,farm potatoes,0.35,0.06876557492379481,0.3474625870701398,0.34296721181732803
0of8_g098,0/8,0,8,1,go to the opera,0.47,0.07095536644104264,0.3263160328580479,0.32190236310124215
0of8_g098,0/8,0,8,1,live in caves,0.02,0.06732709318212908,0.23701374016000415,0.23048690560750965
0of8_g098,0/8,0,8,1,look to their left when spoken to,0.6,0.06847126254597584,0.34390804833774796,0.33916426240178355
0of8_g098,0/8,0,8,1,paint their hands yellow,0.24,0.06754123941256905,0.2905744659758351,0.28366589986781804
0of8_g098,0/8,0,8,1,play banjos,0.3,0.06963759836949071,0.30714182208889756,0.3020242998037287
0of8_g098,0/8,0,8,1,ride lions,0.03,0.06810677397972037,0.16721486349093234,0.16116410792878264
0of8_g098,0/8,0,8,1,scream out windows,0.12,0.06815736545118109,0.21216605509426312,0.204649159194977
0of8_g098,0/8,0,8,1,sing beautiful songs,0.44,0.07132073635838955,0.5354278311480125,0.5290940821530347
0of8_g098,0/8,0,8,1,smell garbage for fun,0.03,0.067472936964791,0.1773265391401138,0.17023146278726148
0of8_g098,0/8,0,8,1,smile when they are sad,0.42,0.06928204103129203,0.31429799633361877,0.30950939331621136
0of8_g098,0/8,0,8,1,wash their clothes in ponds,0.28,0.06847279528349426,0.42831364456019827,0.42370669352625584
0of8_g098,0/8,0,8,1,yell at stray cats,0.11,0.06798992194847656,0.16435571324331924,0.1579474078894043
0of8_g099,0/8,0,8,1,chug maple syrup,0.92,0.06895971246705218,0.28815776577426533,0.33800001338686325
0of8_g099,0/8,0,8,1,clap three times before entering a room,0.75,0.06976742516726815,0.304021257283427,0.36109777133073595
0of8_g099,0/8,0,8,1,dance around a fire on their 10th birthday,0.73,0.06774822495533575,0.4209290627969466,0.4752801524740036
0of8_g099,0/8,0,8,1,farm potatoes,0.65,0.06815761527291814,0.34735966690354014,0.3851735637374024
0of8_g099,0/8,0,8,1,go to the opera,0.34,0.06991009905342493,0.3261508975130456,0.36135338425181585
0of8_g099,0/8,0,8,1,live in caves,0.69,0.06728483926735632,0.2370030773722017,0.2905819840697125
0of8_g099,0/8,0,8,1,look to their left when spoken to,0.46,0.06838284605532628,0.34389227331431477,0.3809594772470597
0of8_g099,0/8,0,8,1,paint their hands yellow,0.76,0.06766123773199316,0.290606313363904,0.3454094957057846
0of8_g099,0/8,0,8,1,play banjos,0.59,0.06865686771957918,0.3069584067654647,0.3490324000234847
0of8_g099,0/8,0,8,1,ride lions,0.82,0.06747909790336622,0.167072385355127,0.2170374107106816
0of8_g099,0/8,0,8,1,scream out windows,0.65,0.06778382523316173,0.21206073874938272,0.27218252920031144
0of8_g099,0/8,0,8,1,sing beautiful songs,0.65,0.07014930312243092,0.5351635876805994,0.5860191441257062
0of8_g099,0/8,0,8,1,smell garbage for fun,0.74,0.06710108487444322,0.1772259708037786,0.23586200371241078
0of8_g099,0/8,0,8,1,smile when they are sad,0.22,0.06924129572816817,0.31429072439675065,0.3510627373058892
0of8_g099,0/8,0,8,1,wash their clothes in ponds,0.76,0.06862495030305517,0.4283408128590529,0.466125232974144
0of8_g099,0/8,0,8,1,yell at stray cats,0.45,0.06755540142008244,0.164251102280365,0.21598985771757145
0of8_g100,0/8,0,8,1,chug maple syrup,0.05,0.0700017150503788,0.28838518103114874,0.28285628842898874
0of8_g100,0/8,0,8,1,clap three times before entering a room,0.005,0.06919866804277036,0.30386356661257136,0.29699791508151124
0of8_g100,0/8,0,8,1,dance around a fire on their 10th birthday,0.7,0.06778324377271082,0.42093796170974407,0.41468584748934734
0of8_g100,0/8,0,8,1,farm potatoes,0.35,0.06896147768774506,0.3474957510228363,0.34329162439821087
0of8_g100,0/8,0,8,1,go to the opera,0.5,0.07039756593416907,0.3262279093977389,0.32217180884637125
0of8_g100,0/8,0,8,1,live in caves,0.01,0.06744290937710735,0.23704296641082104,0.2309535002099565
0of8_g100,0/8,0,8,1,look to their left when spoken to,0.5,0.06801968539946202,0.34382747920391554,0.3394628027304442
0of8_g100,0/8,0,8,1,paint their hands yellow,0.35,0.0673430816473429,0.2905218751789112,0.28412756829649194
0of8_g100,0/8,0,8,1,play banjos,0.15,0.06937319618957599,0.30709237384197086,0.30235718661873356
0of8_g100,0/8,0,8,1,ride lions,0.005,0.06796329731278412,0.16718229527811246,0.16156919480561394
0of8_g100,0/8,0,8,1,scream out windows,0.05,0.06777702598636762,0.2120588217621729,0.20512789356453956
0of8_g100,0/8,0,8,1,sing beautiful songs,0.6,0.07081134315798036,0.5353129259008154,0.5294847933442081
0of8_g100,0/8,0,8,1,smell garbage for fun,0.01,0.06744932225017272,0.17732015248094515,0.1707206701927342
0of8_g100,0/8,0,8,1,smile when they are sad,0.25,0.06871919157186672,0.31419754289674645,0.309803714911333
0of8_g100,0/8,0,8,1,wash their clothes in ponds,0.25,0.06886326014626322,0.4283833646792884,0.4240578426876968
0of8_g100,0/8,0,8,1,yell at stray cats,0.1,0.06767206295554072,0.16427918858415624,0.15836093789226818
0of8_g101,0/8,0,8,1,chug maple syrup,0.6,0.06899259736326428,0.28816494284583827,0.2953286878728431
0of8_g101,0/8,0,8,1,clap three times before entering a room,0.64,0.06972386716844987,0.3040091806170277,0.3128764350262338
0of8_g101,0/8,0,8,1,dance around a fire on their 10th birthday,0.66,0.06773228333201152,0.4209250117430719,0.42907055673616096
0of8_g101,0/8,0,8,1,farm potatoes,0.44,0.06819326147044306,0.34736570137076617,0.3526763934768349
0of8_g101,0/8,0,8,1,go to the opera,0.76,0.06989034700436748,0.3261477770086902,0.33165126026637987
0of8_g101,0/8,0,8,1,live in caves,0.07,0.06730288602287691,0.23700763147625745,0.24449906370448338
0of8_g101,0/8,0,8,1,look to their left when spoken to,0.45,0.0683544669023257,0.3438872099850613,0.34948663562588617
0of8_g101,0/8,0,8,1,paint their hands yellow,0.3,0.06764980290308006,0.29060327857611995,0.29856964049733586
0of8_g101,0/8,0,8,1,play banjos,0.75,0.0686601950908046,0.3069590290473007,0.3132665370197487
0of8_g101,0/8,0,8,1,ride lions,0.01,0.0674861180487517,0.16707397887966186,0.1743702213648088
0of8_g101,0/8,0,8,1,scream out windows,0.25,0.06776649235450789,0.21205585189828066,0.2210738165986057
0of8_g101,0/8,0,8,1,sing beautiful songs,0.52,0.07013575424309303,0.5351605314220385,0.5430884865518731
0of8_g101,0/8,0,8,1,smell garbage for fun,0.66,0.06711348045346625,0.17722932321941,0.1856136426321359
0of8_g101,0/8,0,8,1,smile when they are sad,0.6,0.06920303601117533,0.3142838960699195,0.3199323411053574
0of8_g101,0/8,0,8,1,wash their clothes in ponds,0.62,0.0686629669251067,0.4283476009817998,0.4334674644918205
0of8_g101,0/8,0,8,1,yell at stray cats,0.59,0.06754433196750348,0.16424843730594377,0.17194907105219828
4of8_g102,4/8,4,8,1,chug maple syrup,0.37,0.4734029620326391,0.37642680365042114,0.3707911575724967
4of8_g102,4/8,4,8,1,clap three times before entering a room,0.995,0.5276673106456885,0.4309762210380872,0.4283530152885381
4of8_g102,4/8,4,8,1,dance around a fire on their 10th birthday,0.65,0.5080961514177742,0.53282940929293,0.5287468057831113
4of8_g102,4/8,4,8,1,farm potatoes,0.36,0.4727832089556785,0.41585785334111114,0.4122659957221641
4of8_g102,4/8,4,8,1,go to the opera,0.35,0.5079237127757051,0.3953499656888602,0.39149988962751897
4of8_g102,4/8,4,8,1,live in caves,0.12,0.48647775100829715,0.3427865317630604,0.3396528136136105
4of8_g102,4/8,4,8,1,look to their left when spoken to,0.32,0.5176808314627618,0.4240547655847472,0.42213363665809267
4of8_g102,4/8,4,8,1,paint their hands yellow,0.2,0.507001304701182,0.4072065597187301,0.4049014097826722
4of8_g102,4/8,4,8,1,play banjos,0.85,0.49271815765164867,0.38626595023344057,0.38158667781313227
4of8_g102,4/8,4,8,1,ride lions,0.17,0.4915729487073415,0.26333876150892754,0.2586915870001132
4of8_g102,4/8,4,8,1,scream out windows,0.25,0.5091686533229618,0.33650526851530466,0.33212778612679705
4of8_g102,4/8,4,8,1,sing beautiful songs,0.75,0.5032465894888183,0.6328585524158535,0.6269094024866202
4of8_g102,4/8,4,8,1,smell garbage for fun,0.005,0.4889335943988121,0.2913116376485856,0.28669652978980914
4of8_g102,4/8,4,8,1,smile when they are sad,0.8,0.5243409758925545,0.3955137339004047,0.39382500198825887
4of8_g102,4/8,4,8,1,wash their clothes in ponds,0.995,0.4744735925697563,0.5008078089179,0.49899931476728937
4of8_g102,4/8,4,8,1,yell at stray cats,0.02,0.5046634188775857,0.2694850040944954,0.26544689442657965
4of8_g103,4/8,4,8,1,chug maple syrup,0.59,0.5075450917685483,0.38387826425971205,0.37229837013018396
4of8_g103,4/8,4,8,1,clap three times before entering a room,0.42,0.4982810713584854,0.4228287436922593,0.4018671858344799
4of8_g103,4/8,4,8,1,dance around a fire on their 10th birthday,0.69,0.501964851192845,0.5312713353736265,0.5139115795991295
4of8_g103,4/8,4,8,1,farm potatoes,0.76,0.5053714634562266,0.42137464804541175,0.41262367345217
4of8_g103,4/8,4,8,1,go to the opera,0.64,0.5059159895961465,0.39503277789188795,0.3839631049711892
4of8_g103,4/8,4,8,1,live in caves,0.57,0.5008306389037014,0.3464084872387744,0.3321482889385751
4of8_g103,4/8,4,8,1,look to their left when spoken to,0.32,0.49918118995498256,0.42075411119158695,0.4080163495765824
4of8_g103,4/8,4,8,1,paint their hands yellow,0.34,0.49849577466954237,0.40494920380783134,0.3875224538650518
4of8_g103,4/8,4,8,1,play banjos,0.4,0.506641093337242,0.38886980456606285,0.3771158710145999
4of8_g103,4/8,4,8,1,ride lions,0.42,0.5045058843458486,0.2662744486088211,0.25236234202525964
4of8_g103,4/8,4,8,1,scream out windows,0.42,0.5016788977853205,0.33439359850168593,0.3150287022517656
4of8_g103,4/8,4,8,1,sing beautiful songs,0.62,0.506995469010016,0.6337041976418785,0.6183165743949206
4of8_g103,4/8,4,8,1,smell garbage for fun,0.49,0.5029627045246072,0.2951058458895417,0.2791239221872729
4of8_g103,4/8,4,8,1,smile when they are sad,0.44,0.49837397766382274,0.3908793255809969,0.37765620652895476
4of8_g103,4/8,4,8,1,wash their clothes in ponds,0.55,0.5000836398109398,0.505380654553476,0.49655212449821395
4of8_g103,4/8,4,8,1,yell at stray cats,0.44,0.5023943030116552,0.2689387136886841,0.25284748493151576
0of8_g104,0/8,0,8,1,chug maple syrup,0.07,0.06961491922672693,0.288300763513376,0.28269634115991293
0of8_g104,0/8,0,8,1,clap three times before entering a room,0.05,0.06977008050533687,0.30402199348878317,0.29689724788519856
0of8_g104,0/8,0,8,1,dance around a fire on their 10th birthday,0.5,0.06799207352877153,0.42099102911544206,0.4145596923186423
0of8_g104,0/8,0,8,1,farm potatoes,0.09,0.06867169752931676,0.34744669477027135,0.34318228896001335
0of8_g104,0/8,0,8,1,go to the opera,0.12,0.070419415338558,0.32623136125032187,0.3220670939665664
0of8_g104,0/8,0,8,1,live in caves,0.03,0.06749768134595108,0.23705678813324477,0.2308367103947978
0of8_g104,0/8,0,8,1,look to their left when spoken to,0.02,0.06844918328596555,0.34390410901781465,0.3393927362137784
0of8_g104,0/8,0,8,1,paint their hands yellow,0.02,0.06770261421410356,0.2906172946250502,0.28403017289944893
0of8_g104,0/8,0,8,1,play banjos,0.1,0.06921971769586886,0.3070636704384769,0.3022292769801065
0of8_g104,0/8,0,8,1,ride lions,0.05,0.06790006442373762,0.16716794184886394,0.16143406567963925
0of8_g104,0/8,0,8,1,scream out windows,0.03,0.06800911392941313,0.21212425689518738,0.20499097327123103
0of8_g104,0/8,0,8,1,sing beautiful songs,0.33,0.07073736136109021,0.535296237620224,0.5293251497446914
0of8_g104,0/8,0,8,1,smell garbage for fun,0.01,0.06743152452645144,0.17731533904164587,0.17057527266372158
0of8_g104,0/8,0,8,1,smile when they are sad,0.15,0.06925260449552155,0.314292742706493,0.3097386309914449
0of8_g104,0/8,0,8,1,wash their clothes in ponds,0.07,0.06882962548557897,0.42837735898512214,0.4239769533812004
0of8_g104,0/8,0,8,1,yell at stray cats,0.1,0.06782895433983302,0.16431696023754785,0.15823762392831248
0of8_g105,0/8,0,8,1,chug maple syrup,0.02,0.06944945912138463,0.28826465213230795,0.2837792007259221
0of8_g105,0/8,0,8,1,clap three times before entering a room,0.01,0.06890069274744788,0.3037809515169639,0.2982070978053943
0of8_g105,0/8,0,8,1,dance around a fire on their 10th birthday,0.01,0.06736485323350547,0.4208316411311873,0.4157578726068192
0of8_g105,0/8,0,8,1,farm potatoes,0.06,0.06884947927075774,0.34747679105449203,0.3440398429014756
0of8_g105,0/8,0,8,1,go to the opera,0.06,0.06918180627144253,0.32603583903017314,0.3227892996722346
0of8_g105,0/8,0,8,1,live in caves,0.01,0.06782234493122057,0.2371387170843382,0.23212055198433654
0of8_g105,0/8,0,8,1,look to their left when spoken to,0.03,0.06785154162293758,0.3437974794607078,0.34024266384452634
0of8_g105,0/8,0,8,1,paint their hands yellow,0.01,0.06760423039504464,0.2905911836954946,0.2853396398176132
0of8_g105,0/8,0,8,1,play banjos,0.13,0.06847370392560449,0.30692415164504394,0.3031096627345631
0of8_g105,0/8,0,8,1,ride lions,0.01,0.06752142685570535,0.16708199373506544,0.16252365683515244
0of8_g105,0/8,0,8,1,scream out windows,0.02,0.06738234362730369,0.21194754457851167,0.20632097162933233
0of8_g105,0/8,0,8,1,sing beautiful songs,0.52,0.06951145967029594,0.5350197075512969,0.5303598449462738
0of8_g105,0/8,0,8,1,smell garbage for fun,0.01,0.06737051582999984,0.17729883908571345,0.17190421452515625
0of8_g105,0/8,0,8,1,smile when they are sad,0.04,0.06850584550013022,0.31415946638127634,0.31058597631162027
0of8_g105,0/8,0,8,1,wash their clothes in ponds,0.05,0.06969649421419476,0.4285321442084736,0.4249390928646656
0of8_g105,0/8,0,8,1,yell at stray cats,0.03,0.06727004279774311,0.16418240209632412,0.15937695134636043
0of8_g106,0/8,0,8,1,chug maple syrup,0.5,0.0701840333845804,0.2884249716914316,0.28298136744581087
0of8_g106,0/8,0,8,1,clap three times before entering a room,0.5,0.06964618764354494,0.3039876435920545,0.29714141257104765
0of8_g106,0/8,0,8,1,dance around a fire on their 10th birthday,0.73,0.06813188783191017,0.421026558450375,0.41482026262630517
0of8_g106,0/8,0,8,1,farm potatoes,0.24,0.06901707938933908,0.3475051637139302,0.3433748430156211
0of8_g106,0/8,0,8,1,go to the opera,0.25,0.07096606334242377,0.3263177227954944,0.32227830166720894
0of8_g106,0/8,0,8,1,live in caves,0.11,0.06744395369890131,0.2370432299457325,0.23105351114909742
0of8_g106,0/8,0,8,1,look to their left when spoken to,0.39,0.06836327180464179,0.34388878093115227,0.33955011754755304
0of8_g106,0/8,0,8,1,paint their hands yellow,0.5,0.06750333809741609,0.2905644070191947,0.28423776212607643
0of8_g106,0/8,0,8,1,play banjos,0.5,0.06976304383232372,0.3071652827813321,0.3024732626970095
0of8_g106,0/8,0,8,1,ride lions,0.19,0.06821915134651148,0.16724037237733136,0.16169097570377228
0of8_g106,0/8,0,8,1,scream out windows,0.1,0.0681259519748019,0.21215719834376437,0.2052758959184266
0of8_g106,0/8,0,8,1,sing beautiful songs,0.67,0.0713754425051138,0.5354401713663497,0.5296408382761353
0of8_g106,0/8,0,8,1,smell garbage for fun,0.14,0.06758983399199955,0.17735815423615342,0.17084870149943418
0of8_g106,0/8,0,8,1,smile when they are sad,0.25,0.06912066545373055,0.314269195148645,0.3098931351307012
0of8_g106,0/8,0,8,1,wash their clothes in ponds,0.51,0.06866735057313184,0.4283483837115445,0.4241161922402628
0of8_g106,0/8,0,8,1,yell at stray cats,0.07,0.06799501866846454,0.16435694028036585,0.15848756719972357
0of8_g107,0/8,0,8,1,chug maple syrup,0.16,0.07060152271666632,0.28851608801419476,0.2829421262321317
0of8_g107,0/8,0,8,1,clap three times before entering a room,0.01,0.06925116151140712,0.3038781206813088,0.297067483578237
0of8_g107,0/8,0,8,1,dance around a fire on their 10th birthday,0.13,0.06804008876172185,0.4210032306517304,0.41476176036154294
0of8_g107,0/8,0,8,1,farm potatoes,0.11,0.0693438395352529,0.34756048022812164,0.3433482629752323
0of8_g107,0/8,0,8,1,go to the opera,0.23,0.07104211279555929,0.3263297373793507,0.3222354933679924
0of8_g107,0/8,0,8,1,live in caves,0.01,0.06747174122679762,0.23705024213655806,0.2310136682592543
0of8_g107,0/8,0,8,1,look to their left when spoken to,0.56,0.06808471828915795,0.3438390821905456,0.3395075375225378
0of8_g107,0/8,0,8,1,paint their hands yellow,0.01,0.06727869430917069,0.2905047868683804,0.2841846071155758
0of8_g107,0/8,0,8,1,play banjos,0.09,0.06998504403544006,0.30720680105045156,0.30243070253351645
0of8_g107,0/8,0,8,1,ride lions,0.01,0.06835759090803022,0.16727179720199806,0.16164507870570893
0of8_g107,0/8,0,8,1,scream out windows,0.05,0.06801436772977913,0.21212573815751093,0.20521073493207442
0of8_g107,0/8,0,8,1,sing beautiful songs,0.42,0.0715346873715031,0.5354760926757088,0.5295804790859413
0of8_g107,0/8,0,8,1,smell garbage for fun,0.01,0.06768478234702459,0.17738383325840582,0.17079973178253316
0of8_g107,0/8,0,8,1,smile when they are sad,0.03,0.06875640346301089,0.314204184214945,0.30984756707202654
0of8_g107,0/8,0,8,1,wash their clothes in ponds,0.34,0.06876295991192048,0.428365455399991,0.4240947456184195
0of8_g107,0/8,0,8,1,yell at stray cats,0.01,0.06794670611848824,0.16434530901775446,0.15843389501912924
0of8_g108,0/8,0,8,1,chug maple syrup,0.66,0.06997358857838586,0.2883790424774102,0.2902946760353377
0of8_g108,0/8,0,8,1,clap three times before entering a room,0.62,0.06860936363075083,0.3037001791066098,0.3055019456860076
0of8_g108,0/8,0,8,1,dance around a fire on their 10th birthday,0.66,0.06738130053292382,0.4208358206864736,0.4226751228053053
0of8_g108,0/8,0,8,1,farm potatoes,0.73,0.06916007808292124,0.347529371651654,0.3489411265824392
0of8_g108,0/8,0,8,1,go to the opera,0.47,0.06958123142555246,0.32609894174571546,0.3273725392207602
0of8_g108,0/8,0,8,1,live in caves,0.37,0.06771120442229896,0.23711067074427092,0.23895254781134348
0of8_g108,0/8,0,8,1,look to their left when spoken to,0.47,0.06762615634023356,0.34375726684776625,0.3449512274722255
0of8_g108,0/8,0,8,1,paint their hands yellow,0.71,0.0672997717844754,0.2905103808011851,0.29227969284141864
0of8_g108,0/8,0,8,1,play banjos,0.72,0.0689166923926578,0.3070069989313696,0.3085608533628904
0of8_g108,0/8,0,8,1,ride lions,0.43,0.0677548279138081,0.16713497416383474,0.16892114580771186
0of8_g108,0/8,0,8,1,scream out windows,0.38,0.06737393596364447,0.21194517411246047,0.2139691702434683
0of8_g108,0/8,0,8,1,sing beautiful songs,0.88,0.07001114623102644,0.5351324232446664,0.5370120846452864
0of8_g108,0/8,0,8,1,smell garbage for fun,0.25,0.06745734006947161,0.17732232092041036,0.17938188779436673
0of8_g108,0/8,0,8,1,smile when they are sad,0.56,0.06821708696415962,0.31410793077636673,0.3152725048830995
0of8_g108,0/8,0,8,1,wash their clothes in ponds,0.77,0.06951018017483296,0.4284988765876168,0.4298241662944579
0of8_g108,0/8,0,8,1,yell at stray cats,0.29,0.06732116535997758,0.1641947098703292,0.165962205205964
0of8_g109,0/8,0,8,1,chug maple syrup,0.17,0.06976717388631518,0.2883339928288077,0.2861271631130365
0of8_g109,0/8,0,8,1,clap three times before entering a room,0.02,0.06882090171032866,0.30375882906498985,0.3019167592655741
0of8_g109,0/8,0,8,1,dance around a fire on their 10th birthday,0.22,0.06744657173298349,0.42085240727508677,0.4188618542307526
0of8_g109,0/8,0,8,1,farm potatoes,0.06,0.06890469664159396,0.3474861386830681,0.34584586145893337
0of8_g109,0/8,0,8,1,go to the opera,0.26,0.06972935630249748,0.32612234308105564,0.3247514705412455
0of8_g109,0/8,0,8,1,live in caves,0.02,0.06752049587510692,0.2370625453863777,0.23495223877273935
0of8_g109,0/8,0,8,1,look to their left when spoken to,0.5,0.06774227156048529,0.34377798380120966,0.342516614240592
0of8_g109,0/8,0,8,1,paint their hands yellow,0.18,0.06728648784701251,0.29050685526254844,0.28857520146318827
0of8_g109,0/8,0,8,1,play banjos,0.05,0.06890818437593184,0.3070054077700862,0.3052783453985559
0of8_g109,0/8,0,8,1,ride lions,0.005,0.06769042695459873,0.1671203555907237,0.16511981097164416
0of8_g109,0/8,0,8,1,scream out windows,0.09,0.06744527712558268,0.21196528811907184,0.2097801460276889
0of8_g109,0/8,0,8,1,sing beautiful songs,0.34,0.07013006943217567,0.5351592490833594,0.533117813170981
0of8_g109,0/8,0,8,1,smell garbage for fun,0.01,0.0673343132670748,0.17728904801120035,0.1749586293053696
0of8_g109,0/8,0,8,1,smile when they are sad,0.92,0.0683922640508822,0.3141391951582151,0.3129351460906836
0of8_g109,0/8,0,8,1,wash their clothes in ponds,0.04,0.06916937450507195,0.4284380234503747,0.42687089580900606
0of8_g109,0/8,0,8,1,yell at stray cats,0.09,0.06735743321466124,0.16420344136850892,0.16227499689772285
4of8_g110,4/8,4,8,1,chug maple syrup,0.995,0.5051815772502115,0.38336243131463504,0.4447847099822849
4of8_g110,4/8,4,8,1,clap three times before entering a room,0.995,0.5007366916923255,0.4235095763379197,0.50076464949536
4of8_g110,4/8,4,8,1,dance around a fire on their 10th birthday,0.5,0.5025034458506923,0.5314082019857125,0.6031950841870185
4of8_g110,4/8,4,8,1,farm potatoes,0.5,0.5026977332859346,0.42092201808193985,0.4670074048130529
4of8_g110,4/8,4,8,1,go to the opera,0.995,0.5068028133764417,0.395172881709007,0.4421042623099992
4of8_g110,4/8,4,8,1,live in caves,0.5,0.49906016778627194,0.3459617083323203,0.4120730629339384
4of8_g110,4/8,4,8,1,look to their left when spoken to,0.995,0.5005669994294879,0.42100136344932315,0.4703336784798725
4of8_g110,4/8,4,8,1,paint their hands yellow,0.5,0.49868500500061624,0.404999425276074,0.4755828718319237
4of8_g110,4/8,4,8,1,play banjos,0.995,0.5060374242118849,0.38875690693419646,0.44316112008832015
4of8_g110,4/8,4,8,1,ride lions,0.995,0.503560991371019,0.2660599644271533,0.33010858428138545
4of8_g110,4/8,4,8,1,scream out windows,0.995,0.502309715827013,0.3345714520425655,0.4140739557350718
4of8_g110,4/8,4,8,1,sing beautiful songs,0.995,0.5075103004766621,0.6338203296139825,0.7010559280957801
4of8_g110,4/8,4,8,1,smell garbage for fun,0.5,0.501610072405316,0.2947400231190325,0.368798816363096
4of8_g110,4/8,4,8,1,smile when they are sad,0.995,0.5004572822496862,0.39125113921996824,0.4406941050286102
4of8_g110,4/8,4,8,1,wash their clothes in ponds,0.995,0.4970912965731793,0.5048463516064305,0.549121378391514
4of8_g110,4/8,4,8,1,yell at stray cats,0.995,0.502604043861291,0.2689892088685835,0.3369067715096793
4of8_g111,4/8,4,8,1,chug maple syrup,0.9,0.4857032656783802,0.3791113235912541,0.41466453284909566
4of8_g111,4/8,4,8,1,clap three times before entering a room,0.47,0.5208255536517612,0.4290793107336116,0.47007148711664554
4of8_g111,4/8,4,8,1,dance around a fire on their 10th birthday,0.995,0.5083127154287819,0.5328844421122395,0.5724831299876574
4of8_g111,4/8,4,8,1,farm potatoes,0.15,0.48119440655287005,0.4172817666826567,0.4424240266408427
4of8_g111,4/8,4,8,1,go to the opera,0.91,0.5153342055801998,0.396520703722404,0.42481568038125284
4of8_g111,4/8,4,8,1,live in caves,0.23,0.48589578505839326,0.3426396724846842,0.37554375813429386
4of8_g111,4/8,4,8,1,look to their left when spoken to,0.22,0.5126559984479641,0.42315824890585835,0.44917229435447975
4of8_g111,4/8,4,8,1,paint their hands yellow,0.8,0.5012118826953316,0.40567005512266385,0.44085939894993187
4of8_g111,4/8,4,8,1,play banjos,0.995,0.5021197245120679,0.38802422242227724,0.4202928348608376
4of8_g111,4/8,4,8,1,ride lions,0.49,0.49714192640723076,0.264602880998124,0.3006223115755873
4of8_g111,4/8,4,8,1,scream out windows,0.07,0.5088348304423901,0.33641115012075623,0.3800746861552096
4of8_g111,4/8,4,8,1,sing beautiful songs,0.995,0.512838045991459,0.6350221240527179,0.6760803508880264
4of8_g111,4/8,4,8,1,smell garbage for fun,0.51,0.4919087056967795,0.29211626400786933,0.3317901115042424
4of8_g111,4/8,4,8,1,smile when they are sad,0.995,0.5177301520501287,0.39433388027452126,0.42037280568060276
4of8_g111,4/8,4,8,1,wash their clothes in ponds,0.28,0.47355099879178814,0.5006430736133822,0.5210188286232286
4of8_g111,4/8,4,8,1,yell at stray cats,0.01,0.5057880519622635,0.2697557598868469,0.3072715739543047
4of8_g112,4/8,4,8,1,chug maple syrup,0.53,0.5002250524362768,0.38228067836906054,0.3882599414559289
4of8_g112,4/8,4,8,1,clap three times before entering a room,0.03,0.4921945548488139,0.4211412274744508,0.42410291240462483
4of8_g112,4/8,4,8,1,dance around a fire on their 10th birthday,0.995,0.4947992419105387,0.5294504248768144,0.5336833235920295
4of8_g112,4/8,4,8,1,farm potatoes,0.37,0.5048066622890716,0.4212790340846244,0.42694088191700075
4of8_g112,4/8,4,8,1,go to the opera,0.04,0.4865705913735269,0.39197651779275755,0.39299038258818486
4of8_g112,4/8,4,8,1,live in caves,0.9,0.5073623734577477,0.3480567723717972,0.35693269730960986
4of8_g112,4/8,4,8,1,look to their left when spoken to,0.5,0.49557655664658623,0.42011098257960344,0.4230137596674275
4of8_g112,4/8,4,8,1,paint their hands yellow,0.66,0.5022454951815545,0.4059443744474649,0.4128410434709072
4of8_g112,4/8,4,8,1,play banjos,0.12,0.4928362617677022,0.3862880379541074,0.38927318222972723
4of8_g112,4/8,4,8,1,ride lions,0.01,0.49779266685239965,0.2647505945864119,0.26983748825516984
4of8_g112,4/8,4,8,1,scream out windows,0.11,0.4948406779167579,0.33246562317987416,0.3371319179549691
4of8_g112,4/8,4,8,1,sing beautiful songs,0.89,0.48669381411266754,0.6291246966343708,0.6307218266720294
4of8_g112,4/8,4,8,1,smell garbage for fun,0.05,0.5021221696539513,0.29487852111238494,0.30251041957785385
4of8_g112,4/8,4,8,1,smile when they are sad,0.15,0.4937620225272306,0.3900562160684731,0.3923898039349364
4of8_g112,4/8,4,8,1,wash their clothes in ponds,0.995,0.5139981243185839,0.5078651790509454,0.5159185856657909
4of8_g112,4/8,4,8,1,yell at stray cats,0.005,0.4956488390576677,0.2673147409792527,0.2716826461624773
0of8_g113,0/8,0,8,1,chug maple syrup,0.03,0.06990037065484155,0.2883630627925632,0.2830118938509829
0of8_g113,0/8,0,8,1,clap three times before entering a room,0.5,0.06916447244048451,0.303854085716012,0.29714731193611793
0of8_g113,0/8,0,8,1,dance around a fire on their 10th birthday,0.06,0.06771843176997495,0.4209214918114491,0.41483538701123995
0of8_g113,0/8,0,8,1,farm potatoes,0.51,0.0688641207873674,0.34747926968498427,0.3434072367724105
0of8_g113,0/8,0,8,1,go to the opera,0.24,0.07030985824613305,0.326214053001285,0.32227301647440365
0of8_g113,0/8,0,8,1,live in caves,0.25,0.06736088764918953,0.237022268203692,0.23110584299966902
0of8_g113,0/8,0,8,1,look to their left when spoken to,0.13,0.06797285306750023,0.3438191235099867,0.33956134974103147
0of8_g113,0/8,0,8,1,paint their hands yellow,0.5,0.06728690425019562,0.29050696577537755,0.28427473461056185
0of8_g113,0/8,0,8,1,play banjos,0.62,0.06928066349998051,0.30707506846542143,0.3024816958790044
0of8_g113,0/8,0,8,1,ride lions,0.06,0.06787969921032411,0.1671633190860222,0.16171381539771104
0of8_g113,0/8,0,8,1,scream out windows,0.04,0.06771404930040645,0.21204106604522951,0.205292663621138
0of8_g113,0/8,0,8,1,sing beautiful songs,0.51,0.07071600651158574,0.5352914205471668,0.5296338668546569
0of8_g113,0/8,0,8,1,smell garbage for fun,0.07,0.06736790392952424,0.17729813269063777,0.17088897716526313
0of8_g113,0/8,0,8,1,smile when they are sad,0.38,0.06868159656732856,0.31419083320314745,0.30990027890333993
0of8_g113,0/8,0,8,1,wash their clothes in ponds,0.52,0.06876422840641216,0.428365681898187,0.4241686219923977
0of8_g113,0/8,0,8,1,yell at stray cats,0.13,0.06760344806842389,0.1642626695270686,0.15850452255500788
0of8_g114,0/8,0,8,1,chug maple syrup,0.3,0.06954824579742419,0.28828621215304856,0.28880516848347776
0of8_g114,0/8,0,8,1,clap three times before entering a room,0.1,0.06997587691998175,0.30407905154271736,0.3040252245897116
0of8_g114,0/8,0,8,1,dance around a fire on their 10th birthday,0.4,0.06810422887710109,0.4210195298113356,0.4212054411262471
0of8_g114,0/8,0,8,1,farm potatoes,0.5,0.06853303900123253,0.34742322156972216,0.3478138391411829
0of8_g114,0/8,0,8,1,go to the opera,0.25,0.07066465914087533,0.3262701058054329,0.3264077373537759
0of8_g114,0/8,0,8,1,live in caves,0.2,0.06735504843056243,0.23702079467515652,0.237416158397186
0of8_g114,0/8,0,8,1,look to their left when spoken to,0.17,0.06857291837794047,0.34392618548749887,0.34397129332496545
0of8_g114,0/8,0,8,1,paint their hands yellow,0.1,0.06769152447395606,0.29061435142334735,0.29079024601029035
0of8_g114,0/8,0,8,1,play banjos,0.2,0.06932248603077094,0.3070828900757814,0.3073681967361525
0of8_g114,0/8,0,8,1,ride lions,0.05,0.06792251108892514,0.1671730370868879,0.16751061989923322
0of8_g114,0/8,0,8,1,scream out windows,0.1,0.06812333155371049,0.21215645953932488,0.21234787585382514
0of8_g114,0/8,0,8,1,sing beautiful songs,0.9,0.07096780877365536,0.535348220286827,0.5355978282518806
0of8_g114,0/8,0,8,1,smell garbage for fun,0.8,0.06737944674283643,0.17730125447363043,0.1777180170453404
0of8_g114,0/8,0,8,1,smile when they are sad,0.25,0.06942334059022248,0.3143232144911304,0.31431435378319666
0of8_g114,0/8,0,8,1,wash their clothes in ponds,0.15,0.06854335138522583,0.4283262428252006,0.4286929800643848
0of8_g114,0/8,0,8,1,yell at stray cats,0.1,0.06791884010412312,0.16433860026544947,0.16455149159547997
8of8_g115,8/8,8,8,1,chug maple syrup,0.61,0.9298978452906426,0.47605602031765987,0.44918689384125254
8of8_g115,8/8,8,8,1,clap three times before entering a room,0.2,0.9290849063313421,0.5422711960466728,0.5042774273533779
8of8_g115,8/8,8,8,1,dance around a fire on their 10th birthday,0.45,0.9311201245796914,0.6403274269473038,0.6068948002804003
8of8_g115,8/8,8,8,1,farm potatoes,0.06,0.9310169768236072,0.49343125095475127,0.4732514920028871
8of8_g115,8/8,8,8,1,go to the opera,0.26,0.9283655135810701,0.46177297156451713,0.439822405842412
8of8_g115,8/8,8,8,1,live in caves,0.01,0.9321977265310704,0.45526409849001465,0.4252990856384673
8of8_g115,8/8,8,8,1,look to their left when spoken to,0.49,0.9306159213239406,0.4977294915445562,0.47409536507911576
8of8_g115,8/8,8,8,1,paint their hands yellow,0.05,0.9316746147187804,0.5199142690564357,0.48659723128628085
8of8_g115,8/8,8,8,1,play banjos,0.38,0.9299086512683775,0.46802890502200123,0.4434528963498246
8of8_g115,8/8,8,8,1,ride lions,0.01,0.9314270530420207,0.3631826064041159,0.33437304797128353
8of8_g115,8/8,8,8,1,scream out windows,0.49,0.9310969208031081,0.4554641939245723,0.41833725575845926
8of8_g115,8/8,8,8,1,sing beautiful songs,0.84,0.9280774337541604,0.7286888327142156,0.6974927850423565
8of8_g115,8/8,8,8,1,smell garbage for fun,0.12,0.9320676973720897,0.41115837420377566,0.3778766128581441
8of8_g115,8/8,8,8,1,smile when they are sad,0.43,0.929689594016657,0.46785752164003713,0.44374056348546786
8of8_g115,8/8,8,8,1,wash their clothes in ponds,0.04,0.9311724510401628,0.5823544520014226,0.5622712097425749
8of8_g115,8/8,8,8,1,yell at stray cats,0.28,0.9313380169572949,0.37220705669392873,0.34082230823177967
8of8_g116,8/8,8,8,1,chug maple syrup,0.65,0.9297068437219139,0.476014334556499,0.45655128441583037
8of8_g116,8/8,8,8,1,clap three times before entering a room,0.09,0.9306862267240672,0.5427151698908803,0.5167261942651241
8of8_g116,8/8,8,8,1,dance around a fire on their 10th birthday,0.36,0.9320877371930867,0.6405733147560252,0.6172984110321855
8of8_g116,8/8,8,8,1,farm potatoes,0.24,0.9304285674737246,0.4933316404160727,0.4786053984089495
8of8_g116,8/8,8,8,1,go to the opera,0.36,0.930038379902993,0.46203725739270407,0.44690438258194565
8of8_g116,8/8,8,8,1,live in caves,0.74,0.9316960496390555,0.45513750017897686,0.4334716245473701
8of8_g116,8/8,8,8,1,look to their left when spoken to,0.28,0.9317205341325432,0.49792657347816677,0.48157320173937634
8of8_g116,8/8,8,8,1,paint their hands yellow,0.64,0.9320182472922092,0.5200054686663272,0.49653051528660735
8of8_g116,8/8,8,8,1,play banjos,0.09,0.9307386902361648,0.4681841381288204,0.4508894723311525
8of8_g116,8/8,8,8,1,ride lions,0.24,0.9318168559450457,0.36327108897187144,0.34284492286906915
8of8_g116,8/8,8,8,1,scream out windows,0.18,0.9320829796868784,0.45574220446390906,0.42991525191716506
8of8_g116,8/8,8,8,1,sing beautiful songs,0.9,0.9296521528763774,0.729044046505564,0.707447625192672
8of8_g116,8/8,8,8,1,smell garbage for fun,0.5,0.9320485315612849,0.41115319076187173,0.3873487035611148
8of8_g116,8/8,8,8,1,smile when they are sad,0.5,0.9310875196360067,0.46810701363226365,0.4515385840889036
8of8_g116,8/8,8,8,1,wash their clothes in ponds,0.77,0.9298334234086825,0.5821153596404103,0.5672472019174614
8of8_g116,8/8,8,8,1,yell at stray cats,0.07,0.9321664485352558,0.3724065018741886,0.35047095027554853
4of8_g117,4/8,4,8,1,chug maple syrup,0.05,0.5013106906122784,0.3825176170183771,0.3566272439192745
4of8_g117,4/8,4,8,1,clap three times before entering a room,0.005,0.5033494163494823,0.4242339669190697,0.3851287151604963
4of8_g117,4/8,4,8,1,dance around a fire on their 10th birthday,0.4,0.5030281346549362,0.5315415348697098,0.49732183604199653
4of8_g117,4/8,4,8,1,farm potatoes,0.005,0.4987421852432299,0.42025239195961306,0.40087396026219635
4of8_g117,4/8,4,8,1,go to the opera,0.05,0.5077064411484152,0.39531564028508626,0.3730446117657338
4of8_g117,4/8,4,8,1,live in caves,0.45,0.49695454095212394,0.34543035278232015,0.31600122664880703
4of8_g117,4/8,4,8,1,look to their left when spoken to,0.3,0.5020809838705687,0.4212714843267752,0.3969896038728832
4of8_g117,4/8,4,8,1,paint their hands yellow,0.1,0.49896047986754,0.405072535924892,0.3713041298236163
4of8_g117,4/8,4,8,1,play banjos,0.35,0.5048563875757305,0.388536030573673,0.3639198328183533
4of8_g117,4/8,4,8,1,ride lions,0.005,0.5020904268264987,0.2657261564284454,0.236823802463169
4of8_g117,4/8,4,8,1,scream out windows,0.35,0.5029500722052695,0.33475199483267365,0.2967213476422984
4of8_g117,4/8,4,8,1,sing beautiful songs,0.15,0.5078866321236071,0.6339052197948596,0.6024571064303101
4of8_g117,4/8,4,8,1,smell garbage for fun,0.65,0.4997650978951366,0.294241045106307,0.26108128141381765
4of8_g117,4/8,4,8,1,smile when they are sad,0.25,0.5026915159648537,0.3916498896348551,0.36683667392355024
4of8_g117,4/8,4,8,1,wash their clothes in ponds,0.35,0.49365016858829314,0.5042319151339417,0.485397248309981
4of8_g117,4/8,4,8,1,yell at stray cats,0.15,0.5027223821747011,0.2690176988572291,0.2369906689013342
8of8_g118,8/8,8,8,1,chug maple syrup,0.8,0.92982719396247,0.4760406007878021,0.4739599323668748
8of8_g118,8/8,8,8,1,clap three times before entering a room,0.995,0.9306999597391924,0.5427189774359196,0.5401637508007887
8of8_g118,8/8,8,8,1,dance around a fire on their 10th birthday,0.95,0.932130681619516,0.6405842277089624,0.6382328977145678
8of8_g118,8/8,8,8,1,farm potatoes,0.2,0.9306178045353436,0.49336367594652375,0.49184486183727105
8of8_g118,8/8,8,8,1,go to the opera,0.1,0.9299629303356147,0.46202533758109715,0.46039462802131487
8of8_g118,8/8,8,8,1,live in caves,0.75,0.9319202131535932,0.4551940679077052,0.4530926113291583
8of8_g118,8/8,8,8,1,look to their left when spoken to,0.1,0.9317778488431975,0.49793679940883867,0.4963325564677764
8of8_g118,8/8,8,8,1,paint their hands yellow,0.6,0.9321680936691678,0.5200452376875988,0.5177993676522671
8of8_g118,8/8,8,8,1,play banjos,0.03,0.9307497690704187,0.46818621008197914,0.46633583331495543
8of8_g118,8/8,8,8,1,ride lions,0.01,0.9318995301488587,0.3632898554453475,0.36118200233086517
8of8_g118,8/8,8,8,1,scream out windows,0.4,0.9321268333501102,0.455754568614537,0.4531531881413768
8of8_g118,8/8,8,8,1,sing beautiful songs,0.7,0.929576296917312,0.7290269354649753,0.7266715090938092
8of8_g118,8/8,8,8,1,smell garbage for fun,0.9,0.932194024575878,0.4111925397148717,0.40880120136949566
8of8_g118,8/8,8,8,1,smile when they are sad,0.1,0.9311219453041021,0.46811315768484985,0.46649080736720683
8of8_g118,8/8,8,8,1,wash their clothes in ponds,0.8,0.9301677256242662,0.5821750515423072,0.5807628531907274
8of8_g118,8/8,8,8,1,yell at stray cats,0.1,0.9322205281194099,0.37241952155221264,0.3701980968067141
4of8_g119,4/8,4,8,1,chug maple syrup,0.02,0.4863457492770018,0.3792515445225281,0.3317395633730902
4of8_g119,4/8,4,8,1,clap three times before entering a room,0.06,0.5030941110206236,0.42416318227858496,0.3631747528005994
4of8_g119,4/8,4,8,1,dance around a fire on their 10th birthday,0.25,0.49663810894208893,0.529917714139747,0.4736786319055906
4of8_g119,4/8,4,8,1,farm potatoes,0.1,0.4925550441932218,0.4192049843122084,0.38273239448882324
4of8_g119,4/8,4,8,1,go to the opera,0.05,0.48510299992940953,0.3917446620759164,0.35633130889680686
4of8_g119,4/8,4,8,1,live in caves,0.15,0.5032750009130386,0.34702532270971687,0.2930733072465065
4of8_g119,4/8,4,8,1,look to their left when spoken to,0.06,0.5026592690051137,0.4213746603461068,0.3821907337364521
4of8_g119,4/8,4,8,1,paint their hands yellow,0.1,0.5065368164748804,0.4070832851856576,0.3497313744491815
4of8_g119,4/8,4,8,1,play banjos,0.2,0.48594646844205197,0.38499951528855847,0.3434590134859097
4of8_g119,4/8,4,8,1,ride lions,0.1,0.4923155942016465,0.2635073369088494,0.21351003196201468
4of8_g119,4/8,4,8,1,scream out windows,0.05,0.49724880584712206,0.33314457344920556,0.2707797644529535
4of8_g119,4/8,4,8,1,sing beautiful songs,0.36,0.4828504070768703,0.6282577285728166,0.5777424875762149
4of8_g119,4/8,4,8,1,smell garbage for fun,0.02,0.497075775440986,0.293513711061123,0.23460963737325474
4of8_g119,4/8,4,8,1,smile when they are sad,0.14,0.503557868172104,0.3918045101204981,0.3526091654035226
4of8_g119,4/8,4,8,1,wash their clothes in ponds,0.25,0.5066611273483017,0.5065551090515494,0.4694816285355221
4of8_g119,4/8,4,8,1,yell at stray cats,0.01,0.4960577820506982,0.2674131941419891,0.2141851566989832
4of8_g120,4/8,4,8,1,chug maple syrup,0.1,0.5216178676929836,0.38694962320174126,0.3550702825639286
4of8_g120,4/8,4,8,1,clap three times before entering a room,0.1,0.4568224500619947,0.41133413989144174,0.37074862921413715
4of8_g120,4/8,4,8,1,dance around a fire on their 10th birthday,0.1,0.47952305621889124,0.525568470700795,0.48798533636502306
4of8_g120,4/8,4,8,1,farm potatoes,0.1,0.5305342978291767,0.4256344095313038,0.39990407197413014
4of8_g120,4/8,4,8,1,go to the opera,0.3,0.46520312238927286,0.3886008032106909,0.3670520085897935
4of8_g120,4/8,4,8,1,live in caves,0.02,0.5222322382194483,0.3518091871115524,0.31174133199308096
4of8_g120,4/8,4,8,1,look to their left when spoken to,0.2,0.4719651157185555,0.41589829520427357,0.38915465468818655
4of8_g120,4/8,4,8,1,paint their hands yellow,0.1,0.49370163558400376,0.40367684592276665,0.36215082406977833
4of8_g120,4/8,4,8,1,play banjos,0.4,0.49030392113615195,0.38581444199173,0.3592815665550685
4of8_g120,4/8,4,8,1,ride lions,0.06,0.5002438258829341,0.26530699076334047,0.23159920529978417
4of8_g120,4/8,4,8,1,scream out windows,0.2,0.4785987105584648,0.32788634482288226,0.28612982929835507
4of8_g120,4/8,4,8,1,sing beautiful songs,0.995,0.46969847480605376,0.6252910104707989,0.5947383296423798
4of8_g120,4/8,4,8,1,smell garbage for fun,0.01,0.5104881696929908,0.2971411269375113,0.25566461924073486
4of8_g120,4/8,4,8,1,smile when they are sad,0.05,0.4626138560105536,0.3844971090524198,0.35806106127515613
4of8_g120,4/8,4,8,1,wash their clothes in ponds,0.15,0.5456243621481468,0.5135122558511802,0.48448616295275004
4of8_g120,4/8,4,8,1,yell at stray cats,0.03,0.48421820848351266,0.2645628128345552,0.22882600532316844
8of8_g121,8/8,8,8,1,chug maple syrup,0.45,0.9287578842292441,0.47580722579280627,0.4317425531205217
8of8_g121,8/8,8,8,1,clap three times before entering a room,0.65,0.9296056156177452,0.5424155652214171,0.4878713820768438
8of8_g121,8/8,8,8,1,dance around a fire on their 10th birthday,0.6,0.9310261777173939,0.640303553355965,0.5897381084332233
8of8_g121,8/8,8,8,1,farm potatoes,0.2,0.9301467835936605,0.4932839378360751,0.4610712685360963
8of8_g121,8/8,8,8,1,go to the opera,0.2,0.9277757971452822,0.4616798059035285,0.426844406641685
8of8_g121,8/8,8,8,1,live in caves,0.6,0.9320231095373139,0.4552200338403568,0.4104004767000077
8of8_g121,8/8,8,8,1,look to their left when spoken to,0.15,0.9309376937409518,0.49778690128092107,0.46339615517389565
8of8_g121,8/8,8,8,1,paint their hands yellow,0.3,0.9319764663007103,0.5199943800489486,0.47191794049525626
8of8_g121,8/8,8,8,1,play banjos,0.55,0.9290941727952959,0.4678765820242619,0.4283116329382851
8of8_g121,8/8,8,8,1,ride lions,0.16,0.9308720705552511,0.3630566292112638,0.31784802377611165
8of8_g121,8/8,8,8,1,scream out windows,0.23,0.9310466473657332,0.4554500197756762,0.39951660136952244
8of8_g121,8/8,8,8,1,sing beautiful songs,0.14,0.9273051460117538,0.7285146256107887,0.6783031380483593
8of8_g121,8/8,8,8,1,smell garbage for fun,0.03,0.9316711110825968,0.4110511164408561,0.35982021677512177
8of8_g121,8/8,8,8,1,smile when they are sad,0.34,0.9301682859048174,0.46794295522190066,0.43326223926215446
8of8_g121,8/8,8,8,1,wash their clothes in ponds,0.7,0.9309456972116202,0.582313963585082,0.5525366831723914
8of8_g121,8/8,8,8,1,yell at stray cats,0.13,0.9311617664328773,0.3721646243210586,0.32439337369758225
8of8_g122,8/8,8,8,1,chug maple syrup,0.69,0.9285548189406289,0.4757629071456997,0.4720777292611501
8of8_g122,8/8,8,8,1,clap three times before entering a room,0.75,0.9305687075712205,0.5426825871358649,0.5387757974677642
8of8_g122,8/8,8,8,1,dance around a fire on their 10th birthday,0.995,0.9315748049114594,0.6404429694163658,0.6366475889246919
8of8_g122,8/8,8,8,1,farm potatoes,0.15,0.929740147860907,0.49321509935756763,0.4904451775842392
8of8_g122,8/8,8,8,1,go to the opera,0.11,0.9286853384166657,0.4618234987168917,0.45930182602740977
8of8_g122,8/8,8,8,1,live in caves,0.005,0.9317249968277123,0.45514480501053595,0.4513382372993251
8of8_g122,8/8,8,8,1,look to their left when spoken to,0.25,0.9315996755151862,0.49790501022105377,0.49535379787036304
8of8_g122,8/8,8,8,1,paint their hands yellow,0.65,0.9322012962722276,0.5200540496125459,0.516262410813565
8of8_g122,8/8,8,8,1,play banjos,0.1,0.9295024130389499,0.4679529307305401,0.46491263961103996
8of8_g122,8/8,8,8,1,ride lions,0.005,0.9310510696368514,0.36309726076696275,0.35953009811223524
8of8_g122,8/8,8,8,1,scream out windows,0.1,0.93160952141626,0.4556087171120536,0.4514173405096082
8of8_g122,8/8,8,8,1,sing beautiful songs,0.91,0.9281426557279437,0.7287035450170383,0.7250273203668639
8of8_g122,8/8,8,8,1,smell garbage for fun,0.35,0.9316299062624233,0.4110399724932452,0.40686871914369543
8of8_g122,8/8,8,8,1,smile when they are sad,0.9,0.9310113408696019,0.4680934177785697,0.46557441515325687
8of8_g122,8/8,8,8,1,wash their clothes in ponds,0.76,0.930165178187018,0.5821745966803075,0.579435138390757
8of8_g122,8/8,8,8,1,yell at stray cats,0.005,0.9316238030560658,0.3722758597930639,0.3686499078593186
8of8_g123,8/8,8,8,1,chug maple syrup,0.01,0.9291025355275989,0.47588244534101537,0.4505261315405372
8of8_g123,8/8,8,8,1,clap three times before entering a room,0.01,0.9297697345328008,0.5424610679864823,0.5128516087007164
8of8_g123,8/8,8,8,1,dance around a fire on their 10th birthday,0.01,0.9312643753866505,0.6403640836778368,0.6124528982979576
8of8_g123,8/8,8,8,1,farm potatoes,0.25,0.9303201848975172,0.49331329256554735,0.474547156167738
8of8_g123,8/8,8,8,1,go to the opera,0.1,0.928323341227292,0.46176630901455795,0.4428420893342258
8of8_g123,8/8,8,8,1,live in caves,0.01,0.9319854310349622,0.4552105256592226,0.42918056055874393
8of8_g123,8/8,8,8,1,look to their left when spoken to,0.02,0.9310662201260348,0.4978098325997459,0.4788906987066148
8of8_g123,8/8,8,8,1,paint their hands yellow,0.01,0.9319555487476773,0.5199888285592936,0.4928710025541139
8of8_g123,8/8,8,8,1,play banjos,0.1,0.9295426127484439,0.467960448842388,0.4459555856848272
8of8_g123,8/8,8,8,1,ride lions,0.01,0.9311438422347141,0.363118319506168,0.3376830703480226
8of8_g123,8/8,8,8,1,scream out windows,0.1,0.9312741643460308,0.45551416616636525,0.42465669867517053
8of8_g123,8/8,8,8,1,sing beautiful songs,0.75,0.9278930783315418,0.7286472471465418,0.701257142569949
8of8_g123,8/8,8,8,1,smell garbage for fun,0.01,0.9318061744377334,0.41108764466613307,0.3818735992553885
8of8_g123,8/8,8,8,1,smile when they are sad,0.01,0.9303047866753617,0.46796731692520743,0.44903854259905596
8of8_g123,8/8,8,8,1,wash their clothes in ponds,0.03,0.9307521811282574,0.5822794099909834,0.5643978549131723
8of8_g123,8/8,8,8,1,yell at stray cats,0.02,0.9313986161905278,0.3722216459796552,0.34573936059534965
4of8_g124,4/8,4,8,1,chug maple syrup,0.1,0.47300540686586495,0.37634003792466963,0.32707355274617766
4of8_g124,4/8,4,8,1,clap three times before entering a room,0.15,0.48816952052111723,0.4200252671883937,0.35842662166032135
4of8_g124,4/8,4,8,1,dance around a fire on their 10th birthday,0.1,0.48173889625113675,0.5261315555990933,0.4687810626356685
4of8_g124,4/8,4,8,1,farm potatoes,0.24,0.487657947982275,0.41837596554894363,0.38042688707162
4of8_g124,4/8,4,8,1,go to the opera,0.1,0.45595066707853066,0.38713906488616545,0.35129102865656436
4of8_g124,4/8,4,8,1,live in caves,0.1,0.5066164229036928,0.3478685315304028,0.2920970425156714
4of8_g124,4/8,4,8,1,look to their left when spoken to,0.15,0.49140732472330245,0.4193671198589175,0.3795627298628835
4of8_g124,4/8,4,8,1,paint their hands yellow,0.15,0.505013337318466,0.40667895592386316,0.3480601081425445
4of8_g124,4/8,4,8,1,play banjos,0.15,0.46395822622971383,0.38088729491749207,0.3383797694030576
4of8_g124,4/8,4,8,1,ride lions,0.1,0.478889798645493,0.26045977401039544,0.20905273664461688
4of8_g124,4/8,4,8,1,scream out windows,0.15,0.48267612802250215,0.3290359364415326,0.26546415784528576
4of8_g124,4/8,4,8,1,sing beautiful songs,0.1,0.45283034881958734,0.621486020171221,0.5702919245297549
4of8_g124,4/8,4,8,1,smell garbage for fun,0.1,0.4910089406783545,0.2918729202877602,0.23109812690089865
4of8_g124,4/8,4,8,1,smile when they are sad,0.1,0.49062587001581937,0.38949649749177084,0.3498282202070665
4of8_g124,4/8,4,8,1,wash their clothes in ponds,0.15,0.5202847141411283,0.508987691811736,0.4704702364197837
4of8_g124,4/8,4,8,1,yell at stray cats,0.15,0.4818686031158842,0.26399714455421297,0.2096161693716203
4of8_g125,4/8,4,8,1,chug maple syrup,0.76,0.5286112082660022,0.3884759076547113,0.4241798703495847
4of8_g125,4/8,4,8,1,clap three times before entering a room,0.93,0.4624845391972865,0.4129039815615168,0.45656785643546116
4of8_g125,4/8,4,8,1,dance around a fire on their 10th birthday,0.9,0.48631032897890697,0.5272932390668232,0.56859368065029
4of8_g125,4/8,4,8,1,farm potatoes,0.77,0.5275300558001741,0.42512582793434356,0.4517897768075529
4of8_g125,4/8,4,8,1,go to the opera,0.63,0.4897820329648788,0.39248387363435816,0.41985847345979627
4of8_g125,4/8,4,8,1,live in caves,0.5,0.5087082662593867,0.34839640881556694,0.38629915951434124
4of8_g125,4/8,4,8,1,look to their left when spoken to,0.1,0.4737590001720927,0.4162183550605632,0.4442686789590555
4of8_g125,4/8,4,8,1,paint their hands yellow,0.99,0.48453348207851216,0.4012436306580316,0.4413425338897963
4of8_g125,4/8,4,8,1,play banjos,0.63,0.506745056554632,0.38888924766916605,0.42061277076093134
4of8_g125,4/8,4,8,1,ride lions,0.75,0.5062329616059299,0.26666648322297665,0.3037772726179348
4of8_g125,4/8,4,8,1,scream out windows,0.1,0.4849240438653552,0.3296697163365686,0.37535673789175095
4of8_g125,4/8,4,8,1,sing beautiful songs,0.9,0.4956750128411486,0.6311506107203735,0.6704805026459518
4of8_g125,4/8,4,8,1,smell garbage for fun,0.76,0.507820615342297,0.29641968013084674,0.3391293194669705
4of8_g125,4/8,4,8,1,smile when they are sad,0.4,0.46604969516977085,0.3851103136070381,0.4130881387765746
4of8_g125,4/8,4,8,1,wash their clothes in ponds,0.75,0.5212650336911631,0.5091627344398745,0.5345215559297585
4of8_g125,4/8,4,8,1,yell at stray cats,0.23,0.49034585445350937,0.2660380456571173,0.3051690747804774
4of8_g126,4/8,4,8,1,chug maple syrup,0.77,0.46780729806512683,0.3752055596929039,0.3630667892850197
4of8_g126,4/8,4,8,1,clap three times before entering a room,0.78,0.5121305742537181,0.42666858553071546,0.4191615780701195
4of8_g126,4/8,4,8,1,dance around a fire on their 10th birthday,0.9,0.4955428237435275,0.5296393824255146,0.5198895409939334
4of8_g126,4/8,4,8,1,farm potatoes,0.26,0.4735710241709345,0.41599122086490464,0.40719110922952517
4of8_g126,4/8,4,8,1,go to the opera,0.12,0.48435647745261645,0.3916267235960428,0.38441863575946106
4of8_g126,4/8,4,8,1,live in caves,0.5,0.49119803378562404,0.34397769650822163,0.3336754190775715
4of8_g126,4/8,4,8,1,look to their left when spoken to,0.84,0.506475706033617,0.4220555783865484,0.4165260445913687
4of8_g126,4/8,4,8,1,paint their hands yellow,0.7,0.5048883530145979,0.40664578526241624,0.3981626270079227
4of8_g126,4/8,4,8,1,play banjos,0.29,0.4772514652517963,0.3833733839725503,0.37400120113902113
4of8_g126,4/8,4,8,1,ride lions,0.35,0.48281504015780485,0.2613507767335011,0.2507826347313251
4of8_g126,4/8,4,8,1,scream out windows,0.22,0.49669866470113067,0.3329894660421067,0.32238579913899384
4of8_g126,4/8,4,8,1,sing beautiful songs,0.75,0.47979120305749756,0.6275676553763345,0.6166236661914124
4of8_g126,4/8,4,8,1,smell garbage for fun,0.03,0.4861745564666781,0.2905654488764292,0.2785851697295324
4of8_g126,4/8,4,8,1,smile when they are sad,0.57,0.5108454175086106,0.39310514098185934,0.3881102869639155
4of8_g126,4/8,4,8,1,wash their clothes in ponds,0.5,0.4887574952533808,0.5033582955074275,0.4958722231682654
4of8_g126,4/8,4,8,1,yell at stray cats,0.15,0.4931988087220495,0.2667248953541832,0.2571153472503972
4of8_g127,4/8,4,8,1,chug maple syrup,0.15,0.47660095729340823,0.37712476057046806,0.3606916623714304
4of8_g127,4/8,4,8,1,clap three times before entering a room,0.12,0.5150946196028481,0.4274903814773836,0.4024993528341747
4of8_g127,4/8,4,8,1,dance around a fire on their 10th birthday,0.85,0.5009475281038408,0.5310128152368963,0.5092741691705555
4of8_g127,4/8,4,8,1,farm potatoes,0.75,0.4799989608745398,0.41707939228462376,0.4040169751690602
4of8_g127,4/8,4,8,1,go to the opera,0.5,0.4944308359114762,0.3932183093275864,0.38033053013018914
4of8_g127,4/8,4,8,1,live in caves,0.5,0.4937462666739649,0.34462074382598656,0.32364891785561545
4of8_g127,4/8,4,8,1,look to their left when spoken to,0.76,0.5095464364382312,0.42260344953291296,0.4067824866170352
4of8_g127,4/8,4,8,1,paint their hands yellow,0.12,0.5063281869502537,0.40702791519826675,0.38371164897543386
4of8_g127,4/8,4,8,1,play banjos,0.65,0.4866522687381453,0.3851315133958866,0.37030710949588586
4of8_g127,4/8,4,8,1,ride lions,0.28,0.4896832989950449,0.2629098240705327,0.2444699566420893
4of8_g127,4/8,4,8,1,scream out windows,0.02,0.5018712065315608,0.33444781824367237,0.31022764050817897
4of8_g127,4/8,4,8,1,sing beautiful songs,0.88,0.4906761248628775,0.6300229975948101,0.6119931509561067
4of8_g127,4/8,4,8,1,smell garbage for fun,0.3,0.49114357906341327,0.291909333578807,0.2697042098325057
4of8_g127,4/8,4,8,1,smile when they are sad,0.23,0.5135971422389295,0.3935962495755665,0.37756379783315586
4of8_g127,4/8,4,8,1,wash their clothes in ponds,0.6,0.4899187034705594,0.5035656370198391,0.48911292090221703
4of8_g127,4/8,4,8,1,yell at stray cats,0.18,0.49879044399509903,0.26807108342167096,0.2476543799582591
8of8_g128,8/8,8,8,1,chug maple syrup,0.84,0.9295193443975411,0.4759734131540956,0.4756226364767052
8of8_g128,8/8,8,8,1,clap three times before entering a room,0.75,0.9293593755653076,0.5423472939727805,0.5413097426037933
8of8_g128,8/8,8,8,1,dance around a fire on their 10th birthday,0.44,0.9311573263396807,0.6403368805851727,0.6395833459280084
8of8_g128,8/8,8,8,1,farm potatoes,0.995,0.9306784592559476,0.49337394405221235,0.4931773075320694
8of8_g128,8/8,8,8,1,go to the opera,0.14,0.9283258719821434,0.4617667088329015,0.461161627248859
8of8_g128,8/8,8,8,1,live in caves,0.64,0.9320690027456008,0.45523161500494647,0.4549094186845315
8of8_g128,8/8,8,8,1,look to their left when spoken to,0.44,0.9307858925046403,0.49775981732811536,0.49720007967006874
8of8_g128,8/8,8,8,1,paint their hands yellow,0.84,0.9317653494253076,0.5199383499221008,0.519342465861716
8of8_g128,8/8,8,8,1,play banjos,0.64,0.9297235171131462,0.46799428140647203,0.46747063638184094
8of8_g128,8/8,8,8,1,ride lions,0.44,0.9312752237958468,0.363148142213476,0.3626311926509112
8of8_g128,8/8,8,8,1,scream out windows,0.64,0.9311484942697844,0.45547873460517685,0.4546365592794494
8of8_g128,8/8,8,8,1,sing beautiful songs,0.44,0.9279752544835095,0.7286657838506988,0.7278285601963373
8of8_g128,8/8,8,8,1,smell garbage for fun,0.84,0.9319221503429319,0.41111901064240036,0.4106300374864668
8of8_g128,8/8,8,8,1,smile when they are sad,0.5,0.9299326268083292,0.46790089643375393,0.4672772684880517
8of8_g128,8/8,8,8,1,wash their clothes in ponds,0.64,0.9309457519576464,0.5823139733603521,0.5822463002524346
8of8_g128,8/8,8,8,1,yell at stray cats,0.22,0.9313380988199936,0.3722070764024009,0.3715334514211098
8of8_g129,8/8,8,8,1,chug maple syrup,0.7,0.9301748612415317,0.4761164785685705,0.47703790652380174
8of8_g129,8/8,8,8,1,clap three times before entering a room,0.005,0.9295820545692033,0.5424090328064536,0.543541642836995
8of8_g129,8/8,8,8,1,dance around a fire on their 10th birthday,0.995,0.9315399028309423,0.6404341001685083,0.6414752828797999
8of8_g129,8/8,8,8,1,farm potatoes,0.9,0.9311039711465809,0.49344597803441975,0.49409543780191956
8of8_g129,8/8,8,8,1,go to the opera,0.5,0.9291273275925724,0.46189332585960685,0.46265321967680745
8of8_g129,8/8,8,8,1,live in caves,0.1,0.9321525557064989,0.4552526996191678,0.45611422950185987
8of8_g129,8/8,8,8,1,look to their left when spoken to,0.995,0.9309897981347183,0.49779619760139926,0.498496445598316
8of8_g129,8/8,8,8,1,paint their hands yellow,0.75,0.9317995091350256,0.5199474158618317,0.5208873856642016
8of8_g129,8/8,8,8,1,play banjos,0.75,0.930443072802516,0.46812885203450905,0.4689712747442597
8of8_g129,8/8,8,8,1,ride lions,0.005,0.9317594756630493,0.3632580640440164,0.364187393867773
8of8_g129,8/8,8,8,1,scream out windows,0.05,0.9315131732460481,0.45558155260169253,0.45673168707136386
8of8_g129,8/8,8,8,1,sing beautiful songs,0.995,0.9288467201132148,0.7288623627872153,0.7299637272412185
8of8_g129,8/8,8,8,1,smell garbage for fun,0.005,0.932230707307167,0.4112024606521307,0.4122259826978727
8of8_g129,8/8,8,8,1,smile when they are sad,0.005,0.9301274670401046,0.4679356701562744,0.468648888021215
8of8_g129,8/8,8,8,1,wash their clothes in ponds,0.65,0.9308673399878501,0.5822999723774377,0.5828490292130813
8of8_g129,8/8,8,8,1,yell at stray cats,0.05,0.9317299587822943,0.37230141681975926,0.3732822130087934
8of8_g130,8/8,8,8,1,chug maple syrup,0.42,0.9288082818354617,0.47581822498296916,0.45648567690661956
8of8_g130,8/8,8,8,1,clap three times before entering a room,0.61,0.930163636794975,0.5425702792988306,0.521431876080363
8of8_g130,8/8,8,8,1,dance around a fire on their 10th birthday,0.68,0.9313944812761072,0.6403971459298344,0.6200034764383672
8of8_g130,8/8,8,8,1,farm potatoes,0.36,0.9301222675336656,0.4932797875656165,0.4789112049497607
8of8_g130,8/8,8,8,1,go to the opera,0.38,0.9282741800516978,0.46175854234376285,0.44797953264876883
8of8_g130,8/8,8,8,1,live in caves,0.25,0.9320564719530752,0.45522845285577246,0.4355536877573912
8of8_g130,8/8,8,8,1,look to their left when spoken to,0.69,0.9313664166733127,0.4978633928296654,0.4841790369921765
8of8_g130,8/8,8,8,1,paint their hands yellow,0.59,0.9322308832573106,0.5200619019574809,0.5001169904126563
8of8_g130,8/8,8,8,1,play banjos,0.36,0.9293885149732601,0.46793162962145496,0.451591593369431
8of8_g130,8/8,8,8,1,ride lions,0.43,0.9310815486758831,0.3631041792983931,0.34414028520820655
8of8_g130,8/8,8,8,1,scream out windows,0.36,0.931422056222948,0.4555558629667714,0.43303630492120687
8of8_g130,8/8,8,8,1,sing beautiful songs,0.68,0.9277706857669262,0.7286196387138401,0.708569171982932
8of8_g130,8/8,8,8,1,smell garbage for fun,0.24,0.9317982326438071,0.41108549678792183,0.38917028857468944
8of8_g130,8/8,8,8,1,smile when they are sad,0.69,0.9306761727813829,0.4680335993212047,0.45445799707058726
8of8_g130,8/8,8,8,1,wash their clothes in ponds,0.4,0.9307919351649128,0.5822865083407562,0.5684832369096467
8of8_g130,8/8,8,8,1,yell at stray cats,0.31,0.9314930854192845,0.3722443894781645,0.3528115976510455
4of8_g131,4/8,4,8,1,chug maple syrup,0.09,0.49141466995598126,0.3803578276707439,0.33709129212286504
4of8_g131,4/8,4,8,1,clap three times before entering a room,0.36,0.5160162955340719,0.4277459205988223,0.37359795099445736
4of8_g131,4/8,4,8,1,dance around a fire on their 10th birthday,0.08,0.5073895440167253,0.5326498476139431,0.4821341762642397
4of8_g131,4/8,4,8,1,farm potatoes,0.56,0.4890774056570581,0.418616262450488,0.38610497433857793
4of8_g131,4/8,4,8,1,go to the opera,0.37,0.5108659374336747,0.3958147896082932,0.36277134246704823
4of8_g131,4/8,4,8,1,live in caves,0.38,0.493371503668172,0.34452617227141036,0.2977625733113309
4of8_g131,4/8,4,8,1,look to their left when spoken to,0.5,0.5107521562638128,0.4228185706982368,0.3881533299384011
4of8_g131,4/8,4,8,1,paint their hands yellow,0.23,0.5037276870171803,0.4063377461114046,0.35656929505229673
4of8_g131,4/8,4,8,1,play banjos,0.37,0.5022944230863182,0.3880568943852696,0.34972981579271833
4of8_g131,4/8,4,8,1,ride lions,0.11,0.49965884477246697,0.2651742040900219,0.2200410293106977
4of8_g131,4/8,4,8,1,scream out windows,0.51,0.5077858046827969,0.33611538663035745,0.2801804574039278
4of8_g131,4/8,4,8,1,sing beautiful songs,0.65,0.5090254792151139,0.63416211271464,0.5867984385083207
4of8_g131,4/8,4,8,1,smell garbage for fun,0.09,0.49669581323453615,0.29341094932341927,0.2411688093284379
4of8_g131,4/8,4,8,1,smile when they are sad,0.06,0.5140827953914129,0.3936829255552231,0.3589957152341242
4of8_g131,4/8,4,8,1,wash their clothes in ponds,0.2,0.48553083528190494,0.5027821537366179,0.47129215661258983
4of8_g131,4/8,4,8,1,yell at stray cats,0.17,0.5056933046346014,0.26973294943593285,0.2219197316632911
0of8_g132,0/8,0,8,1,chug maple syrup,0.12,0.06984400593595767,0.2883507612904084,0.2827201704719487
0of8_g132,0/8,0,8,1,clap three times before entering a room,0.07,0.06893166919517847,0.3037895398873121,0.29674036433166506
0of8_g132,0/8,0,8,1,dance around a fire on their 10th birthday,0.23,0.06754061575912264,0.42087630555750943,0.4144803163666609
0of8_g132,0/8,0,8,1,farm potatoes,0.15,0.06895942747951034,0.34749540394754475,0.3431925330922468
0of8_g132,0/8,0,8,1,go to the opera,0.02,0.06986142031602148,0.32614320705968347,0.32203196080116286
0of8_g132,0/8,0,8,1,live in caves,0.07,0.06755790688434851,0.23707198606554708,0.230795191001898
0of8_g132,0/8,0,8,1,look to their left when spoken to,0.16,0.06783432216675207,0.34379440721340604,0.3393111502689401
0of8_g132,0/8,0,8,1,paint their hands yellow,0.08,0.06734641070320484,0.2905227587057343,0.283927493833235
0of8_g132,0/8,0,8,1,play banjos,0.03,0.06901272081678743,0.30702495807690267,0.30221459450285354
0of8_g132,0/8,0,8,1,ride lions,0.05,0.06777203502666526,0.167138880059654,0.16140698228954534
0of8_g132,0/8,0,8,1,scream out windows,0.13,0.06753921343182821,0.21199177262582136,0.2048985770850002
0of8_g132,0/8,0,8,1,sing beautiful songs,0.31,0.07026188482999532,0.5351889830508697,0.5292894426560747
0of8_g132,0/8,0,8,1,smell garbage for fun,0.01,0.06739627887496774,0.1773058067662472,0.17053907819328418
0of8_g132,0/8,0,8,1,smile when they are sad,0.16,0.06849459336880816,0.3141574581795369,0.3096433210906754
0of8_g132,0/8,0,8,1,wash their clothes in ponds,0.04,0.06917649318503197,0.42843929453840823,0.4239623918037712
0of8_g132,0/8,0,8,1,yell at stray cats,0.08,0.06744749949912078,0.16422512485670188,0.15817154622867338
0of8_g133,0/8,0,8,1,chug maple syrup,0.76,0.07005900778040706,0.2883976850701266,0.3920684300584791
0of8_g133,0/8,0,8,1,clap three times before entering a room,0.995,0.06897624367576445,0.30380189837821076,0.42800858035781475
0of8_g133,0/8,0,8,1,dance around a fire on their 10th birthday,0.995,0.06765250546461718,0.4209047387487697,0.537964754683108
0of8_g133,0/8,0,8,1,farm potatoes,0.995,0.06904590122960799,0.3475100429005636,0.42498902194694893
0of8_g133,0/8,0,8,1,go to the opera,0.76,0.07020157976196126,0.32619694675167665,0.4037263635804189
0of8_g133,0/8,0,8,1,live in caves,0.5,0.06747433227764864,0.23705089598900128,0.3463101302844259
0of8_g133,0/8,0,8,1,look to their left when spoken to,0.5,0.06785824007382912,0.34379867457961616,0.42348196376771285
0of8_g133,0/8,0,8,1,paint their hands yellow,0.995,0.06726343803050228,0.29050073787311465,0.40508759737792116
0of8_g133,0/8,0,8,1,play banjos,0.76,0.06929076767304654,0.3070769581383618,0.3975927553257397
0of8_g133,0/8,0,8,1,ride lions,0.995,0.0679195962576488,0.16717237544031244,0.2731121035000738
0of8_g133,0/8,0,8,1,scream out windows,0.01,0.06764246225347234,0.2120208827135287,0.34151219391405063
0of8_g133,0/8,0,8,1,sing beautiful songs,0.995,0.07063477882527873,0.5352730977910585,0.6469306637973826
0of8_g133,0/8,0,8,1,smell garbage for fun,0.01,0.06744273602604803,0.177318371220008,0.29964390144607955
0of8_g133,0/8,0,8,1,smile when they are sad,0.995,0.06852050544071664,0.31416208278499064,0.3937373136294077
0of8_g133,0/8,0,8,1,wash their clothes in ponds,0.995,0.06898021355127393,0.42840424749385847,0.5027362201968016
0of8_g133,0/8,0,8,1,yell at stray cats,0.01,0.06756052850238166,0.1642523366271482,0.2752693010606568
0of8_g134,0/8,0,8,1,chug maple syrup,0.04,0.07113313153750506,0.28863211071748457,0.28294334495036133
0of8_g134,0/8,0,8,1,clap three times before entering a room,0.01,0.06890504615648117,0.3037821585207295,0.2968741095720048
0of8_g134,0/8,0,8,1,dance around a fire on their 10th birthday,0.12,0.06799908595511811,0.42099281109939346,0.4146500043391581
0of8_g134,0/8,0,8,1,farm potatoes,0.05,0.0699233836518333,0.347658589990742,0.34334912278914104
0of8_g134,0/8,0,8,1,go to the opera,0.19,0.07092233107207752,0.3263108138039418,0.3221668281675884
0of8_g134,0/8,0,8,1,live in caves,0.14,0.06785838514027645,0.23714781184167813,0.23096751435868884
0of8_g134,0/8,0,8,1,look to their left when spoken to,0.13,0.06791412606981391,0.34380864560300517,0.3394065026051712
0of8_g134,0/8,0,8,1,paint their hands yellow,0.09,0.06731944482854635,0.2905156019998822,0.2840679771198348
0of8_g134,0/8,0,8,1,play banjos,0.07,0.07014887220110538,0.30723744003985765,0.3023854673070254
0of8_g134,0/8,0,8,1,ride lions,0.03,0.06858278225892378,0.1673229140839113,0.16159223574389778
0of8_g134,0/8,0,8,1,scream out windows,0.06,0.06795848745039189,0.2121099832093365,0.20508284753063466
0of8_g134,0/8,0,8,1,sing beautiful songs,0.09,0.07148360971888168,0.5354645709469226,0.5294959544264352
0of8_g134,0/8,0,8,1,smell garbage for fun,0.01,0.06798736829953105,0.17746566839294414,0.17074420377444313
0of8_g134,0/8,0,8,1,smile when they are sad,0.5,0.06847326107490896,0.31415365094084696,0.3097308949446238
0of8_g134,0/8,0,8,1,wash their clothes in ponds,0.04,0.06940260699531804,0.42847966867519804,0.42408877896332264
0of8_g134,0/8,0,8,1,yell at stray cats,0.09,0.06796243585629107,0.16434909595740643,0.15833832773280138
0of8_g135,0/8,0,8,1,chug maple syrup,0.09,0.06989874140188097,0.2883627072109298,0.2824394199657053
0of8_g135,0/8,0,8,1,clap three times before entering a room,0.03,0.06865169226842352,0.30371191492666993,0.29643661569769364
0of8_g135,0/8,0,8,1,dance around a fire on their 10th birthday,0.06,0.06738580151142257,0.42083696446625163,0.414189462353818
0of8_g135,0/8,0,8,1,farm potatoes,0.25,0.06903486390863134,0.3475081744165086,0.34298634723455673
0of8_g135,0/8,0,8,1,go to the opera,0.24,0.06967152914695439,0.3261132073255597,0.3218297970503525
0of8_g135,0/8,0,8,1,live in caves,0.04,0.06756904579806375,0.2370747969736945,0.23051844149264145
0of8_g135,0/8,0,8,1,look to their left when spoken to,0.04,0.06762800408060517,0.34375759651644505,0.33911654562845195
0of8_g135,0/8,0,8,1,paint their hands yellow,0.11,0.06722607571079876,0.2904908219651214,0.28364737036648696
0of8_g135,0/8,0,8,1,play banjos,0.12,0.06893329711094122,0.30701010433016057,0.3019775869672481
0of8_g135,0/8,0,8,1,ride lions,0.24,0.06771874284595193,0.16712678310256562,0.16113602324971626
0of8_g135,0/8,0,8,1,scream out windows,0.09,0.06737860411402377,0.21194649025597484,0.20457752554838438
0of8_g135,0/8,0,8,1,sing beautiful songs,0.24,0.07009823123290758,0.5351520672518111,0.5289943450048303
0of8_g135,0/8,0,8,1,smell garbage for fun,0.12,0.06737392594921016,0.17729976136106054,0.17022855363380326
0of8_g135,0/8,0,8,1,smile when they are sad,0.05,0.06824136679280121,0.31411226407045256,0.3094492027565901
0of8_g135,0/8,0,8,1,wash their clothes in ponds,0.25,0.06928027134736828,0.4284578248250664,0.4237674898809867
0of8_g135,0/8,0,8,1,yell at stray cats,0.13,0.06731500790131532,0.16419322746009096,0.15789466566692298
0of8_g136,0/8,0,8,1,chug maple syrup,0.03,0.07094996462373304,0.28859213485618196,0.2826312711095095
0of8_g136,0/8,0,8,1,clap three times before entering a room,0.25,0.06986926367092326,0.3040494925024135,0.2966857643494335
0of8_g136,0/8,0,8,1,dance around a fire on their 10th birthday,0.1,0.06856371809955915,0.4211362943062142,0.41441518744213973
0of8_g136,0/8,0,8,1,farm potatoes,0.17,0.06948430541135792,0.3475842593906852,0.3430934245456448
0of8_g136,0/8,0,8,1,go to the opera,0.09,0.07194187393419874,0.3264718850898877,0.32204109917127083
0of8_g136,0/8,0,8,1,live in caves,0.05,0.06747839747627488,0.2370519218430685,0.2306180461563757
0of8_g136,0/8,0,8,1,look to their left when spoken to,0.5,0.06856347852683484,0.3439245012556174,0.33925678972522644
0of8_g136,0/8,0,8,1,paint their hands yellow,0.04,0.06748199752929,0.29055874326191894,0.2837846905738072
0of8_g136,0/8,0,8,1,play banjos,0.1,0.07062695745196229,0.30732685109366975,0.30218592647585063
0of8_g136,0/8,0,8,1,ride lions,0.01,0.06877708624116671,0.16736701974638984,0.16132994995794653
0of8_g136,0/8,0,8,1,scream out windows,0.08,0.06853469855642765,0.21227244080999041,0.20482529670914165
0of8_g136,0/8,0,8,1,sing beautiful songs,0.18,0.07244085649141517,0.5356804997754547,0.5293038820628699
0of8_g136,0/8,0,8,1,smell garbage for fun,0.05,0.0679180962790858,0.17744693360018224,0.17040394233156178
0of8_g136,0/8,0,8,1,smile when they are sad,0.02,0.0693083079853966,0.314302684275966,0.3095987485455159
0of8_g136,0/8,0,8,1,wash their clothes in ponds,0.11,0.06848198542229099,0.428315285521095,0.42378927521518767
0of8_g136,0/8,0,8,1,yell at stray cats,0.1,0.06843817069341881,0.16446362927901204,0.15810372724241897
0of8_g137,0/8,0,8,1,chug maple syrup,0.5,0.06974063216087177,0.28832820014325544,0.28845506317523983
0of8_g137,0/8,0,8,1,clap three times before entering a room,0.64,0.0692946126051957,0.3038901677077702,0.30374801216244496
0of8_g137,0/8,0,8,1,dance around a fire on their 10th birthday,0.6,0.06774067584100277,0.42092714443090273,0.42089545160549785
0of8_g137,0/8,0,8,1,farm potatoes,0.6,0.06874951496067226,0.3474598683139233,0.34757437041204686
0of8_g137,0/8,0,8,1,go to the opera,0.24,0.0702500645716234,0.3262046065675915,0.3261577936654694
0of8_g137,0/8,0,8,1,live in caves,0.15,0.06736694275550219,0.23702379621154834,0.23714558320939397
0of8_g137,0/8,0,8,1,look to their left when spoken to,0.49,0.06806737987419971,0.3438359887189516,0.34378774224818587
0of8_g137,0/8,0,8,1,paint their hands yellow,0.76,0.06737696313075103,0.2905308672777641,0.29054160610333785
0of8_g137,0/8,0,8,1,play banjos,0.61,0.06917946534106457,0.30705614248095253,0.3070739491105324
0of8_g137,0/8,0,8,1,ride lions,0.69,0.06782127754758574,0.16715005777192854,0.16719833322355554
0of8_g137,0/8,0,8,1,scream out windows,0.1,0.06774386697755054,0.21204947287431553,0.21200947633322104
0of8_g137,0/8,0,8,1,sing beautiful songs,0.76,0.07062502279869645,0.535270897096889,0.5352225524336289
0of8_g137,0/8,0,8,1,smell garbage for fun,0.29,0.06733585994886183,0.17728946631519327,0.17738123037507628
0of8_g137,0/8,0,8,1,smile when they are sad,0.2,0.068804003345658,0.3142126795092489,0.31413735593367237
0of8_g137,0/8,0,8,1,wash their clothes in ponds,0.84,0.06876125364626415,0.4283651507348185,0.42851317951708123
0of8_g137,0/8,0,8,1,yell at stray cats,0.06,0.06761116955586279,0.1642645284777594,0.16425236721852216
4of8_g138,4/8,4,8,1,chug maple syrup,0.1,0.48142628447478847,0.37817787986024626,0.34625857175202757
4of8_g138,4/8,4,8,1,clap three times before entering a room,0.5,0.5328965314144727,0.4324260478544283,0.39818124882218153
4of8_g138,4/8,4,8,1,dance around a fire on their 10th birthday,0.65,0.5149333169042006,0.5345668563001813,0.5004947449763638
4of8_g138,4/8,4,8,1,farm potatoes,0.35,0.4724695095991192,0.41580474785953403,0.3919051003823929
4of8_g138,4/8,4,8,1,go to the opera,0.35,0.5294890545248085,0.3987569409681198,0.37625140934711776
4of8_g138,4/8,4,8,1,live in caves,0.1,0.4772253255706338,0.34045167948651534,0.30741057157099017
4of8_g138,4/8,4,8,1,look to their left when spoken to,0.75,0.5201125738152677,0.4244886302666902,0.4018742133550033
4of8_g138,4/8,4,8,1,paint their hands yellow,0.75,0.5008360244941725,0.4055703028757268,0.3722811110771094
4of8_g138,4/8,4,8,1,play banjos,0.25,0.508067076258635,0.3891364905503956,0.36203037143839634
4of8_g138,4/8,4,8,1,ride lions,0.25,0.4982658654163214,0.2648580073934205,0.23301106250272635
4of8_g138,4/8,4,8,1,scream out windows,0.03,0.515590741644035,0.338315919245394,0.30071832544298405
4of8_g138,4/8,4,8,1,sing beautiful songs,0.9,0.5261671560269288,0.6380288086380512,0.6053272267683573
4of8_g138,4/8,4,8,1,smell garbage for fun,0.01,0.48854327513341544,0.2912060748181499,0.2542747415794452
4of8_g138,4/8,4,8,1,smile when they are sad,0.12,0.5278797887298736,0.39614531647724455,0.37398963828933457
4of8_g138,4/8,4,8,1,wash their clothes in ponds,0.6,0.456531870145706,0.49760419409013823,0.4748282778591757
4of8_g138,4/8,4,8,1,yell at stray cats,0.01,0.5110701596382065,0.271027429081512,0.23846762404649696
0of8_g139,0/8,0,8,1,chug maple syrup,0.01,0.07126192002665332,0.28866021858191016,0.2868362814999369
0of8_g139,0/8,0,8,1,clap three times before entering a room,0.005,0.06875920857386873,0.3037417243437362,0.3024471692977583
0of8_g139,0/8,0,8,1,dance around a fire on their 10th birthday,0.32,0.06796011732737521,0.42098290846857617,0.4194742561321716
0of8_g139,0/8,0,8,1,farm potatoes,0.35,0.06999984013895913,0.34767153314310617,0.34630304904134956
0of8_g139,0/8,0,8,1,go to the opera,0.38,0.07097822025905724,0.3263196433917421,0.32529591314138256
0of8_g139,0/8,0,8,1,live in caves,0.03,0.06781645128325076,0.2371372298205421,0.23540926376630014
0of8_g139,0/8,0,8,1,look to their left when spoken to,0.02,0.06780137577499036,0.34378852901016294,0.3428597643679291
0of8_g139,0/8,0,8,1,paint their hands yellow,0.12,0.06720357717837912,0.29048485088572307,0.2889926634955371
0of8_g139,0/8,0,8,1,play banjos,0.44,0.07023585169371195,0.3072537068627309,0.30589737791348703
0of8_g139,0/8,0,8,1,ride lions,0.005,0.06861908813896508,0.16733115526802195,0.16574181588107012
0of8_g139,0/8,0,8,1,scream out windows,0.01,0.0679118653311887,0.21209683851715022,0.21044575678082394
0of8_g139,0/8,0,8,1,sing beautiful songs,0.82,0.07157107992322184,0.535484301845262,0.5339392184082143
0of8_g139,0/8,0,8,1,smell garbage for fun,0.01,0.06799075900259172,0.17746658541714455,0.17558900081366774
0of8_g139,0/8,0,8,1,smile when they are sad,0.9,0.06833393179664697,0.3141287844252556,0.31326767885495543
0of8_g139,0/8,0,8,1,wash their clothes in ponds,0.43,0.06935661442296405,0.42847145639305045,0.4271408007484131
0of8_g139,0/8,0,8,1,yell at stray cats,0.005,0.0679368298619155,0.16434293130567196,0.1628648474076663
0of8_g140,0/8,0,8,1,chug maple syrup,0.02,0.06966019329015524,0.2883106444992099,0.2826093691503084
0of8_g140,0/8,0,8,1,clap three times before entering a room,0.11,0.069875406677677,0.3040511956808254,0.29674628513248225
0of8_g140,0/8,0,8,1,dance around a fire on their 10th birthday,0.14,0.06808575146560122,0.42101483436797155,0.41443882446793784
0of8_g140,0/8,0,8,1,farm potatoes,0.3,0.06859235649702765,0.34743326329953217,0.3431024110266193
0of8_g140,0/8,0,8,1,go to the opera,0.5,0.07074316225013931,0.32628250802728126,0.3220125794117842
0of8_g140,0/8,0,8,1,live in caves,0.005,0.06730715585988964,0.23700870897088164,0.23068998261049045
0of8_g140,0/8,0,8,1,look to their left when spoken to,0.41,0.06849110348946619,0.34391158830349633,0.33929599871898475
0of8_g140,0/8,0,8,1,paint their hands yellow,0.04,0.06759105116321319,0.2905876859455877,0.2838712654557939
0of8_g140,0/8,0,8,1,play banjos,0.21,0.06941296414296481,0.3070998112071982,0.30216029957695345
0of8_g140,0/8,0,8,1,ride lions,0.2,0.06796069034886139,0.16718170351530068,0.16133378981104374
0of8_g140,0/8,0,8,1,scream out windows,0.19,0.06809838467190558,0.21214942598769881,0.2048550826426666
0of8_g140,0/8,0,8,1,sing beautiful songs,0.28,0.07107177030840157,0.5353716711806344,0.529252095246138
0of8_g140,0/8,0,8,1,smell garbage for fun,0.005,0.06738111229681769,0.17730170492690828,0.17043988881198516
0of8_g140,0/8,0,8,1,smile when they are sad,0.36,0.06932407323983318,0.3143054979483696,0.309640301787084
0of8_g140,0/8,0,8,1,wash their clothes in ponds,0.5,0.06847852136095521,0.428314666989719,0.42386057876864525
0of8_g140,0/8,0,8,1,yell at stray cats,0.02,0.06790959690559382,0.16433637496230324,0.158124087409531
4of8_g141,4/8,4,8,1,chug maple syrup,0.36,0.45191827847620836,0.3717378087206336,0.3630942518436527
4of8_g141,4/8,4,8,1,clap three times before entering a room,0.58,0.5196635636057892,0.42875714335849746,0.41425483546487746
4of8_g141,4/8,4,8,1,dance around a fire on their 10th birthday,0.04,0.4939823338314822,0.5292428338070979,0.517110696180372
4of8_g141,4/8,4,8,1,farm potatoes,0.69,0.46604505054707507,0.4147171651638816,0.4064219509829995
4of8_g141,4/8,4,8,1,go to the opera,0.43,0.4673229009145044,0.3889356939403159,0.38408728335162257
4of8_g141,4/8,4,8,1,live in caves,0.11,0.4982607127245722,0.3457599656127079,0.3301412787786827
4of8_g141,4/8,4,8,1,look to their left when spoken to,0.3,0.5131877692484338,0.4232531259675564,0.41359419194997604
4of8_g141,4/8,4,8,1,paint their hands yellow,0.03,0.5165844512543855,0.40974991356457063,0.39328346471180614
4of8_g141,4/8,4,8,1,play banjos,0.92,0.4610457384552988,0.3803426041941148,0.37375824906284916
4of8_g141,4/8,4,8,1,ride lions,0.005,0.4751512770283163,0.2596111554143559,0.2494031338965432
4of8_g141,4/8,4,8,1,scream out windows,0.19,0.49598017992249777,0.33278689564382663,0.3191447356188953
4of8_g141,4/8,4,8,1,sing beautiful songs,0.96,0.45964021560960255,0.6230221408462868,0.6166410871034478
4of8_g141,4/8,4,8,1,smell garbage for fun,0.05,0.4848930022827375,0.29021884931292596,0.2760223341596405
4of8_g141,4/8,4,8,1,smile when they are sad,0.005,0.5189113592098794,0.3945446938710669,0.38494665670626577
4of8_g141,4/8,4,8,1,wash their clothes in ponds,0.34,0.5003423146519042,0.5054268426805965,0.4931012739224908
4of8_g141,4/8,4,8,1,yell at stray cats,0.02,0.49079047169687384,0.26614508740758724,0.2546695048897357
8of8_g142,8/8,8,8,1,chug maple syrup,0.01,0.929685956892192,0.47600977604213185,0.4778172573813689
8of8_g142,8/8,8,8,1,clap three times before entering a room,0.005,0.9309988400939391,0.5428018434636414,0.5449319235410143
8of8_g142,8/8,8,8,1,dance around a fire on their 10th birthday,0.005,0.932280880022857,0.6406223958309564,0.6426055573064765
8of8_g142,8/8,8,8,1,farm potatoes,0.005,0.9302732045717259,0.49330533936840615,0.4946609669192615
8of8_g142,8/8,8,8,1,go to the opera,0.005,0.9304640871487483,0.4621045122537382,0.4634241859324895
8of8_g142,8/8,8,8,1,live in caves,0.005,0.9314919339028049,0.4550859915129872,0.45699450063441516
8of8_g142,8/8,8,8,1,look to their left when spoken to,0.01,0.931913595614219,0.4979610189687659,0.49932136413219047
8of8_g142,8/8,8,8,1,paint their hands yellow,0.005,0.9320016356452026,0.5200010599581784,0.5219795946925925
8of8_g142,8/8,8,8,1,play banjos,0.01,0.9309597384276393,0.46822547835361833,0.46976931739108246
8of8_g142,8/8,8,8,1,ride lions,0.005,0.9318957308320471,0.36328899302666207,0.3650943585293587
8of8_g142,8/8,8,8,1,scream out windows,0.005,0.9322772003496483,0.4557969632537701,0.45799153694143935
8of8_g142,8/8,8,8,1,sing beautiful songs,0.99,0.9300670518685569,0.7291376364302429,0.7310450667724209
8of8_g142,8/8,8,8,1,smell garbage for fun,0.005,0.9320005872031442,0.411140224089208,0.4132404971490139
8of8_g142,8/8,8,8,1,smile when they are sad,0.01,0.931347606693598,0.4681534321521424,0.46951665391066316
8of8_g142,8/8,8,8,1,wash their clothes in ponds,0.005,0.9294001898670455,0.5820380028869688,0.5833823835362038
8of8_g142,8/8,8,8,1,yell at stray cats,0.005,0.9323291491740305,0.37244567210754537,0.3743271713380998
8of8_g143,8/8,8,8,1,chug maple syrup,0.14,0.9294347132366619,0.4759549425499918,0.43696878861968125
8of8_g143,8/8,8,8,1,clap three times before entering a room,0.29,0.9308296344229392,0.5427549303708232,0.4954652456097432
8of8_g143,8/8,8,8,1,dance around a fire on their 10th birthday,0.21,0.9320708794217542,0.6405690308924257,0.596522201067422
8of8_g143,8/8,8,8,1,farm potatoes,0.45,0.9302889302878818,0.4933080015406807,0.4640945887257931
8of8_g143,8/8,8,8,1,go to the opera,0.07,0.9297869553946132,0.4619975363859788,0.4328555053353218
8of8_g143,8/8,8,8,1,live in caves,0.25,0.9317884959832209,0.4551608290410777,0.4136654512729226
8of8_g143,8/8,8,8,1,look to their left when spoken to,0.12,0.9318368235114646,0.4979473215045138,0.46773602510777623
8of8_g143,8/8,8,8,1,paint their hands yellow,0.25,0.932195824599286,0.5200525974381122,0.4764387361554461
8of8_g143,8/8,8,8,1,play banjos,0.28,0.9304832192410993,0.4681363601836814,0.4342078490964
8of8_g143,8/8,8,8,1,ride lions,0.03,0.9316920545076373,0.3632427599072191,0.3235031421828592
8of8_g143,8/8,8,8,1,scream out windows,0.61,0.9320797247380355,0.455741286760009,0.40698752788741466
8of8_g143,8/8,8,8,1,sing beautiful songs,0.68,0.9293453671092078,0.7289748439830629,0.6870076554977982
8of8_g143,8/8,8,8,1,smell garbage for fun,0.41,0.9320172705944494,0.41114473615449293,0.3650888783016756
8of8_g143,8/8,8,8,1,smile when they are sad,0.09,0.9312334239471068,0.4681330536137526,0.43786448930954214
8of8_g143,8/8,8,8,1,wash their clothes in ponds,0.86,0.9299923445672309,0.5821437360787443,0.5535641948397468
8of8_g143,8/8,8,8,1,yell at stray cats,0.07,0.9321333144146726,0.37239852482354463,0.3306606047473858
8of8_g144,8/8,8,8,1,chug maple syrup,0.75,0.9295394693570252,0.4759778053916045,0.47868016410614433
8of8_g144,8/8,8,8,1,clap three times before entering a room,0.75,0.9303800487930648,0.5426302805747534,0.5451679067829162
8of8_g144,8/8,8,8,1,dance around a fire on their 10th birthday,0.5,0.931820385628736,0.6405053759038375,0.6430950173263181
8of8_g144,8/8,8,8,1,farm potatoes,0.995,0.9305051678988199,0.49334460793538265,0.4953968678358575
8of8_g144,8/8,8,8,1,go to the opera,0.5,0.9293410650898474,0.4619270929279862,0.4636243297299633
8of8_g144,8/8,8,8,1,live in caves,0.9,0.9319721282867571,0.4552071687068061,0.4579843765230067
8of8_g144,8/8,8,8,1,look to their left when spoken to,0.76,0.9315384765858478,0.49789409127892764,0.4996024480231466
8of8_g144,8/8,8,8,1,paint their hands yellow,0.3,0.9321238792069539,0.5200335032304568,0.5226677474522079
8of8_g144,8/8,8,8,1,play banjos,0.75,0.9302868597515346,0.46809963721668646,0.4702279540822636
8of8_g144,8/8,8,8,1,ride lions,0.75,0.9316188745148188,0.3632261485540899,0.36575082765995404
8of8_g144,8/8,8,8,1,scream out windows,0.1,0.9318230063202739,0.45566890728353526,0.45852251600485455
8of8_g144,8/8,8,8,1,sing beautiful songs,0.995,0.9289324402402614,0.7288816989157307,0.7313804956077017
8of8_g144,8/8,8,8,1,smell garbage for fun,0.5,0.9320613593505643,0.41115666006985785,0.41414929264189076
8of8_g144,8/8,8,8,1,smile when they are sad,0.25,0.9308451413633577,0.46806375565252667,0.46971853733114494
8of8_g144,8/8,8,8,1,wash their clothes in ponds,0.995,0.9304237999443092,0.5822207753289821,0.5842956358829257
8of8_g144,8/8,8,8,1,yell at stray cats,0.25,0.9319252145561058,0.3723484247127955,0.3748432710358236
4of8_g145,4/8,4,8,1,chug maple syrup,0.01,0.4698002415698749,0.3756405161568691,0.3358009582634883
4of8_g145,4/8,4,8,1,clap three times before entering a room,0.75,0.5107974258295152,0.426298963665234,0.3775195979003574
4of8_g145,4/8,4,8,1,dance around a fire on their 10th birthday,0.75,0.49525258798822486,0.5295656282878608,0.4836556194783873
4of8_g145,4/8,4,8,1,farm potatoes,0.1,0.4814061211957228,0.41731760739393176,0.3866895107137692
4of8_g145,4/8,4,8,1,go to the opera,0.1,0.4739073310496513,0.38997592742974757,0.36101121604018604
4of8_g145,4/8,4,8,1,live in caves,0.25,0.5039292542140914,0.3471904237223856,0.3024629151128442
4of8_g145,4/8,4,8,1,look to their left when spoken to,0.5,0.5081543226331534,0.42235507247411563,0.3907199940226851
4of8_g145,4/8,4,8,1,paint their hands yellow,0.01,0.5134728194977888,0.40892409079842146,0.36230412279919166
4of8_g145,4/8,4,8,1,play banjos,0.1,0.47255258758657315,0.3824946042925067,0.3481461816929936
4of8_g145,4/8,4,8,1,ride lions,0.25,0.48421250092025653,0.26166799067839397,0.22028600842998894
4of8_g145,4/8,4,8,1,scream out windows,0.01,0.49658169589649354,0.3329564877271217,0.28210079128826093
4of8_g145,4/8,4,8,1,sing beautiful songs,0.25,0.4688436956671544,0.625098195552627,0.5836517238246397
4of8_g145,4/8,4,8,1,smell garbage for fun,0.01,0.49266779393502985,0.2923215613377325,0.24349802672364976
4of8_g145,4/8,4,8,1,smile when they are sad,0.25,0.5110323875989956,0.3931385100965613,0.3617032190499069
4of8_g145,4/8,4,8,1,wash their clothes in ponds,0.25,0.5084699835550976,0.5068780924546151,0.47585883509960153
4of8_g145,4/8,4,8,1,yell at stray cats,0.05,0.4935482647936086,0.2668090270206228,0.2232280091175933
8of8_g146,8/8,8,8,1,chug maple syrup,0.01,0.929609296018628,0.47599304493941347,0.42651544372494343
8of8_g146,8/8,8,8,1,clap three times before entering a room,0.8,0.9295933605496004,0.5424121674443451,0.48248104225664146
8of8_g146,8/8,8,8,1,dance around a fire on their 10th birthday,0.75,0.9313367330065963,0.6403824710534936,0.5843646999237453
8of8_g146,8/8,8,8,1,farm potatoes,0.5,0.9307341643383016,0.4933833742444102,0.4568097231490752
8of8_g146,8/8,8,8,1,go to the opera,0.31,0.9285659907703777,0.46180464371866026,0.42388257437407134
8of8_g146,8/8,8,8,1,live in caves,0.02,0.9321304533307934,0.45524712207816725,0.4040473726159217
8of8_g146,8/8,8,8,1,look to their left when spoken to,0.16,0.9309778693553012,0.49779406930187675,0.45967397623457684
8of8_g146,8/8,8,8,1,paint their hands yellow,0.05,0.9318959654024394,0.5199730152218457,0.4658115548767131
8of8_g146,8/8,8,8,1,play banjos,0.15,0.9298944853897283,0.4680262557327041,0.4243436906853928
8of8_g146,8/8,8,8,1,ride lions,0.11,0.9314081719795458,0.3631783205332906,0.31270509617750425
8of8_g146,8/8,8,8,1,scream out windows,0.23,0.931329452891797,0.4555297542805039,0.3935654691761912
8of8_g146,8/8,8,8,1,sing beautiful songs,0.5,0.928208563268445,0.7287184119650607,0.6740294177323478
8of8_g146,8/8,8,8,1,smell garbage for fun,0.06,0.9320215730639163,0.411145899768219,0.35336556843529027
8of8_g146,8/8,8,8,1,smile when they are sad,0.5,0.9301496087613909,0.467939621855906,0.4296864168510334
8of8_g146,8/8,8,8,1,wash their clothes in ponds,0.5,0.9309424947126478,0.5823133917574196,0.5476955860984106
8of8_g146,8/8,8,8,1,yell at stray cats,0.1,0.9315060678648202,0.3722475150062817,0.31920978850114673
4of8_g147,4/8,4,8,1,chug maple syrup,0.25,0.46247451019969515,0.37404168798881465,0.3262352947159225
4of8_g147,4/8,4,8,1,clap three times before entering a room,0.25,0.5314041587798899,0.43201228030448896,0.36935078552233624
4of8_g147,4/8,4,8,1,dance around a fire on their 10th birthday,0.5,0.5063110409299864,0.5323757805368647,0.4746724628896424
4of8_g147,4/8,4,8,1,farm potatoes,0.21,0.46533674147178405,0.4145972570615465,0.37859666143781506
4of8_g147,4/8,4,8,1,go to the opera,0.2,0.49974867796802813,0.39405844238165366,0.35641012679822165
4of8_g147,4/8,4,8,1,live in caves,0.4,0.48649348224984457,0.342790501546485,0.29023689693126026
4of8_g147,4/8,4,8,1,look to their left when spoken to,0.1,0.5202149506327898,0.42450689605267156,0.3846374626256643
4of8_g147,4/8,4,8,1,paint their hands yellow,0.25,0.5107609921593743,0.4082043755720999,0.3513961310297935
4of8_g147,4/8,4,8,1,play banjos,0.31,0.48344217795122696,0.38453116523710873,0.3414190788825358
4of8_g147,4/8,4,8,1,ride lions,0.24,0.4857465513991469,0.2620162095458919,0.2111883766321575
4of8_g147,4/8,4,8,1,scream out windows,0.25,0.5078315199148032,0.3361282756337579,0.2721781063324552
4of8_g147,4/8,4,8,1,sing beautiful songs,0.5,0.49335722603295185,0.6306277810753523,0.5769155408974643
4of8_g147,4/8,4,8,1,smell garbage for fun,0.15,0.48557039758423454,0.29040205258186313,0.2316269837536586
4of8_g147,4/8,4,8,1,smile when they are sad,0.5,0.5280175764011406,0.3961699078575961,0.35611178290254447
4of8_g147,4/8,4,8,1,wash their clothes in ponds,0.5,0.47547180316398296,0.5009860461119281,0.4659544725894126
4of8_g147,4/8,4,8,1,yell at stray cats,0.15,0.502217026104794,0.2688960342138965,0.21442614220345524
4of8_g148,4/8,4,8,1,chug maple syrup,0.76,0.47250557214644,0.37623094986391414,0.39036440094803504
4of8_g148,4/8,4,8,1,clap three times before entering a room,0.84,0.513894916897867,0.4271577580846782,0.4469385851373209
4of8_g148,4/8,4,8,1,dance around a fire on their 10th birthday,0.36,0.4985879894324902,0.5304132139238711,0.5481752828605417
4of8_g148,4/8,4,8,1,farm potatoes,0.49,0.47533133514329,0.4162892200796233,0.42692654017162796
4of8_g148,4/8,4,8,1,go to the opera,0.64,0.49268767987192946,0.39294291886061755,0.4044549766473451
4of8_g148,4/8,4,8,1,live in caves,0.75,0.48916552468004104,0.3434647922384989,0.35931022749112257
4of8_g148,4/8,4,8,1,look to their left when spoken to,0.43,0.5075612861587888,0.42224926456191403,0.4346992643419221
4of8_g148,4/8,4,8,1,paint their hands yellow,0.31,0.5031872284692219,0.40619430915999877,0.42378859585917644
4of8_g148,4/8,4,8,1,play banjos,0.34,0.48386635664793,0.38461049473788056,0.3976210695669752
4of8_g148,4/8,4,8,1,ride lions,0.34,0.4863940772033461,0.26216319343287386,0.2775179271957311
4of8_g148,4/8,4,8,1,scream out windows,0.73,0.49955487619713906,0.33379474949072685,0.3535123722601344
4of8_g148,4/8,4,8,1,sing beautiful songs,0.78,0.48873791807915634,0.6295857908762599,0.6459272213366885
4of8_g148,4/8,4,8,1,smell garbage for fun,0.5,0.48729492100597993,0.29086845429372066,0.30860171661278596
4of8_g148,4/8,4,8,1,smile when they are sad,0.84,0.5121002294125947,0.3933290910386157,0.4059375889135084
4of8_g148,4/8,4,8,1,wash their clothes in ponds,0.75,0.48398095832654636,0.5025054128152036,0.5128979744022633
4of8_g148,4/8,4,8,1,yell at stray cats,0.44,0.49620899080495523,0.2674495977002937,0.28415548845029115
0of8_g149,0/8,0,8,1,chug maple syrup,0.02,0.07012984312161763,0.28841314476051083,0.28470723338247794
0of8_g149,0/8,0,8,1,clap three times before entering a room,0.2,0.0688335729942883,0.30376234223991483,0.29908622238233046
0of8_g149,0/8,0,8,1,dance around a fire on their 10th birthday,0.18,0.06759341445234979,0.42088972265728813,0.4166505496620094
0of8_g149,0/8,0,8,1,farm potatoes,0.14,0.06916090002956847,0.34752951079721367,0.3447270811078432
0of8_g149,0/8,0,8,1,go to the opera,0.4,0.07007960981036548,0.32617767747160986,0.32340494880393955
0of8_g149,0/8,0,8,1,live in caves,0.005,0.06758383891220252,0.23707853002039203,0.23302360678729056
0of8_g149,0/8,0,8,1,look to their left when spoken to,0.25,0.06777645183325516,0.3437840821500576,0.3408246886429933
0of8_g149,0/8,0,8,1,paint their hands yellow,0.01,0.06727080586345419,0.2905026932857936,0.28620598520362484
0of8_g149,0/8,0,8,1,play banjos,0.005,0.06925607302649579,0.3070704695782061,0.3038600437284923
0of8_g149,0/8,0,8,1,ride lions,0.005,0.06792827325753019,0.16717434505937878,0.16338897503917332
0of8_g149,0/8,0,8,1,scream out windows,0.01,0.06758063648951063,0.21200345148881505,0.20730372634948524
0of8_g149,0/8,0,8,1,sing beautiful songs,0.5,0.07052636986834043,0.5352486436798034,0.5312676826441497
0of8_g149,0/8,0,8,1,smell garbage for fun,0.005,0.06749577319407353,0.1773327152559586,0.17290628785289336
0of8_g149,0/8,0,8,1,smile when they are sad,0.01,0.06840193241097306,0.3141409206995366,0.3111542405384598
0of8_g149,0/8,0,8,1,wash their clothes in ponds,0.005,0.06919185110706666,0.4284420367983536,0.4255958140673428
0of8_g149,0/8,0,8,1,yell at stray cats,0.01,0.06751786989231347,0.1642420665524661,0.16023453672278207
0of8_g150,0/8,0,8,1,chug maple syrup,0.1,0.06909527489706915,0.28818735203953894,0.2825767577109728
0of8_g150,0/8,0,8,1,clap three times before entering a room,0.02,0.0692902515771486,0.30388895859159615,0.2967599024145013
0of8_g150,0/8,0,8,1,dance around a fire on their 10th birthday,0.03,0.06749168490391434,0.42086387134509895,0.41443093734026304
0of8_g150,0/8,0,8,1,farm potatoes,0.15,0.06840416336497991,0.3474014044936471,0.3431008438174201
0of8_g150,0/8,0,8,1,go to the opera,0.34,0.06946006803811579,0.3260797998897435,0.32196732474719186
0of8_g150,0/8,0,8,1,live in caves,0.21,0.06748540760322702,0.2370536908506637,0.23073554610887187
0of8_g150,0/8,0,8,1,look to their left when spoken to,0.31,0.06806831403566897,0.3438361553894331,0.33930842995750926
0of8_g150,0/8,0,8,1,paint their hands yellow,0.2,0.06758538022312012,0.2905861808859275,0.28392081010137654
0of8_g150,0/8,0,8,1,play banjos,0.21,0.06847189002264027,0.3069238124106181,0.30211972798513925
0of8_g150,0/8,0,8,1,ride lions,0.03,0.06741720903240861,0.16705833700870545,0.16131720232103267
0of8_g150,0/8,0,8,1,scream out windows,0.05,0.06751991401263455,0.21198633132609043,0.2048490824428244
0of8_g150,0/8,0,8,1,sing beautiful songs,0.48,0.06973790440779201,0.5350707873233032,0.5291792418245981
0of8_g150,0/8,0,8,1,smell garbage for fun,0.05,0.06715892383980879,0.17724161349793885,0.17045007334837262
0of8_g150,0/8,0,8,1,smile when they are sad,0.45,0.06882936372834306,0.31421720565306666,0.3096526861322323
0of8_g150,0/8,0,8,1,wash their clothes in ponds,0.39,0.06908692966233301,0.4284233023709584,0.42391453182130556
0of8_g150,0/8,0,8,1,yell at stray cats,0.37,0.06734488648272074,0.16420042073858593,0.1581161775512881
0of8_g151,0/8,0,8,1,chug maple syrup,0.18,0.07042856230350496,0.2884783397039514,0.28815308896267944
0of8_g151,0/8,0,8,1,clap three times before entering a room,0.17,0.06823494353140007,0.30359636931837974,0.30363804399249955
0of8_g151,0/8,0,8,1,dance around a fire on their 10th birthday,0.63,0.06730454291862191,0.42081631519292995,0.4207073452717879
0of8_g151,0/8,0,8,1,farm potatoes,0.3,0.06962906993550513,0.3476087662620236,0.3473771500188044
0of8_g151,0/8,0,8,1,go to the opera,0.21,0.06949139911968161,0.32608474969399925,0.325979866648532
0of8_g151,0/8,0,8,1,live in caves,0.6,0.06797049107616869,0.23717610180752502,0.23697123919579877
0of8_g151,0/8,0,8,1,look to their left when spoken to,0.68,0.06740793218906269,0.34371833190392137,0.3437017068958202
0of8_g151,0/8,0,8,1,paint their hands yellow,0.14,0.0672463703308537,0.2904962081292252,0.2904249105307673
0of8_g151,0/8,0,8,1,play banjos,0.17,0.06906365089947065,0.30703448297304886,0.3068456394970552
0of8_g151,0/8,0,8,1,ride lions,0.12,0.06792541026086309,0.1671736951789017,0.16696895263636513
0of8_g151,0/8,0,8,1,scream out windows,0.11,0.06728147567047882,0.21191910575448178,0.21180847066066627
0of8_g151,0/8,0,8,1,sing beautiful songs,0.43,0.06999049018554701,0.5351277638027853,0.5349416838418052
0of8_g151,0/8,0,8,1,smell garbage for fun,0.18,0.06767272470016332,0.17738057223738043,0.1771451440004572
0of8_g151,0/8,0,8,1,smile when they are sad,0.67,0.06789569626243733,0.3140505712106318,0.31406483727455475
0of8_g151,0/8,0,8,1,wash their clothes in ponds,0.18,0.0699686433600742,0.4285807382630741,0.42839293458484856
0of8_g151,0/8,0,8,1,yell at stray cats,0.66,0.06729592315672696,0.16418863280143006,0.16406410715195924
4of8_g152,4/8,4,8,1,chug maple syrup,0.995,0.5094448475995045,0.38429288267546813,0.4220346299836456
4of8_g152,4/8,4,8,1,clap three times before entering a room,0.995,0.49960818292599957,0.4231966918099491,0.4705214775427856
4of8_g152,4/8,4,8,1,dance around a fire on their 10th birthday,0.995,0.5037344966173072,0.531721034178304,0.5758849444789798
4of8_g152,4/8,4,8,1,farm potatoes,0.1,0.5036439393983074,0.4210821992561058,0.4487079155938803
4of8_g152,4/8,4,8,1,go to the opera,0.995,0.5144066634321186,0.3963741670616012,0.4263218362705069
4of8_g152,4/8,4,8,1,live in caves,0.995,0.4952446714361428,0.3449988667077897,0.38351314757214927
4of8_g152,4/8,4,8,1,look to their left when spoken to,0.1,0.49906572460430243,0.4207335101860582,0.4506986098885227
4of8_g152,4/8,4,8,1,paint their hands yellow,0.1,0.49436676190900397,0.4038533695298374,0.44550678520631515
4of8_g152,4/8,4,8,1,play banjos,0.1,0.5120140668065088,0.38987465300916035,0.4240423553150006
4of8_g152,4/8,4,8,1,ride lions,0.995,0.50600318250545,0.26661432495358145,0.3059407436418647
4of8_g152,4/8,4,8,1,scream out windows,0.1,0.5032746906104907,0.3348435181071957,0.3836953113303866
4of8_g152,4/8,4,8,1,sing beautiful songs,0.995,0.5159951740032116,0.63573428623771,0.6787442996928186
4of8_g152,4/8,4,8,1,smell garbage for fun,0.1,0.5012950024683361,0.29465481165938556,0.3391577716568778
4of8_g152,4/8,4,8,1,smile when they are sad,0.1,0.4988616485129295,0.39096636166504195,0.42110017597751936
4of8_g152,4/8,4,8,1,wash their clothes in ponds,0.1,0.4907155708906483,0.5037079230402346,0.5285346020834107
4of8_g152,4/8,4,8,1,yell at stray cats,0.995,0.5039221481778874,0.26930654292491196,0.3110286944573064
4of8_g153,4/8,4,8,1,chug maple syrup,0.49,0.4724608736261962,0.3762211944893823,0.36146125358096964
4of8_g153,4/8,4,8,1,clap three times before entering a room,0.64,0.48995764908533523,0.4205210345040413,0.39597457237706707
4of8_g153,4/8,4,8,1,dance around a fire on their 10th birthday,0.95,0.4822628607853847,0.5262647044330278,0.505388339342365
4of8_g153,4/8,4,8,1,farm potatoes,0.77,0.490825711706342,0.4189122293778981,0.4083969646019091
4of8_g153,4/8,4,8,1,go to the opera,0.24,0.4496762478899528,0.38614780811333527,0.37195086600575733
4of8_g153,4/8,4,8,1,live in caves,0.75,0.5139448182886561,0.3497178542580794,0.3340574723455854
4of8_g153,4/8,4,8,1,look to their left when spoken to,0.25,0.4942010421075545,0.4198655671155145,0.40504214703809016
4of8_g153,4/8,4,8,1,paint their hands yellow,0.14,0.5114327624992886,0.408382662491543,0.38902581809764203
4of8_g153,4/8,4,8,1,play banjos,0.22,0.4603177989645754,0.3802064656354366,0.36515001914344714
4of8_g153,4/8,4,8,1,ride lions,0.06,0.4791641194731887,0.2605220429443489,0.2434570144251374
4of8_g153,4/8,4,8,1,scream out windows,0.08,0.48341511745919113,0.32924428794593014,0.3060293912857025
4of8_g153,4/8,4,8,1,sing beautiful songs,0.76,0.4458661684181835,0.6199150905437618,0.599940404773361
4of8_g153,4/8,4,8,1,smell garbage for fun,0.1,0.4944347098590291,0.2927994282088171,0.27400271706326884
4of8_g153,4/8,4,8,1,smile when they are sad,0.24,0.4931009651885717,0.38993823517584547,0.37454332715481975
4of8_g153,4/8,4,8,1,wash their clothes in ponds,0.89,0.5311929047221771,0.5109354223731372,0.5020590204053883
4of8_g153,4/8,4,8,1,yell at stray cats,0.11,0.4825156296811284,0.26415291641681593,0.2447673738910489
0of8_g154,0/8,0,8,1,chug maple syrup,0.01,0.06969239558504942,0.2883176725942288,0.29145579522172815
0of8_g154,0/8,0,8,1,clap three times before entering a room,0.01,0.06983622916779571,0.30404033352622634,0.307891141307575
0of8_g154,0/8,0,8,1,dance around a fire on their 10th birthday,0.01,0.06807237484286717,0.42101143512698747,0.42455998778738163
0of8_g154,0/8,0,8,1,farm potatoes,0.02,0.06862830032795036,0.34743934815246846,0.34971044756497194
0of8_g154,0/8,0,8,1,go to the opera,0.01,0.07072058340382023,0.3262789409346686,0.328777652297003
0of8_g154,0/8,0,8,1,live in caves,0.01,0.06733172482794797,0.23701490895718683,0.2401283350458973
0of8_g154,0/8,0,8,1,look to their left when spoken to,0.01,0.0684684022960216,0.34390753801993595,0.34631715313903555
0of8_g154,0/8,0,8,1,paint their hands yellow,0.02,0.0675892994657974,0.29058722104751544,0.29392693268984366
0of8_g154,0/8,0,8,1,play banjos,0.01,0.06941575348428176,0.30710033286718696,0.30991518908280846
0of8_g154,0/8,0,8,1,ride lions,0.01,0.06796914917658006,0.1671836236107924,0.1703615884594604
0of8_g154,0/8,0,8,1,scream out windows,0.01,0.06808387282932382,0.21214533450264722,0.21606930714742267
0of8_g154,0/8,0,8,1,sing beautiful songs,0.01,0.07105561061232972,0.5353680259928497,0.5389809306079734
0of8_g154,0/8,0,8,1,smell garbage for fun,0.01,0.06739689006068122,0.17730597206296597,0.18088418568293593
0of8_g154,0/8,0,8,1,smile when they are sad,0.01,0.0692912484357275,0.3142996396067973,0.3167395964177824
0of8_g154,0/8,0,8,1,wash their clothes in ponds,0.01,0.06852321849474909,0.4283226479626265,0.4303938124159868
0of8_g154,0/8,0,8,1,yell at stray cats,0.01,0.06790108036049405,0.16433432460121392,0.16768436916033824
4of8_g155,4/8,4,8,1,chug maple syrup,0.12,0.49235248345826854,0.38056250384136386,0.34820860895424155
4of8_g155,4/8,4,8,1,clap three times before entering a room,0.38,0.523488325831217,0.4298175772330158,0.38942358395342924
4of8_g155,4/8,4,8,1,dance around a fire on their 10th birthday,0.65,0.5127706598035935,0.5340172861435688,0.49639723153859483
4of8_g155,4/8,4,8,1,farm potatoes,0.5,0.4841032973712105,0.4177742064806133,0.3923699143200583
4of8_g155,4/8,4,8,1,go to the opera,0.76,0.526488282051619,0.3982828674406152,0.37565517041018803
4of8_g155,4/8,4,8,1,live in caves,0.08,0.48418079257397173,0.3422068936275632,0.30396512087405264
4of8_g155,4/8,4,8,1,look to their left when spoken to,0.12,0.5146125333372947,0.423507328398838,0.3971241140818195
4of8_g155,4/8,4,8,1,paint their hands yellow,0.25,0.4998713203185538,0.4053142717212896,0.3654269618934375
4of8_g155,4/8,4,8,1,play banjos,0.36,0.5112052354351007,0.389723386127063,0.3623387289447259
4of8_g155,4/8,4,8,1,ride lions,0.05,0.5023611632496068,0.2657876117273045,0.23196651887995517
4of8_g155,4/8,4,8,1,scream out windows,0.38,0.5130491105267816,0.33759932893894,0.2958616895583183
4of8_g155,4/8,4,8,1,sing beautiful songs,0.93,0.5248485170877895,0.6377313595689551,0.605470781680203
4of8_g155,4/8,4,8,1,smell garbage for fun,0.05,0.4940582560123693,0.2926976153158731,0.2519977929671498
4of8_g155,4/8,4,8,1,smile when they are sad,0.12,0.5198169741742859,0.39470632169913755,0.36853611040804624
4of8_g155,4/8,4,8,1,wash their clothes in ponds,0.35,0.4684835005409352,0.49973823782602617,0.47268564318637696
4of8_g155,4/8,4,8,1,yell at stray cats,0.24,0.5102287357906229,0.2708248560079827,0.2350888108407826
4of8_g156,4/8,4,8,1,chug maple syrup,0.1,0.5016675245690293,0.3825954954106553,0.3674011680754306
4of8_g156,4/8,4,8,1,clap three times before entering a room,0.44,0.4830711795057078,0.4186117274183544,0.4006923986598444
4of8_g156,4/8,4,8,1,dance around a fire on their 10th birthday,0.75,0.48949103941669214,0.5281015149293914,0.5110513293675257
4of8_g156,4/8,4,8,1,farm potatoes,0.04,0.5060164143810925,0.4214838303843055,0.4096416088228902
4of8_g156,4/8,4,8,1,go to the opera,0.58,0.4824236477801263,0.3913213677621401,0.3808650496634289
4of8_g156,4/8,4,8,1,live in caves,0.02,0.5053209415386075,0.3475416164274528,0.330120334729333
4of8_g156,4/8,4,8,1,look to their left when spoken to,0.03,0.4880924290848505,0.41877568543315724,0.4069971658882344
4of8_g156,4/8,4,8,1,paint their hands yellow,0.01,0.4961875276083914,0.40433659822911716,0.38651125633383027
4of8_g156,4/8,4,8,1,play banjos,0.6,0.4909913000889258,0.38594299495676204,0.37321851777901716
4of8_g156,4/8,4,8,1,ride lions,0.01,0.49563348017048503,0.26426047411681913,0.24868228586124733
4of8_g156,4/8,4,8,1,scream out windows,0.01,0.48929781135738126,0.3309028612119967,0.31201517776738474
4of8_g156,4/8,4,8,1,sing beautiful songs,0.9,0.48346986155869426,0.6283974606507168,0.6134013746290681
4of8_g156,4/8,4,8,1,smell garbage for fun,0.01,0.5000677039607069,0.2943228856804742,0.275665997768037
4of8_g156,4/8,4,8,1,smile when they are sad,0.75,0.4851073049239712,0.3885115825721651,0.37689097683266437
4of8_g156,4/8,4,8,1,wash their clothes in ponds,0.02,0.5141162294833902,0.5078862675199489,0.495498710334627
4of8_g156,4/8,4,8,1,yell at stray cats,0.005,0.4909607540533759,0.26618608294202983,0.24994334848382221
0of8_g157,0/8,0,8,1,chug maple syrup,0.4,0.07015894740050961,0.28841949671890954,0.2833984169814132
0of8_g157,0/8,0,8,1,clap three times before entering a room,0.35,0.06945890514720056,0.3039357186117492,0.2976505580152709
0of8_g157,0/8,0,8,1,dance around a fire on their 10th birthday,0.45,0.06800574909124439,0.42099450432240293,0.41528506235835594
0of8_g157,0/8,0,8,1,farm potatoes,0.25,0.06901931318666173,0.34750554186861904,0.3437021133536123
0of8_g157,0/8,0,8,1,go to the opera,0.5,0.07079789051396618,0.3262911542079958,0.32256401670752616
0of8_g157,0/8,0,8,1,live in caves,0.6,0.0674266374913928,0.23703886019568213,0.23153980466470223
0of8_g157,0/8,0,8,1,look to their left when spoken to,0.5,0.06821668666302004,0.34386262761939956,0.33987854548085317
0of8_g157,0/8,0,8,1,paint their hands yellow,0.2,0.06741133693796618,0.2905399900386748,0.2847370527041652
0of8_g157,0/8,0,8,1,play banjos,0.35,0.06965870944757928,0.30714577026285944,0.30281710449004245
0of8_g157,0/8,0,8,1,ride lions,0.3,0.06814378544227209,0.1672232648374014,0.16211198785863593
0of8_g157,0/8,0,8,1,scream out windows,0.4,0.06799750173739386,0.2121209829408432,0.2057917381724712
0of8_g157,0/8,0,8,1,sing beautiful songs,0.4,0.07121637108212592,0.5354042891811032,0.5300502373293811
0of8_g157,0/8,0,8,1,smell garbage for fun,0.3,0.06754180928566261,0.17734516583311727,0.17135758399146223
0of8_g157,0/8,0,8,1,smile when they are sad,0.5,0.06894881180247438,0.314238523910326,0.3102214892491433
0of8_g157,0/8,0,8,1,wash their clothes in ponds,0.35,0.06871370492925606,0.42835666059260985,0.4244763695053426
0of8_g157,0/8,0,8,1,yell at stray cats,0.2,0.06788067698343384,0.16432941248134314,0.15892898229091762
0of8_g158,0/8,0,8,1,chug maple syrup,0.11,0.06892999529328599,0.28815128005262314,0.28392267086959333
0of8_g158,0/8,0,8,1,clap three times before entering a room,0.01,0.06975633373651308,0.3040181821304643,0.2985625572631151
0of8_g158,0/8,0,8,1,dance around a fire on their 10th birthday,0.32,0.06773150735962356,0.42092481455449926,0.4160242127224772
0of8_g158,0/8,0,8,1,farm potatoes,0.25,0.06813741710384294,0.3473562475994413,0.3441233961109852
0of8_g158,0/8,0,8,1,go to the opera,0.52,0.06987422777338584,0.3261452304308472,0.3230004923481468
0of8_g158,0/8,0,8,1,live in caves,0.02,0.06728336216688781,0.23700270462546463,0.23224574132735443
0of8_g158,0/8,0,8,1,look to their left when spoken to,0.29,0.0683745429386772,0.3438907918954217,0.34043752531515037
0of8_g158,0/8,0,8,1,paint their hands yellow,0.48,0.06766343214077303,0.29060689575696025,0.28555265192898116
0of8_g158,0/8,0,8,1,play banjos,0.54,0.06862573090148465,0.30695258358703953,0.30330125939151953
0of8_g158,0/8,0,8,1,ride lions,0.54,0.06745809842359289,0.1670676186182006,0.16271564692361748
0of8_g158,0/8,0,8,1,scream out windows,0.15,0.06776791370261645,0.2120562526347486,0.20661817916807718
0of8_g158,0/8,0,8,1,sing beautiful songs,0.5,0.07011126442989174,0.5351550071864628,0.5306547479038568
0of8_g158,0/8,0,8,1,smell garbage for fun,0.01,0.06708826720979238,0.1772225042340239,0.17208952592143692
0of8_g158,0/8,0,8,1,smile when they are sad,0.01,0.0692324578648185,0.3142891470766818,0.31080080226694523
0of8_g158,0/8,0,8,1,wash their clothes in ponds,0.66,0.06863022414120841,0.4283417545382132,0.42497185395775006
0of8_g158,0/8,0,8,1,yell at stray cats,0.01,0.06753848296408178,0.16424702915640818,0.15961714830683693
0of8_g159,0/8,0,8,1,chug maple syrup,0.51,0.0700332003096445,0.28839205263438517,0.2829809935746434
0of8_g159,0/8,0,8,1,clap three times before entering a room,0.18,0.06953162689848862,0.3039558810699453,0.29718651419476494
0of8_g159,0/8,0,8,1,dance around a fire on their 10th birthday,0.27,0.06800961842534099,0.42099548758995137,0.4148458508277062
0of8_g159,0/8,0,8,1,farm potatoes,0.22,0.06888669229341939,0.3474830907661365,0.3433801764126013
0of8_g159,0/8,0,8,1,go to the opera,0.15,0.07080724798608387,0.3262926325372777,0.32228480415231814
0of8_g159,0/8,0,8,1,live in caves,0.01,0.0673467300407011,0.23701869552703198,0.23108055657389304
0of8_g159,0/8,0,8,1,look to their left when spoken to,0.42,0.06825395943889524,0.3438692777240184,0.33957603062774716
0of8_g159,0/8,0,8,1,paint their hands yellow,0.37,0.06741023455368676,0.2905396974674112,0.28427779557012267
0of8_g159,0/8,0,8,1,play banjos,0.4,0.06961139093704613,0.3071369207995388,0.3024777791528533
0of8_g159,0/8,0,8,1,ride lions,0.01,0.06808824624603224,0.1672106578233021,0.16170372387720186
0of8_g159,0/8,0,8,1,scream out windows,0.03,0.0680050547317041,0.21212311244046672,0.20530560584240945
0of8_g159,0/8,0,8,1,sing beautiful songs,0.62,0.07121063896016756,0.5354029961703405,0.5296458888665636
0of8_g159,0/8,0,8,1,smell garbage for fun,0.14,0.06747386502259486,0.1773267901356891,0.17086963601468966
0of8_g159,0/8,0,8,1,smile when they are sad,0.71,0.06900979973683281,0.31424940861050904,0.30992170439529587
0of8_g159,0/8,0,8,1,wash their clothes in ponds,0.4,0.06858078810563903,0.4283329274026221,0.42413608606839154
0of8_g159,0/8,0,8,1,yell at stray cats,0.06,0.06787232199437311,0.1643274010149244,0.1585099823784729
8of8_g160,8/8,8,8,1,chug maple syrup,0.97,0.9288481254950504,0.4758269207925819,0.47762849183124945
8of8_g160,8/8,8,8,1,clap three times before entering a room,0.89,0.9309948273945632,0.5428007309232805,0.5446953987327131
8of8_g160,8/8,8,8,1,dance around a fire on their 10th birthday,0.91,0.9319563684584309,0.6405399315922963,0.6423851285063018
8of8_g160,8/8,8,8,1,farm potatoes,0.18,0.9299073141713144,0.49324339857856386,0.4945751944323931
8of8_g160,8/8,8,8,1,go to the opera,0.01,0.9293044535771158,0.46192130890099214,0.46318724895389224
8of8_g160,8/8,8,8,1,live in caves,0.96,0.93180740088158,0.4551655996977308,0.45695816471713835
8of8_g160,8/8,8,8,1,look to their left when spoken to,0.51,0.9319474989892427,0.49796706791429096,0.49919550247073835
8of8_g160,8/8,8,8,1,paint their hands yellow,0.47,0.9323898972884452,0.5201041040614959,0.5218959514400525
8of8_g160,8/8,8,8,1,play banjos,0.91,0.9299677562296648,0.4680399587762527,0.4695451158593906
8of8_g160,8/8,8,8,1,ride lions,0.05,0.9313783645731867,0.3631715544578398,0.3649059856225588
8of8_g160,8/8,8,8,1,scream out windows,0.42,0.9319883627773691,0.45571552806711774,0.45775120545291104
8of8_g160,8/8,8,8,1,sing beautiful songs,0.995,0.9287695795855394,0.7288449619828968,0.730695476941036
8of8_g160,8/8,8,8,1,smell garbage for fun,0.01,0.9318453641118528,0.4110982436124077,0.4130977256834793
8of8_g160,8/8,8,8,1,smile when they are sad,0.33,0.9313992663421035,0.46816265200507656,0.46937907502527526
8of8_g160,8/8,8,8,1,wash their clothes in ponds,0.95,0.9300868860610568,0.5821606170963134,0.5834313914697153
8of8_g160,8/8,8,8,1,yell at stray cats,0.1,0.9319876982599039,0.37236346768544265,0.3741244050195132
8of8_g161,8/8,8,8,1,chug maple syrup,0.76,0.9299574826097873,0.47606903605914663,0.48102039208708625
8of8_g161,8/8,8,8,1,clap three times before entering a room,0.9,0.9292904149134389,0.5423281742976372,0.5489244085622372
8of8_g161,8/8,8,8,1,dance around a fire on their 10th birthday,0.995,0.931274879575396,0.6403667529815615,0.6462206484979254
8of8_g161,8/8,8,8,1,farm potatoes,0.15,0.9310136924939175,0.4934306949577236,0.49723475936426426
8of8_g161,8/8,8,8,1,go to the opera,0.5,0.928633084634097,0.4618152434642029,0.4655390171084369
8of8_g161,8/8,8,8,1,live in caves,0.9,0.9321724446515296,0.45525771860028746,0.4609304000242037
8of8_g161,8/8,8,8,1,look to their left when spoken to,0.9,0.9307683733132854,0.4977566916029014,0.5019151592005769
8of8_g161,8/8,8,8,1,paint their hands yellow,0.75,0.9317328102707269,0.5199297140754627,0.5260130630714744
8of8_g161,8/8,8,8,1,play banjos,0.4,0.9300808494271585,0.468061109359645,0.4723639702069782
8of8_g161,8/8,8,8,1,ride lions,0.51,0.9315312413891116,0.36320625643958065,0.3683582349738649
8of8_g161,8/8,8,8,1,scream out windows,0.995,0.931251925303456,0.455507896065946,0.46200930880959856
8of8_g161,8/8,8,8,1,sing beautiful songs,0.1,0.9283415961506593,0.7287484205639267,0.7340591339096405
8of8_g161,8/8,8,8,1,smell garbage for fun,0.95,0.9321130537216328,0.4111706409429824,0.4172648498649255
8of8_g161,8/8,8,8,1,smile when they are sad,0.05,0.9298715430556617,0.4678899946325889,0.4721039079280898
8of8_g161,8/8,8,8,1,wash their clothes in ponds,0.91,0.9310454938591852,0.5823317829455841,0.5863486676514353
8of8_g161,8/8,8,8,1,yell at stray cats,0.75,0.9314791946695212,0.3722410452754999,0.3777625185647491
4of8_g162,4/8,4,8,1,chug maple syrup,0.02,0.5187593175865297,0.38632574959799465,0.3372296039033961
4of8_g162,4/8,4,8,1,clap three times before entering a room,0.03,0.5009283801834168,0.42356272290163477,0.36269713130791925
4of8_g162,4/8,4,8,1,dance around a fire on their 10th birthday,0.35,0.5082583378855653,0.5328706237982158,0.4759502759480201
4of8_g162,4/8,4,8,1,farm potatoes,0.14,0.5074605232540306,0.4217283004335536,0.3847339969102591
4of8_g162,4/8,4,8,1,go to the opera,0.07,0.5286075801435157,0.398617682269542,0.3615561752865047
4of8_g162,4/8,4,8,1,live in caves,0.36,0.4913494977040846,0.3440159184725287,0.2908159870938404
4of8_g162,4/8,4,8,1,look to their left when spoken to,0.05,0.49958139568990567,0.42082551478157465,0.38177101199019015
4of8_g162,4/8,4,8,1,paint their hands yellow,0.23,0.4902355753749796,0.4027569583353656,0.34642130487976514
4of8_g162,4/8,4,8,1,play banjos,0.11,0.5238737860363205,0.3920926465413852,0.34888560474009095
4of8_g162,4/8,4,8,1,ride lions,0.12,0.5122986112875578,0.2680433438229637,0.21701598269527583
4of8_g162,4/8,4,8,1,scream out windows,0.19,0.5074028995085046,0.3360074299192807,0.27298348091958163
4of8_g162,4/8,4,8,1,sing beautiful songs,0.5,0.5315742905560449,0.6392485110785183,0.5861015525156841
4of8_g162,4/8,4,8,1,smell garbage for fun,0.17,0.5031519747839582,0.2951570345088738,0.23593083220702743
4of8_g162,4/8,4,8,1,smile when they are sad,0.39,0.4994002318024556,0.39106248424554535,0.35203283947232794
4of8_g162,4/8,4,8,1,wash their clothes in ponds,0.26,0.4821885609954422,0.5021853682547399,0.4661425880343352
4of8_g162,4/8,4,8,1,yell at stray cats,0.02,0.508541520639866,0.27041865839452595,0.21650180075201855
0of8_g163,0/8,0,8,1,chug maple syrup,0.64,0.07019944141835838,0.28842833446808475,0.28543603978793747
0of8_g163,0/8,0,8,1,clap three times before entering a room,0.11,0.06887829546123601,0.3037747417607499,0.29988889908060173
0of8_g163,0/8,0,8,1,dance around a fire on their 10th birthday,0.5,0.06765171530873573,0.4209045379559157,0.41741539898579066
0of8_g163,0/8,0,8,1,farm potatoes,0.5,0.06915787991630165,0.34752899952880933,0.345271949848321
0of8_g163,0/8,0,8,1,go to the opera,0.24,0.07026975428699138,0.32620771722423186,0.3239174715980049
0of8_g163,0/8,0,8,1,live in caves,0.7,0.06750170057517793,0.2370578023869206,0.2337738429094096
0of8_g163,0/8,0,8,1,look to their left when spoken to,0.34,0.06779570002763198,0.343787516359164,0.341342439037432
0of8_g163,0/8,0,8,1,paint their hands yellow,0.13,0.0672138391055403,0.29048757438700373,0.28696528954802464
0of8_g163,0/8,0,8,1,play banjos,0.41,0.06938879277465235,0.30709529070063785,0.3044690009675419
0of8_g163,0/8,0,8,1,ride lions,0.51,0.06798529396403831,0.1671872883660805,0.16409935745020854
0of8_g163,0/8,0,8,1,scream out windows,0.18,0.067635314460905,0.2120188674569356,0.2081489013179298
0of8_g163,0/8,0,8,1,sing beautiful songs,0.72,0.07072834039278891,0.5352942027352043,0.5320130839732864
0of8_g163,0/8,0,8,1,smell garbage for fun,0.39,0.06749153954599683,0.17733157025515112,0.17373269887980197
0of8_g163,0/8,0,8,1,smile when they are sad,0.71,0.06843109355416882,0.3141461251765208,0.3116694483347254
0of8_g163,0/8,0,8,1,wash their clothes in ponds,0.67,0.06902986678405654,0.4284131134114682,0.42613044250432264
0of8_g163,0/8,0,8,1,yell at stray cats,0.23,0.06757232796150611,0.1642551773508901,0.16096298857993352
8of8_g164,8/8,8,8,1,chug maple syrup,0.3,0.9299022520191033,0.4760569820785047,0.4717460805081517
8of8_g164,8/8,8,8,1,clap three times before entering a room,0.39,0.9305853063131518,0.5426871892175581,0.5373047535683593
8of8_g164,8/8,8,8,1,dance around a fire on their 10th birthday,0.65,0.9320805945839585,0.6405714996902822,0.6356619631208611
8of8_g164,8/8,8,8,1,farm potatoes,0.66,0.9307418162544125,0.49338466962064087,0.4900915703806744
8of8_g164,8/8,8,8,1,go to the opera,0.51,0.9298265302928832,0.4620037885799692,0.45885205999349016
8of8_g164,8/8,8,8,1,live in caves,0.31,0.9320416223422472,0.4552247055521188,0.45042344847193827
8of8_g164,8/8,8,8,1,look to their left when spoken to,0.9,0.9317175892525696,0.49792604806090296,0.4944944507835746
8of8_g164,8/8,8,8,1,paint their hands yellow,0.5,0.9321964573368975,0.5200527653657995,0.5150083324164598
8of8_g164,8/8,8,8,1,play banjos,0.16,0.9307083156458021,0.4681784575015085,0.4644857509322493
8of8_g164,8/8,8,8,1,ride lions,0.42,0.9319114997165815,0.3632925724545817,0.35889021432560236
8of8_g164,8/8,8,8,1,scream out windows,0.6,0.9320751560653796,0.4557399986633547,0.45029660380737263
8of8_g164,8/8,8,8,1,sing beautiful songs,0.9,0.9294496126791734,0.7289983589474882,0.7244769886928364
8of8_g164,8/8,8,8,1,smell garbage for fun,0.5,0.9322555976066356,0.41120919229644143,0.4060175727223512
8of8_g164,8/8,8,8,1,smile when they are sad,0.13,0.93103012244647,0.46809676978311493,0.4646473357098479
8of8_g164,8/8,8,8,1,wash their clothes in ponds,0.75,0.9303887169651158,0.582214511027836,0.5788100019324639
8of8_g164,8/8,8,8,1,yell at stray cats,0.34,0.9321855843723392,0.37241110883338485,0.3677628669484675
4of8_g165,4/8,4,8,1,chug maple syrup,0.25,0.5131164085017904,0.38509419447557003,0.36762690205987236
4of8_g165,4/8,4,8,1,clap three times before entering a room,0.75,0.4646489572837085,0.413504076971946,0.39440588745440597
4of8_g165,4/8,4,8,1,dance around a fire on their 10th birthday,0.76,0.48162401678561795,0.5261023626559129,0.5072767029775498
4of8_g165,4/8,4,8,1,farm potatoes,0.5,0.5210261791034505,0.424024800798407,0.4114120736237035
4of8_g165,4/8,4,8,1,go to the opera,0.5,0.4688232489622392,0.38917272467084574,0.37604012578097556
4of8_g165,4/8,4,8,1,live in caves,0.49,0.5160190262185942,0.3502412812383747,0.3335220693543911
4of8_g165,4/8,4,8,1,look to their left when spoken to,0.5,0.47648836361334473,0.41670532046630426,0.4043618399455866
4of8_g165,4/8,4,8,1,paint their hands yellow,0.76,0.49404936050351006,0.40376913163564926,0.3864848569399514
4of8_g165,4/8,4,8,1,play banjos,0.25,0.48856563035636574,0.3854893484855532,0.37013885753601905
4of8_g165,4/8,4,8,1,ride lions,0.76,0.4972541659688879,0.26462835860370904,0.24719686814043515
4of8_g165,4/8,4,8,1,scream out windows,0.25,0.4809816283166378,0.32855818730820296,0.3078055122609352
4of8_g165,4/8,4,8,1,sing beautiful songs,0.5,0.4720162701663301,0.6258138420449367,0.6067020482129948
4of8_g165,4/8,4,8,1,smell garbage for fun,0.25,0.505948482964553,0.29591335720429585,0.2763370434587378
4of8_g165,4/8,4,8,1,smile when they are sad,0.23,0.4692587997915668,0.38568305216642407,0.3734586236706566
4of8_g165,4/8,4,8,1,wash their clothes in ponds,0.76,0.5348904873648869,0.5115956505441617,0.5007085118535938
4of8_g165,4/8,4,8,1,yell at stray cats,0.25,0.48522417996953304,0.26480500080722935,0.2468847496056828
4of8_g166,4/8,4,8,1,chug maple syrup,0.1,0.45962443794116326,0.37341966466067567,0.32959622536230726
4of8_g166,4/8,4,8,1,clap three times before entering a room,0.04,0.5213054694771495,0.4292123697234687,0.3685333258382092
4of8_g166,4/8,4,8,1,dance around a fire on their 10th birthday,0.16,0.4980262248508523,0.5302704594164537,0.47569213393796594
4of8_g166,4/8,4,8,1,farm potatoes,0.1,0.4725375213639175,0.41581626142322803,0.38182066293702965
4of8_g166,4/8,4,8,1,go to the opera,0.23,0.47371755129619747,0.38994594529748905,0.35617713643912424
4of8_g166,4/8,4,8,1,live in caves,0.01,0.5019526784484305,0.3466916342474193,0.29488560917625434
4of8_g166,4/8,4,8,1,look to their left when spoken to,0.37,0.5154728959532604,0.4236608318949411,0.38501867034004267
4of8_g166,4/8,4,8,1,paint their hands yellow,0.03,0.5186083048173992,0.41028704150207346,0.3539871768476089
4of8_g166,4/8,4,8,1,play banjos,0.04,0.4680049695022156,0.381644113036965,0.3425794356783197
4of8_g166,4/8,4,8,1,ride lions,0.01,0.4808838978951406,0.26091242077264076,0.2134470544580988
4of8_g166,4/8,4,8,1,scream out windows,0.03,0.4998426367283214,0.3338758810152135,0.2732433780473632
4of8_g166,4/8,4,8,1,sing beautiful songs,0.77,0.46671166415383286,0.6246172672483749,0.5768565054450623
4of8_g166,4/8,4,8,1,smell garbage for fun,0.04,0.4897692785627715,0.29153765053987374,0.2353453870697081
4of8_g166,4/8,4,8,1,smile when they are sad,0.1,0.520643057942759,0.3948537553553275,0.3559449905539239
4of8_g166,4/8,4,8,1,wash their clothes in ponds,0.25,0.5038323370990301,0.5060500095871274,0.470683705030324
4of8_g166,4/8,4,8,1,yell at stray cats,0.04,0.49512770908866116,0.2671892787644211,0.21573641384486517
4of8_g167,4/8,4,8,1,chug maple syrup,0.23,0.46974562067942666,0.37562859524224645,0.3291874706884513
4of8_g167,4/8,4,8,1,clap three times before entering a room,0.06,0.5365374910249073,0.433435521562621,0.3706017725289286
4of8_g167,4/8,4,8,1,dance around a fire on their 10th birthday,0.24,0.5126029524806114,0.5339746686894516,0.476843395042834
4of8_g167,4/8,4,8,1,farm potatoes,0.17,0.4688559995578898,0.4151930246063277,0.38022373483306415
4of8_g167,4/8,4,8,1,go to the opera,0.24,0.5127151109830005,0.39610692912747686,0.35895777504731263
4of8_g167,4/8,4,8,1,live in caves,0.11,0.486005034489539,0.3426672416107194,0.2910691363680576
4of8_g167,4/8,4,8,1,look to their left when spoken to,0.16,0.5243689229218662,0.42524803619202184,0.3854712237155342
4of8_g167,4/8,4,8,1,paint their hands yellow,0.01,0.5113882833941512,0.408370857798535,0.35185920224942435
4of8_g167,4/8,4,8,1,play banjos,0.1,0.4938438335017995,0.3864764730718514,0.34419915186185235
4of8_g167,4/8,4,8,1,ride lions,0.02,0.49224251890314596,0.2634907493206077,0.21362639352306262
4of8_g167,4/8,4,8,1,scream out windows,0.04,0.5139180998479955,0.33784433275549186,0.27448032823435564
4of8_g167,4/8,4,8,1,sing beautiful songs,0.25,0.5070540167861585,0.6337174044272952,0.580831320846056
4of8_g167,4/8,4,8,1,smell garbage for fun,0.01,0.4889422804090961,0.29131398680198906,0.2336622467969155
4of8_g167,4/8,4,8,1,smile when they are sad,0.04,0.5324993590786465,0.3969697850996036,0.35685220614738444
4of8_g167,4/8,4,8,1,wash their clothes in ponds,0.03,0.4712664247321205,0.5002351475982711,0.4660368418574926
4of8_g167,4/8,4,8,1,yell at stray cats,0.02,0.5083818419885219,0.2703802157056567,0.2165491867324022
12of12_g168,12/12,12,12,1,chug maple syrup,0.85,0.9467752210617337,0.47973947831278946,0.48317777149089414
12of12_g168,12/12,12,12,1,clap three times before entering a room,0.995,0.9481665262297517,0.5475616676965002,0.551622186463803
12of12_g168,12/12,12,12,1,dance around a fire on their 10th birthday,0.995,0.9491422722542959,0.6449071795660823,0.6486648072548082
12of12_g168,12/12,12,12,1,farm potatoes,0.87,0.9477110099002476,0.4962573474941987,0.4988260889535074
12of12_g168,12/12,12,12,1,go to the opera,0.9,0.9468256034852699,0.46468936726499943,0.46720922604726084
12of12_g168,12/12,12,12,1,live in caves,0.4,0.9492419009044898,0.45956520089886144,0.4631667130798867
12of12_g168,12/12,12,12,1,look to their left when spoken to,0.66,0.9490716553930629,0.5010223120950859,0.5036037669176191
12of12_g168,12/12,12,12,1,paint their hands yellow,0.75,0.9495620622484389,0.5246615729001424,0.5284033989317738
12of12_g168,12/12,12,12,1,play banjos,0.995,0.9475433088603403,0.471326922093405,0.47426324209169796
12of12_g168,12/12,12,12,1,ride lions,0.8,0.9487847886014517,0.36712269253687796,0.3705407190285092
12of12_g168,12/12,12,12,1,scream out windows,0.5,0.9491622288668914,0.4605575469897498,0.46471614968639313
12of12_g168,12/12,12,12,1,sing beautiful songs,0.995,0.9464015389226609,0.732822252305137,0.7364676223327153
12of12_g168,12/12,12,12,1,smell garbage for fun,0.75,0.9492263067050247,0.41579896340370387,0.4197664966740499
12of12_g168,12/12,12,12,1,smile when they are sad,0.25,0.9485455868923508,0.4712228074341078,0.47381688899828006
12of12_g168,12/12,12,12,1,wash their clothes in ponds,0.6,0.9479058299212103,0.5853423089883315,0.5878840839283566
12of12_g168,12/12,12,12,1,yell at stray cats,0.25,0.949198142389239,0.3765068878821681,0.38006964088735645
12of12_g169,12/12,12,12,2,chug maple syrup,0.5425,0.9469493110606421,0.47977747315316327,0.4814893992097971
12of12_g169,12/12,12,12,2,clap three times before entering a room,0.6225,0.9477780100456351,0.5474539497004123,0.5495768919769999
12of12_g169,12/12,12,12,2,dance around a fire on their 10th birthday,0.7424999999999999,0.948954551459124,0.6448594763278884,0.6467913470010421
12of12_g169,12/12,12,12,2,farm potatoes,0.6125,0.9479102926058313,0.4962910836298608,0.49756935900473576
12of12_g169,12/12,12,12,2,go to the opera,0.6125,0.9465856984477425,0.46465146614839603,0.46594555639108476
12of12_g169,12/12,12,12,2,live in caves,0.5375,0.9493156662853536,0.4595838156143866,0.4613998333511033
12of12_g169,12/12,12,12,2,look to their left when spoken to,0.7475,0.9487985491135321,0.5009735852351112,0.5023120983905416
12of12_g169,12/12,12,12,2,paint their hands yellow,0.6174999999999999,0.9494210459572459,0.5246241473714247,0.5265468844276744
12of12_g169,12/12,12,12,2,play banjos,0.6825,0.9474875708071989,0.47131649801514724,0.47280508939472443
12of12_g169,12/12,12,12,2,ride lions,0.5075,0.9487665968984562,0.36711856314589497,0.36885019754168885
12of12_g169,12/12,12,12,2,scream out windows,0.6925,0.948964817617902,0.4605018886424584,0.46264200205981537
12of12_g169,12/12,12,12,2,sing beautiful songs,0.8725,0.9462060548758994,0.7327781564226278,0.734642500025837
12of12_g169,12/12,12,12,2,smell garbage for fun,0.5475,0.9492537582436155,0.41580638774159945,0.4178117264558048
12of12_g169,12/12,12,12,2,smile when they are sad,0.5925,0.9481986292435625,0.4711608848583883,0.4725135206950016
12of12_g169,12/12,12,12,2,wash their clothes in ponds,0.6125,0.9481262792337355,0.5853816716910689,0.586647824631724
12of12_g169,12/12,12,12,2,yell at stray cats,0.5525,0.9490468092357068,0.3764704543746963,0.37829670812067595
12of12_g170,12/12,12,12,1,chug maple syrup,0.05,0.9476786298714581,0.4799366457189184,0.4709975560064827
12of12_g170,12/12,12,12,1,clap three times before entering a room,0.7,0.9474465101557128,0.5473620397483804,0.5359557610453632
12of12_g170,12/12,12,12,1,dance around a fire on their 10th birthday,0.61,0.9490204149239229,0.6448762134216488,0.6345674729631988
12of12_g170,12/12,12,12,1,farm potatoes,0.4,0.9484513202150046,0.49638267301673994,0.48955387819090357
12of12_g170,12/12,12,12,1,go to the opera,0.01,0.9470035180088479,0.46471747488280135,0.4581022565935054
12of12_g170,12/12,12,12,1,live in caves,0.4,0.9494001519945149,0.45960513560790617,0.44959594995433316
12of12_g170,12/12,12,12,1,look to their left when spoken to,0.27,0.9485895535797082,0.5009362968354101,0.49369687348484004
12of12_g170,12/12,12,12,1,paint their hands yellow,0.7,0.9492077971242433,0.5245675514259776,0.5139672514846854
12of12_g170,12/12,12,12,1,play banjos,0.53,0.9480293603698715,0.4714178229894193,0.46371243030569087
12of12_g170,12/12,12,12,1,ride lions,0.12,0.9491235952487957,0.36719959930667617,0.35801571742213867
12of12_g170,12/12,12,12,1,scream out windows,0.08,0.9490020210598945,0.4605123778223073,0.4490765585978844
12of12_g170,12/12,12,12,1,sing beautiful songs,0.98,0.9467432570562183,0.7328993346191072,0.72342637958443
12of12_g170,12/12,12,12,1,smell garbage for fun,0.09,0.9494957160405796,0.4158718258384547,0.40504775176003305
12of12_g170,12/12,12,12,1,smile when they are sad,0.2,0.9478907751473429,0.47110594121137467,0.46380673843032033
12of12_g170,12/12,12,12,1,wash their clothes in ponds,0.75,0.9482282086704873,0.5853998718753793,0.5783235639404382
12of12_g170,12/12,12,12,1,yell at stray cats,0.12,0.9491638921725754,0.3764986421310184,0.36675214275556145
12of12_g171,12/12,12,12,1,chug maple syrup,0.21,0.9471938848993362,0.47983085096934486,0.47316015144399765
12of12_g171,12/12,12,12,1,clap three times before entering a room,0.65,0.9482550056274642,0.5475861990385815,0.540291514032396
12of12_g171,12/12,12,12,1,dance around a fire on their 10th birthday,0.64,0.949360120776294,0.6449625388027911,0.638001623369941
12of12_g171,12/12,12,12,1,farm potatoes,0.35,0.947879857761365,0.4962859313812562,0.491069181908942
12of12_g171,12/12,12,12,1,go to the opera,0.995,0.9474877014129864,0.46479396803128564,0.46050167188184915
12of12_g171,12/12,12,12,1,live in caves,0.1,0.9490829758177165,0.45952509610653935,0.4520000650643969
12of12_g171,12/12,12,12,1,look to their left when spoken to,0.75,0.9491201315554286,0.5010309610766464,0.4962213867051424
12of12_g171,12/12,12,12,1,paint their hands yellow,0.1,0.94940485816745,0.5246198511543937,0.517173892007957
12of12_g171,12/12,12,12,1,play banjos,0.16,0.9480836744555663,0.4714279807586249,0.46610359697293813
12of12_g171,12/12,12,12,1,ride lions,0.03,0.949071468250008,0.36718776683784043,0.360672751006087
12of12_g171,12/12,12,12,1,scream out windows,0.25,0.9493634258921386,0.4606142727030136,0.4529081400717765
12of12_g171,12/12,12,12,1,sing beautiful songs,0.995,0.9471279964026081,0.7329861213482348,0.7267733996192727
12of12_g171,12/12,12,12,1,smell garbage for fun,0.08,0.9493178024203948,0.4158237086508476,0.4079372903864198
12of12_g171,12/12,12,12,1,smile when they are sad,0.5,0.9485979923795522,0.47123216039911864,0.46649369865958606
12of12_g171,12/12,12,12,1,wash their clothes in ponds,0.4,0.947528257131938,0.5852748908353982,0.5796300092921349
12of12_g171,12/12,12,12,1,yell at stray cats,0.75,0.9494181245426154,0.37655984865937814,0.36990354822405713
12of12_g172,12/12,12,12,1,chug maple syrup,0.67,0.9470975743885329,0.4798098313673733,0.4818235393896063
12of12_g172,12/12,12,12,1,clap three times before entering a room,0.75,0.9481556895471955,0.5475586631737109,0.550200563172935
12of12_g172,12/12,12,12,1,dance around a fire on their 10th birthday,0.88,0.9492548552846151,0.6449357889436794,0.6472880291872689
12of12_g172,12/12,12,12,1,farm potatoes,0.26,0.9479204624813324,0.4962928052659585,0.4978330832912691
12of12_g172,12/12,12,12,1,go to the opera,0.67,0.9471396057095985,0.46473897453894697,0.4662487102371014
12of12_g172,12/12,12,12,1,live in caves,0.65,0.9492555546903355,0.4595686464357296,0.461845588928571
12of12_g172,12/12,12,12,1,look to their left when spoken to,0.77,0.9490766176669805,0.5010231974501452,0.5026882778467584
12of12_g172,12/12,12,12,1,paint their hands yellow,0.67,0.9495095782632406,0.5246476437230336,0.5270799355867112
12of12_g172,12/12,12,12,1,play banjos,0.63,0.9478536500441862,0.47138496180962547,0.4731297494501927
12of12_g172,12/12,12,12,1,ride lions,0.74,0.9489829639949557,0.3671676769829842,0.36924678448751674
12of12_g172,12/12,12,12,1,scream out windows,0.64,0.9492637966924963,0.46058618313556265,0.46319753092310734
12of12_g172,12/12,12,12,1,sing beautiful songs,0.53,0.9467609110869363,0.7329033168881324,0.7350611978532484
12of12_g172,12/12,12,12,1,smell garbage for fun,0.85,0.9493446116668641,0.41583095927921787,0.4182838056869602
12of12_g172,12/12,12,12,1,smile when they are sad,0.68,0.9485299975254282,0.47122002515287825,0.47290696470143173
12of12_g172,12/12,12,12,1,wash their clothes in ponds,0.7,0.9478633106926476,0.5853347168950046,0.5869490134633041
12of12_g172,12/12,12,12,1,yell at stray cats,0.55,0.949322917940562,0.37653692763800034,0.3787567873960538
12of12_g173,12/12,12,12,1,chug maple syrup,0.03,0.9474117571598811,0.47987840121239844,0.46996471085509006
12of12_g173,12/12,12,12,1,clap three times before entering a room,0.06,0.9479215532264083,0.5474937477433692,0.5344053492975133
12of12_g173,12/12,12,12,1,dance around a fire on their 10th birthday,0.05,0.949218117226839,0.6449264531409025,0.633229979363166
12of12_g173,12/12,12,12,1,farm potatoes,0.06,0.9482180015639767,0.49634317500992337,0.48880820167861944
12of12_g173,12/12,12,12,1,go to the opera,0.02,0.9471368327640559,0.4647385364583905,0.457173449636457
12of12_g173,12/12,12,12,1,live in caves,0.005,0.9493904275354919,0.4596026816378157,0.4485084905584466
12of12_g173,12/12,12,12,1,look to their left when spoken to,0.51,0.9489361324629095,0.5009981324722215,0.49275502849059677
12of12_g173,12/12,12,12,1,paint their hands yellow,0.16,0.9494516955606003,0.5246322817337797,0.5127009689374596
12of12_g173,12/12,12,12,1,play banjos,0.1,0.9479872014341106,0.4714099384649183,0.4627140632224605
12of12_g173,12/12,12,12,1,ride lions,0.005,0.9491062857767444,0.36719567017602656,0.35688772609280744
12of12_g173,12/12,12,12,1,scream out windows,0.25,0.9492157391756839,0.4605726337457766,0.44759160933863984
12of12_g173,12/12,12,12,1,sing beautiful songs,0.95,0.9468076693460191,0.7329138642792521,0.7221055890493269
12of12_g173,12/12,12,12,1,smell garbage for fun,0.02,0.9494766286700707,0.4158666636109268,0.40378710949026425
12of12_g173,12/12,12,12,1,smile when they are sad,0.1,0.9483256576996099,0.47118355600922074,0.46283301477797667
12of12_g173,12/12,12,12,1,wash their clothes in ponds,0.01,0.9481006144040481,0.5853770890636603,0.5776418967940898
12of12_g173,12/12,12,12,1,yell at stray cats,0.06,0.9493183303795727,0.3765358231811534,0.36550400944818534
12of12_g174,12/12,12,12,1,chug maple syrup,0.48,0.9471788729029569,0.47982757462716724,0.4767431245690321
12of12_g174,12/12,12,12,1,clap three times before entering a room,0.26,0.9477572629138752,0.5474481974575223,0.5431275888345345
12of12_g174,12/12,12,12,1,dance around a fire on their 10th birthday,0.18,0.9490279358255506,0.6448781246183356,0.6411105062915792
12of12_g174,12/12,12,12,1,farm potatoes,0.71,0.9480993159004333,0.49632308297215855,0.4939399992738514
12of12_g174,12/12,12,12,1,go to the opera,0.995,0.9467394969159486,0.464675763819412,0.4623061459438671
12of12_g174,12/12,12,12,1,live in caves,0.45,0.9494041682227358,0.4596061491042772,0.455985005611417
12of12_g174,12/12,12,12,1,look to their left when spoken to,0.5,0.948808873618515,0.5009754273044676,0.4982690413833055
12of12_g174,12/12,12,12,1,paint their hands yellow,0.06,0.9494368011465483,0.5246283287768829,0.520682447020868
12of12_g174,12/12,12,12,1,play banjos,0.3,0.9476713932787058,0.47135087632082034,0.46863618450262107
12of12_g174,12/12,12,12,1,ride lions,0.5,0.9489090708144429,0.3671509037411724,0.36388260464843597
12of12_g174,12/12,12,12,1,scream out windows,0.17,0.9490315751845293,0.4605207103451055,0.45633130242990805
12of12_g174,12/12,12,12,1,sing beautiful songs,0.995,0.9463884014902656,0.7328192888578123,0.7294575540128407
12of12_g174,12/12,12,12,1,smell garbage for fun,0.08,0.9493726554183528,0.41583854378258633,0.4119622864868287
12of12_g174,12/12,12,12,1,smile when they are sad,0.005,0.9481846192187874,0.47115838444710473,0.4684027227857016
12of12_g174,12/12,12,12,1,wash their clothes in ponds,0.005,0.9482279689230059,0.5853998290668592,0.5828503069992179
12of12_g174,12/12,12,12,1,yell at stray cats,0.37,0.9491325726816198,0.3764911019530659,0.37294695796099836
12of12_g175,12/12,12,12,1,chug maple syrup,0.995,0.9469389667191064,0.47977521551856117,0.48491290251115676
12of12_g175,12/12,12,12,1,clap three times before entering a room,0.995,0.9474164410702207,0.5473537029486129,0.5537032611434746
12of12_g175,12/12,12,12,1,dance around a fire on their 10th birthday,0.995,0.948720519336804,0.6448000045465876,0.6505677185330004
12of12_g175,12/12,12,12,1,farm potatoes,0.995,0.9479788458577348,0.4963026888607288,0.5001779565475105
12of12_g175,12/12,12,12,1,go to the opera,0.995,0.9462091247669794,0.4645919735961283,0.4683946705559316
12of12_g175,12/12,12,12,1,live in caves,0.995,0.9493710179459481,0.4595977836221939,0.4651531094362383
12of12_g175,12/12,12,12,1,look to their left when spoken to,0.995,0.948537528005438,0.5009270145776864,0.504944046503443
12of12_g175,12/12,12,12,1,paint their hands yellow,0.995,0.9493117503007317,0.5245951404552949,0.5304366570349445
12of12_g175,12/12,12,12,1,play banjos,0.995,0.9472784981737776,0.47127739744794933,0.47568860009061303
12of12_g175,12/12,12,12,1,ride lions,0.995,0.948645485514385,0.36709107169787375,0.372272494434607
12of12_g175,12/12,12,12,1,scream out windows,0.995,0.9487271869216319,0.4604348907794298,0.4668269208066887
12of12_g175,12/12,12,12,1,sing beautiful songs,0.995,0.945848629571458,0.7326975309982438,0.7381721079580089
12of12_g175,12/12,12,12,1,smell garbage for fun,0.995,0.9492135954422228,0.4157955256105977,0.42185166447474076
12of12_g175,12/12,12,12,1,smile when they are sad,0.11,0.9478783925557916,0.47110373125299615,0.47515770729411594
12of12_g175,12/12,12,12,1,wash their clothes in ponds,0.995,0.9483452157718046,0.5854207642777849,0.589359023806178
12of12_g175,12/12,12,12,1,yell at stray cats,0.995,0.9488402907337689,0.3764207349760859,0.3818775273298362
12of12_g176,12/12,12,12,1,chug maple syrup,0.01,0.9464617783330395,0.4796710699807903,0.4751060518272355
12of12_g176,12/12,12,12,1,clap three times before entering a room,0.005,0.9478995458229714,0.5474876460840454,0.5419721397196906
12of12_g176,12/12,12,12,1,dance around a fire on their 10th birthday,0.005,0.9488551097953447,0.6448342064084353,0.6397535039311517
12of12_g176,12/12,12,12,1,farm potatoes,0.88,0.9475195350465807,0.4962249331328005,0.4927838678681145
12of12_g176,12/12,12,12,1,go to the opera,0.78,0.9463108240982097,0.46460804044595844,0.46126085644402964
12of12_g176,12/12,12,12,1,live in caves,0.15,0.9491779259701243,0.4595490568053855,0.45464426816916603
12of12_g176,12/12,12,12,1,look to their left when spoken to,0.52,0.9488472729854419,0.5009822784123169,0.4974694126212571
12of12_g176,12/12,12,12,1,paint their hands yellow,0.72,0.9494583315011049,0.5246340429032151,0.5195135505598756
12of12_g176,12/12,12,12,1,play banjos,0.26,0.9471268740796639,0.47124904085252267,0.4673399279129906
12of12_g176,12/12,12,12,1,ride lions,0.005,0.9484981301741906,0.36705762305300293,0.36246306812746676
12of12_g176,12/12,12,12,1,scream out windows,0.47,0.9488810396986924,0.46047826820265775,0.4548513501793298
12of12_g176,12/12,12,12,1,sing beautiful songs,0.77,0.9458640360743261,0.7327010062861334,0.7278754436767968
12of12_g176,12/12,12,12,1,smell garbage for fun,0.05,0.9490398660781584,0.41574854006561884,0.4103827479521585
12of12_g176,12/12,12,12,1,smile when they are sad,0.13,0.9483042706436521,0.47117973899698135,0.4676507881199617
12of12_g176,12/12,12,12,1,wash their clothes in ponds,0.67,0.9479627599944473,0.5853524742345915,0.5818884779759098
12of12_g176,12/12,12,12,1,yell at stray cats,0.15,0.9489172268463562,0.3764392573709966,0.37162434412810275
8of12_g177,8/12,8,12,1,chug maple syrup,0.3,0.6730329507745615,0.4199957025167124,0.41701422279522965
8of12_g177,8/12,8,12,1,clap three times before entering a room,0.25,0.6503028297775603,0.4649775134169962,0.45320521565960287
8of12_g177,8/12,8,12,1,dance around a fire on their 10th birthday,0.6,0.6603186899626435,0.571511900532325,0.5634074299670392
8of12_g177,8/12,8,12,1,farm potatoes,0.9,0.6720991117054632,0.44959960887927347,0.44695577027473604
8of12_g177,8/12,8,12,1,go to the opera,0.4,0.6618890078029013,0.41967399264490735,0.4153223290297607
8of12_g177,8/12,8,12,1,live in caves,0.005,0.6654887415251155,0.3879600077938309,0.3816404979968642
8of12_g177,8/12,8,12,1,look to their left when spoken to,0.25,0.6548886814293687,0.448535007138505,0.4417438219901439
8of12_g177,8/12,8,12,1,paint their hands yellow,0.8,0.6577561213565682,0.4472166796298454,0.43797259874223493
8of12_g177,8/12,8,12,1,play banjos,0.75,0.6674896915055346,0.4189515580622103,0.41492399694611076
8of12_g177,8/12,8,12,1,ride lions,0.005,0.6670095575009188,0.30316166047634485,0.2978483659458523
8of12_g177,8/12,8,12,1,scream out windows,0.2,0.6597649899950521,0.3789645673152532,0.36978376988153516
8of12_g177,8/12,8,12,1,sing beautiful songs,0.995,0.6638157913145486,0.669078595818901,0.6635029086623407
8of12_g177,8/12,8,12,1,smell garbage for fun,0.1,0.6667507067900975,0.339402724479355,0.33291627292668347
8of12_g177,8/12,8,12,1,smile when they are sad,0.05,0.6517065188865687,0.4182450456545772,0.41089125210283556
8of12_g177,8/12,8,12,1,wash their clothes in ponds,0.75,0.6669637368271888,0.5351782147109633,0.5314233700884444
8of12_g177,8/12,8,12,1,yell at stray cats,0.005,0.6617466122615884,0.30730283558926846,0.300023189098297
12of12_g178,12/12,12,12,1,chug maple syrup,0.16,0.9473289368465925,0.4798603258226411,0.46379130085638504
12of12_g178,12/12,12,12,1,clap three times before entering a room,0.15,0.9477305253405581,0.5474407843356609,0.5279496470401756
12of12_g178,12/12,12,12,1,dance around a fire on their 10th birthday,0.15,0.9490686965890792,0.6448884826631639,0.6268733712627247
12of12_g178,12/12,12,12,1,farm potatoes,0.15,0.9481885424436005,0.4963381879395271,0.48436600663621054
12of12_g178,12/12,12,12,1,go to the opera,0.01,0.9468905621055588,0.46469962967660755,0.45261670864945747
12of12_g178,12/12,12,12,1,live in caves,0.05,0.9493892848279766,0.4596023932752386,0.4427226032142413
12of12_g178,12/12,12,12,1,look to their left when spoken to,0.33,0.9487908329863222,0.500972208545235,0.48860145798542853
12of12_g178,12/12,12,12,1,paint their hands yellow,0.75,0.9493869144165802,0.5246150889077213,0.5068507800389955
12of12_g178,12/12,12,12,1,play banjos,0.06,0.947818389647947,0.4713783674434953,0.45740271225934886
12of12_g178,12/12,12,12,1,ride lions,0.08,0.9489949924988478,0.3671704073703219,0.35092398549035647
12of12_g178,12/12,12,12,1,scream out windows,0.51,0.9490663609607676,0.4605305178855804,0.4405901046440021
12of12_g178,12/12,12,12,1,sing beautiful songs,0.42,0.946563638515498,0.7328588175631157,0.7154302836860447
12of12_g178,12/12,12,12,1,smell garbage for fun,0.21,0.949414878424601,0.41584996310119093,0.3970866097037668
12of12_g178,12/12,12,12,1,smile when they are sad,0.44,0.9481552673468637,0.4711531459301905,0.4587111137486811
12of12_g178,12/12,12,12,1,wash their clothes in ponds,0.69,0.948181468123159,0.5853915260372853,0.5737146765517657
12of12_g178,12/12,12,12,1,yell at stray cats,0.28,0.9491797708116226,0.3765024649186949,0.3594461319550562
12of12_g179,12/12,12,12,1,chug maple syrup,0.81,0.9475653774115153,0.47991192856592596,0.4817011331546617
12of12_g179,12/12,12,12,1,clap three times before entering a room,0.75,0.9475772949939132,0.5473983004789896,0.5499298754253498
12of12_g179,12/12,12,12,1,dance around a fire on their 10th birthday,0.99,0.9490591070149368,0.644886045779498,0.6470825393645323
12of12_g179,12/12,12,12,1,farm potatoes,0.3,0.9483744905950398,0.4963696666975292,0.49773156050657613
12of12_g179,12/12,12,12,1,go to the opera,0.5,0.9469737419993437,0.46471277075478545,0.4661309416152514
12of12_g179,12/12,12,12,1,live in caves,0.01,0.9494239115709994,0.45961113134401,0.46165808289557625
12of12_g179,12/12,12,12,1,look to their left when spoken to,0.2,0.9486896236101514,0.5009541510508806,0.5025265604941614
12of12_g179,12/12,12,12,1,paint their hands yellow,0.995,0.9493037275237847,0.5245930112213851,0.5268484725937548
12of12_g179,12/12,12,12,1,play banjos,0.25,0.9479653403192748,0.4714058500197896,0.47300624318331813
12of12_g179,12/12,12,12,1,ride lions,0.9,0.9490946452411091,0.36719302785480457,0.3690898653109551
12of12_g179,12/12,12,12,1,scream out windows,0.995,0.9490470938824621,0.4605250857040756,0.4629666938359628
12of12_g179,12/12,12,12,1,sing beautiful songs,0.75,0.9466876816654684,0.7328867983229668,0.734902098155629
12of12_g179,12/12,12,12,1,smell garbage for fun,0.995,0.9494882496213679,0.4158698065265347,0.41809207602788573
12of12_g179,12/12,12,12,1,smile when they are sad,0.995,0.9480148707232299,0.47112808892225855,0.47273633172264307
12of12_g179,12/12,12,12,1,wash their clothes in ponds,0.49,0.9482427772307599,0.5854024731894898,0.5868207236008314
12of12_g179,12/12,12,12,1,yell at stray cats,0.995,0.9491903373466094,0.3765050088155371,0.37856771713481085
12of12_g180,12/12,12,12,1,chug maple syrup,0.005,0.9476816458814222,0.47993730395786305,0.47930292048951434
12of12_g180,12/12,12,12,1,clap three times before entering a room,0.005,0.9474908847874144,0.5473743428302066,0.5465854904771557
12of12_g180,12/12,12,12,1,dance around a fire on their 10th birthday,0.82,0.9490497909671337,0.6448836784038059,0.6441603542168237
12of12_g180,12/12,12,12,1,farm potatoes,0.005,0.9484411040426373,0.49638094354314655,0.495950376034879
12of12_g180,12/12,12,12,1,go to the opera,0.38,0.9470543102089719,0.4647254992290981,0.46416813423756714
12of12_g180,12/12,12,12,1,live in caves,0.63,0.9493893890046238,0.45960241956424613,0.4590537992360387
12of12_g180,12/12,12,12,1,look to their left when spoken to,0.005,0.9486213493004806,0.5009419697391475,0.5004623771650039
12of12_g180,12/12,12,12,1,paint their hands yellow,0.005,0.9492193550620719,0.5245706188866976,0.5239557016845912
12of12_g180,12/12,12,12,1,play banjos,0.5,0.9480588477036145,0.47142333768283295,0.4708223682156971
12of12_g180,12/12,12,12,1,ride lions,0.005,0.9491393697908546,0.3672031800188148,0.3665622717435255
12of12_g180,12/12,12,12,1,scream out windows,0.05,0.9490317274496871,0.46052075327491354,0.4597224394576146
12of12_g180,12/12,12,12,1,sing beautiful songs,0.77,0.9467926960144143,0.7329104867030142,0.7321005270472548
12of12_g180,12/12,12,12,1,smell garbage for fun,0.15,0.9494993543094513,0.4158728098174535,0.41518927843734693
12of12_g180,12/12,12,12,1,smile when they are sad,0.995,0.9479299537669162,0.4711129335375147,0.47062058788072947
12of12_g180,12/12,12,12,1,wash their clothes in ponds,0.995,0.94819331430603,0.5853936412526588,0.585066470514207
12of12_g180,12/12,12,12,1,yell at stray cats,0.005,0.9491898578161378,0.37650489336841525,0.37582556445157334
4of12_g181,4/12,4,12,1,chug maple syrup,0.31,0.34123187447980025,0.3475806929887514,0.32721874637804527
4of12_g181,4/12,4,12,1,clap three times before entering a room,0.21,0.3428117799655563,0.3797241287323103,0.3541023209391029
4of12_g181,4/12,4,12,1,dance around a fire on their 10th birthday,0.65,0.34104132828909756,0.49037776715145465,0.4665732332212128
4of12_g181,4/12,4,12,1,farm potatoes,0.44,0.3386201186163604,0.39314567566727743,0.3781079805539999
4of12_g181,4/12,4,12,1,go to the opera,0.21,0.3463146689302095,0.3698183500208977,0.3538019203471481
4of12_g181,4/12,4,12,1,live in caves,0.26,0.33626064720610066,0.3048792015012195,0.2836412631424805
4of12_g181,4/12,4,12,1,look to their left when spoken to,0.5,0.3407694837429171,0.3924907368004126,0.3762438267392569
4of12_g181,4/12,4,12,1,paint their hands yellow,0.7,0.33786495247459497,0.36231800568079453,0.33946884343382777
4of12_g181,4/12,4,12,1,play banjos,0.72,0.3433406696119697,0.3583295129610321,0.34001929071228254
4of12_g181,4/12,4,12,1,ride lions,0.2,0.340299869957507,0.22900081703444813,0.20780436412657916
4of12_g181,4/12,4,12,1,scream out windows,0.18,0.34100194964094105,0.2890921608818531,0.2627465105024627
4of12_g181,4/12,4,12,1,sing beautiful songs,0.64,0.3466859104632118,0.5975427226985672,0.5745463407581533
4of12_g181,4/12,4,12,1,smell garbage for fun,0.18,0.3382484575737732,0.25055846208687027,0.22637776303784232
4of12_g181,4/12,4,12,1,smile when they are sad,0.46,0.3418988753356592,0.36295274316965587,0.34661682046027953
4of12_g181,4/12,4,12,1,wash their clothes in ponds,0.7,0.3349690472478818,0.4758983370527997,0.4619002766346882
4of12_g181,4/12,4,12,1,yell at stray cats,0.1,0.3406833684768497,0.2300067519596557,0.20751344845372605
8of12_g182,8/12,8,12,1,chug maple syrup,0.82,0.6622894048091609,0.41765094224005367,0.4168097228061088
8of12_g182,8/12,8,12,1,clap three times before entering a room,0.51,0.6771102241588686,0.47240999350700547,0.4661046937919542
8of12_g182,8/12,8,12,1,dance around a fire on their 10th birthday,0.5,0.6740116687617185,0.5749915332956449,0.5709093218568142
8of12_g182,8/12,8,12,1,farm potatoes,0.86,0.6550874278224983,0.44671973792591513,0.4457160496202391
8of12_g182,8/12,8,12,1,go to the opera,0.25,0.6852404507110543,0.4233631430255836,0.42147042263817724
8of12_g182,8/12,8,12,1,live in caves,0.01,0.6522582445186169,0.38462128798856793,0.3812787325927892
8of12_g182,8/12,8,12,1,look to their left when spoken to,0.5,0.6725551908256139,0.4516870164261447,0.4480531483576246
8of12_g182,8/12,8,12,1,paint their hands yellow,0.75,0.6617532194787213,0.4482775039451933,0.4431585836113642
8of12_g182,8/12,8,12,1,play banjos,0.5,0.6757774067654863,0.42050151877268716,0.4188895974968183
8of12_g182,8/12,8,12,1,ride lions,0.08,0.6686291532634072,0.3035292975326079,0.3011235087877818
8of12_g182,8/12,8,12,1,scream out windows,0.05,0.6739546560692351,0.38296521756365254,0.37830530860219236
8of12_g182,8/12,8,12,1,sing beautiful songs,0.995,0.6846946959789261,0.6737883086688945,0.6715163780707047
8of12_g182,8/12,8,12,1,smell garbage for fun,0.5,0.6615718309282476,0.3380020844317877,0.3348548549445673
8of12_g182,8/12,8,12,1,smile when they are sad,0.85,0.6749595456848502,0.4223950833253207,0.4184396337890898
8of12_g182,8/12,8,12,1,wash their clothes in ponds,0.51,0.6384417279081936,0.5300854187947828,0.5280408398406777
8of12_g182,8/12,8,12,1,yell at stray cats,0.07,0.6726640503338155,0.30993121246699595,0.3063057513370784
8of12_g183,8/12,8,12,1,chug maple syrup,0.75,0.6253920440848993,0.40959815724537707,0.44603093586601206
8of12_g183,8/12,8,12,1,clap three times before entering a room,0.995,0.6528857172239552,0.4656936314867722,0.5053617719309048
8of12_g183,8/12,8,12,1,dance around a fire on their 10th birthday,0.995,0.6431887729761444,0.5671588798161025,0.6061318335672237
8of12_g183,8/12,8,12,1,farm potatoes,0.6,0.6456370176333335,0.4451198985456201,0.4711813066056815
8of12_g183,8/12,8,12,1,go to the opera,0.995,0.605852604857207,0.41082114710247375,0.4387201669358966
8of12_g183,8/12,8,12,1,live in caves,0.75,0.6726330872469235,0.3897628855349566,0.4239059990722705
8of12_g183,8/12,8,12,1,look to their left when spoken to,0.45,0.6567701774188872,0.4488706984004631,0.4743204645488017
8of12_g183,8/12,8,12,1,paint their hands yellow,0.5,0.6731923948866518,0.4513134452829869,0.4866038421367272
8of12_g183,8/12,8,12,1,play banjos,0.995,0.6159524112126588,0.409313104390329,0.44152513992836906
8of12_g183,8/12,8,12,1,ride lions,0.75,0.6372184338078398,0.29639928107837543,0.3324952244439978
8of12_g183,8/12,8,12,1,scream out windows,0.8,0.6445611623491511,0.37467798322439416,0.4176185934999071
8of12_g183,8/12,8,12,1,sing beautiful songs,0.995,0.6005060040338136,0.6547976302472177,0.6954787146645994
8of12_g183,8/12,8,12,1,smell garbage for fun,0.75,0.6531898107459837,0.33573514591849385,0.3759385333732896
8of12_g183,8/12,8,12,1,smile when they are sad,0.1,0.6560282524069496,0.4190163584418579,0.44431180794917746
8of12_g183,8/12,8,12,1,wash their clothes in ponds,0.995,0.6867678119794761,0.5387143651043574,0.5610654817778212
8of12_g183,8/12,8,12,1,yell at stray cats,0.25,0.6430253041506848,0.30279567438221866,0.33985754663693996
12of12_g184,12/12,12,12,1,chug maple syrup,0.28,0.9474065815188899,0.4798772716377271,0.4458080017103213
12of12_g184,12/12,12,12,1,clap three times before entering a room,0.12,0.9480137846778842,0.5475193193605514,0.5046884956015446
12of12_g184,12/12,12,12,1,dance around a fire on their 10th birthday,0.36,0.9492785162099048,0.6449418016113435,0.6056814580850548
12of12_g184,12/12,12,12,1,farm potatoes,0.23,0.9481594725142949,0.49633326675444045,0.47075880936790804
12of12_g184,12/12,12,12,1,go to the opera,0.24,0.947290917729749,0.46476287939137667,0.4388507935972488
12of12_g184,12/12,12,12,1,live in caves,0.06,0.9493080825086456,0.4595819018461071,0.42286160384937155
12of12_g184,12/12,12,12,1,look to their left when spoken to,0.17,0.9489897450082374,0.501007697872891,0.4738426354316416
12of12_g184,12/12,12,12,1,paint their hands yellow,0.13,0.9494314331325591,0.5246269041133919,0.48557126055168853
12of12_g184,12/12,12,12,1,play banjos,0.14,0.9480691224570608,0.4714252592575556,0.441524489026229
12of12_g184,12/12,12,12,1,ride lions,0.01,0.9491317728812989,0.3672014555727953,0.33215054780232994
12of12_g184,12/12,12,12,1,scream out windows,0.22,0.9492758273830586,0.46058957508185194,0.41709396470122134
12of12_g184,12/12,12,12,1,sing beautiful songs,0.8,0.9469612669093741,0.7329485117106901,0.6957453999099048
12of12_g184,12/12,12,12,1,smell garbage for fun,0.17,0.9494535930670472,0.41586043357395064,0.3752101962645345
12of12_g184,12/12,12,12,1,smile when they are sad,0.19,0.9484001995865682,0.4711968597241138,0.4438425179965093
12of12_g184,12/12,12,12,1,wash their clothes in ponds,0.09,0.9479342968758794,0.5853473919539423,0.5600855987813265
12of12_g184,12/12,12,12,1,yell at stray cats,0.12,0.9493690308726526,0.37654802934186793,0.33942921215334465
12of12_g185,12/12,12,12,1,chug maple syrup,0.25,0.9475141895871773,0.4799007569120286,0.47281229573641054
12of12_g185,12/12,12,12,1,clap three times before entering a room,0.5,0.9477896145835945,0.5474571671148357,0.5387926377307162
12of12_g185,12/12,12,12,1,dance around a fire on their 10th birthday,0.75,0.9491798583870752,0.6449167308800065,0.6369724057958365
12of12_g185,12/12,12,12,1,farm potatoes,0.25,0.9482359833684657,0.49634621911048343,0.4909112655748377
12of12_g185,12/12,12,12,1,go to the opera,0.5,0.947247876706327,0.46475607960566034,0.459681139765409
12of12_g185,12/12,12,12,1,live in caves,0.25,0.9492696610152553,0.45957220617096606,0.45166843918719224
12of12_g185,12/12,12,12,1,look to their left when spoken to,0.5,0.9488172841287551,0.5009769278842254,0.49542989937189513
12of12_g185,12/12,12,12,1,paint their hands yellow,0.5,0.9492880909287503,0.5245888612906818,0.5163685323282119
12of12_g185,12/12,12,12,1,play banjos,0.25,0.9480919252956699,0.47142952382297837,0.4654341205557774
12of12_g185,12/12,12,12,1,ride lions,0.25,0.9491274403329983,0.3672004721142434,0.3600274995170618
12of12_g185,12/12,12,12,1,scream out windows,0.25,0.9491693491045775,0.46055955447748903,0.4517527155066181
12of12_g185,12/12,12,12,1,sing beautiful songs,0.995,0.9469513030953477,0.7329462641453264,0.7256543906782063
12of12_g185,12/12,12,12,1,smell garbage for fun,0.75,0.9494366727303936,0.41585585742619813,0.407360249909056
12of12_g185,12/12,12,12,1,smile when they are sad,0.5,0.9481907022640561,0.4711594701065002,0.46559733940016107
12of12_g185,12/12,12,12,1,wash their clothes in ponds,0.5,0.9479280357914427,0.5853462739953391,0.5796748159867288
12of12_g185,12/12,12,12,1,yell at stray cats,0.25,0.9492886467479581,0.37652867683688596,0.3689960048924672
8of12_g186,8/12,8,12,1,chug maple syrup,0.26,0.6409743520864959,0.4129989689455802,0.3995328881680088
8of12_g186,8/12,8,12,1,clap three times before entering a room,0.5,0.6628133927145213,0.46844612765906535,0.4567477222701075
8of12_g186,8/12,8,12,1,dance around a fire on their 10th birthday,0.9,0.6561484988991884,0.5704521798048905,0.5578129745228125
8of12_g186,8/12,8,12,1,farm potatoes,0.28,0.6482759110795465,0.44556663107586464,0.4358297588113853
8of12_g186,8/12,8,12,1,go to the opera,0.51,0.6424107995510578,0.41659675070873176,0.4075441116636397
8of12_g186,8/12,8,12,1,live in caves,0.15,0.6615683947742713,0.38697070713988624,0.374803735254452
8of12_g186,8/12,8,12,1,look to their left when spoken to,0.5,0.6626306430101759,0.4499163063108498,0.44203869815433244
8of12_g186,8/12,8,12,1,paint their hands yellow,0.49,0.6662856275704471,0.4494803987863617,0.4380383667644408
8of12_g186,8/12,8,12,1,play banjos,0.1,0.6427530820416211,0.41432534063353643,0.40324930220721933
8of12_g186,8/12,8,12,1,ride lions,0.02,0.6503395449362503,0.2993776827152981,0.28685710525783853
8of12_g186,8/12,8,12,1,scream out windows,0.5,0.656844993733341,0.37814130031878784,0.3642809986333778
8of12_g186,8/12,8,12,1,sing beautiful songs,0.52,0.639366278134817,0.6635634508316676,0.6501375795823302
8of12_g186,8/12,8,12,1,smell garbage for fun,0.99,0.6554198050102259,0.33633825349543955,0.32220657879504094
8of12_g186,8/12,8,12,1,smile when they are sad,0.48,0.6634153033080366,0.4203347476468915,0.4127586561982908
8of12_g186,8/12,8,12,1,wash their clothes in ponds,0.39,0.6631127330730859,0.534490592171899,0.5260708225884063
8of12_g186,8/12,8,12,1,yell at stray cats,0.74,0.6553957406700561,0.3057738611234491,0.2935775801825925
8of12_g187,8/12,8,12,1,chug maple syrup,0.12,0.6848475043284791,0.42257420834234005,0.39274275410677223
8of12_g187,8/12,8,12,1,clap three times before entering a room,0.08,0.6446183527927161,0.46340146460706677,0.42655706400673965
8of12_g187,8/12,8,12,1,dance around a fire on their 10th birthday,0.23,0.6615503212718328,0.5718248802512504,0.5373182104122496
8of12_g187,8/12,8,12,1,farm potatoes,0.42,0.6808017461260483,0.4510728589265916,0.4281325986227522
8of12_g187,8/12,8,12,1,go to the opera,0.005,0.6691723574941978,0.42082464412250253,0.3991095263007803
8of12_g187,8/12,8,12,1,live in caves,0.07,0.6665457859779255,0.38822675327194156,0.3545566474668986
8of12_g187,8/12,8,12,1,look to their left when spoken to,0.01,0.6512420107497336,0.44788437833609906,0.42401708614727524
8of12_g187,8/12,8,12,1,paint their hands yellow,0.23,0.6538015027321836,0.44616712931447444,0.4109271003985304
8of12_g187,8/12,8,12,1,play banjos,0.47,0.6767300093563455,0.4206796736129801,0.3949368100771939
8of12_g187,8/12,8,12,1,ride lions,0.005,0.673131864777366,0.30455138195918724,0.27352060286297264
8of12_g187,8/12,8,12,1,scream out windows,0.01,0.6604931124046827,0.37916985495794503,0.340934744641565
8of12_g187,8/12,8,12,1,sing beautiful songs,0.76,0.6730043159564579,0.6711512769903571,0.640079476695041
8of12_g187,8/12,8,12,1,smell garbage for fun,0.01,0.6707664609657674,0.3404887953313448,0.3038373519181985
8of12_g187,8/12,8,12,1,smile when they are sad,0.35,0.6463781861722948,0.41729408207988566,0.3935491157881188
8of12_g187,8/12,8,12,1,wash their clothes in ponds,0.37,0.6678973975206075,0.535344926087432,0.5119606395050836
8of12_g187,8/12,8,12,1,yell at stray cats,0.005,0.6638493719932995,0.3078090756999686,0.27506909882610087
12of12_g188,12/12,12,12,1,chug maple syrup,0.65,0.9474935238135528,0.4798962466427714,0.4806166094411157
12of12_g188,12/12,12,12,1,clap three times before entering a room,0.62,0.9476791134632662,0.5474265301433687,0.5481090045582113
12of12_g188,12/12,12,12,1,dance around a fire on their 10th birthday,0.85,0.9490921701150313,0.6448944477092778,0.6455886875076697
12of12_g188,12/12,12,12,1,farm potatoes,0.67,0.9483476443455973,0.49636512195436866,0.4968886477462978
12of12_g188,12/12,12,12,1,go to the opera,0.58,0.9469251857650716,0.46470509965493717,0.46519989237991993
12of12_g188,12/12,12,12,1,live in caves,0.45,0.9494835365229108,0.45962617771813613,0.4602992042587968
12of12_g188,12/12,12,12,1,look to their left when spoken to,0.1,0.9487751228910047,0.5009694055938857,0.5014174593789279
12of12_g188,12/12,12,12,1,paint their hands yellow,0.74,0.9494044133792106,0.5246197331082099,0.5252709226222603
12of12_g188,12/12,12,12,1,play banjos,0.54,0.9479079692256287,0.471395120531833,0.4719884321703667
12of12_g188,12/12,12,12,1,ride lions,0.48,0.9490817622080227,0.3671901034952394,0.3678613242822256
12of12_g188,12/12,12,12,1,scream out windows,0.61,0.9490855036032699,0.4605359149835165,0.4612995215172132
12of12_g188,12/12,12,12,1,sing beautiful songs,0.96,0.9466175602888348,0.7328709808481567,0.733601883522179
12of12_g188,12/12,12,12,1,smell garbage for fun,0.8,0.9495063180001165,0.4158746931651693,0.4166389074914085
12of12_g188,12/12,12,12,1,smile when they are sad,0.25,0.9481152659671127,0.4711460067635655,0.4715849601514458
12of12_g188,12/12,12,12,1,wash their clothes in ponds,0.7,0.9483193120611405,0.5854161389965763,0.5858938888431426
12of12_g188,12/12,12,12,1,yell at stray cats,0.22,0.9492158528808695,0.3765111516889684,0.3771770038271321
8of12_g189,8/12,8,12,1,chug maple syrup,0.78,0.6337140254556803,0.4114144152484742,0.3982098768605286
8of12_g189,8/12,8,12,1,clap three times before entering a room,0.66,0.6801237541068555,0.47324550929867365,0.45376742025270284
8of12_g189,8/12,8,12,1,dance around a fire on their 10th birthday,0.49,0.6650760440132419,0.5727208299598864,0.5554540254505931
8of12_g189,8/12,8,12,1,farm potatoes,0.74,0.638681378247305,0.4439423934868812,0.43442593943370045
8of12_g189,8/12,8,12,1,go to the opera,0.08,0.6549106607622588,0.4185715266541446,0.40666525038263285
8of12_g189,8/12,8,12,1,live in caves,0.27,0.6564534886583271,0.3856799590793277,0.3718316163862161
8of12_g189,8/12,8,12,1,look to their left when spoken to,0.44,0.6748043873572429,0.4520883117923322,0.4400941245105798
8of12_g189,8/12,8,12,1,paint their hands yellow,0.37,0.6715088827238354,0.45086664348255034,0.4347658225829551
8of12_g189,8/12,8,12,1,play banjos,0.34,0.6466207786572051,0.4150486736156875,0.40214199709307596
8of12_g189,8/12,8,12,1,ride lions,0.16,0.6515471028619235,0.299651790027347,0.28502003120781944
8of12_g189,8/12,8,12,1,scream out windows,0.39,0.6661596702064074,0.38076749057237896,0.361617256076432
8of12_g189,8/12,8,12,1,sing beautiful songs,0.61,0.6500380596438136,0.6659707143980843,0.6490476305458791
8of12_g189,8/12,8,12,1,smell garbage for fun,0.24,0.6536439471843263,0.33585796826441794,0.3195772720063229
8of12_g189,8/12,8,12,1,smile when they are sad,0.52,0.6788320706884691,0.4230862245167592,0.41079906735718985
8of12_g189,8/12,8,12,1,wash their clothes in ponds,0.02,0.6500277220968186,0.5321541757346007,0.5237295217724023
8of12_g189,8/12,8,12,1,yell at stray cats,0.75,0.6626426249654346,0.3075185509482528,0.2913751089451752
8of12_g190,8/12,8,12,1,chug maple syrup,0.35,0.6489169657941861,0.41473243061406606,0.3761997439211431
8of12_g190,8/12,8,12,1,clap three times before entering a room,0.31,0.6602487451578166,0.4677350666871572,0.42253469567762997
8of12_g190,8/12,8,12,1,dance around a fire on their 10th birthday,0.87,0.6571335969810013,0.5707025109863564,0.5274820064217665
8of12_g190,8/12,8,12,1,farm potatoes,0.24,0.6562060497339254,0.44690910699558933,0.4183207162960191
8of12_g190,8/12,8,12,1,go to the opera,0.5,0.6429686798034473,0.41668488676754273,0.38773720851486493
8of12_g190,8/12,8,12,1,live in caves,0.15,0.6665713576874456,0.3882332063003491,0.34846498362914774
8of12_g190,8/12,8,12,1,look to their left when spoken to,0.23,0.6619279266907643,0.4497909296268834,0.4206908691914617
8of12_g190,8/12,8,12,1,paint their hands yellow,0.66,0.667566543216739,0.4498203520279308,0.4082723421313292
8of12_g190,8/12,8,12,1,play banjos,0.43,0.6466142236065977,0.4150474476962901,0.3812485140140226
8of12_g190,8/12,8,12,1,ride lions,0.14,0.6545332932923725,0.30032963463815543,0.26101382397762035
8of12_g190,8/12,8,12,1,scream out windows,0.25,0.6576353079099042,0.3783641223774784,0.3305960492562619
8of12_g190,8/12,8,12,1,sing beautiful songs,0.4,0.640821810762977,0.6638917793926061,0.6221302804094523
8of12_g190,8/12,8,12,1,smell garbage for fun,0.06,0.6601120395829763,0.33760728017815794,0.2925290250545872
8of12_g190,8/12,8,12,1,smile when they are sad,0.05,0.6614933969608456,0.41999173923729066,0.3910275584140467
8of12_g190,8/12,8,12,1,wash their clothes in ponds,0.25,0.6700479871515833,0.5357289282845115,0.5090487394765433
8of12_g190,8/12,8,12,1,yell at stray cats,0.12,0.6570405478147957,0.30616984899523303,0.2651363060394163
8of12_g191,8/12,8,12,1,chug maple syrup,0.13,0.6611585419208732,0.4174041333757044,0.3703981489443309
8of12_g191,8/12,8,12,1,clap three times before entering a room,0.2,0.6482958045970452,0.4644210559529793,0.4018938385206542
8of12_g191,8/12,8,12,1,dance around a fire on their 10th birthday,0.43,0.6540184364012965,0.569910892524428,0.5128076838711647
8of12_g191,8/12,8,12,1,farm potatoes,0.24,0.6666261181681098,0.4486730977105628,0.41380526517776767
8of12_g191,8/12,8,12,1,go to the opera,0.1,0.6434839621039362,0.4167662930387732,0.37893784164758604
8of12_g191,8/12,8,12,1,live in caves,0.05,0.6687975248152744,0.38879498022886116,0.33842850822202114
8of12_g191,8/12,8,12,1,look to their left when spoken to,0.31,0.6536071060660541,0.44830635203990155,0.4088517848204697
8of12_g191,8/12,8,12,1,paint their hands yellow,0.2,0.6617301071855313,0.44827136997453504,0.39292518978351165
8of12_g191,8/12,8,12,1,play banjos,0.1,0.6522264156576468,0.41609703457348546,0.3731437925787213
8of12_g191,8/12,8,12,1,ride lions,0.01,0.658522926880257,0.301235253917848,0.25119529998312423
8of12_g191,8/12,8,12,1,scream out windows,0.16,0.6539565521739588,0.3773269298902226,0.3140447565884952
8of12_g191,8/12,8,12,1,sing beautiful songs,0.34,0.6436915542846009,0.6645391154553565,0.6105168852771488
8of12_g191,8/12,8,12,1,smell garbage for fun,0.06,0.6634935877868011,0.33852182842441847,0.2813105442221588
8of12_g191,8/12,8,12,1,smile when they are sad,0.24,0.6505676916268254,0.4180417957263247,0.3782034520095538
8of12_g191,8/12,8,12,1,wash their clothes in ponds,0.05,0.6752455657462697,0.536656990789373,0.5038697664636106
8of12_g191,8/12,8,12,1,yell at stray cats,0.24,0.6553015487487868,0.30575118438681037,0.2519410708781901
4of12_g192,4/12,4,12,1,chug maple syrup,0.01,0.32688355140991976,0.3444491963600526,0.32029351498171416
4of12_g192,4/12,4,12,1,clap three times before entering a room,0.13,0.35192507523851424,0.38225083404007665,0.3497159935462628
4of12_g192,4/12,4,12,1,dance around a fire on their 10th birthday,0.5,0.3413614236750165,0.49045910915954316,0.46099799211591597
4of12_g192,4/12,4,12,1,farm potatoes,0.07,0.32673125386136126,0.3911330356187157,0.3729952551794213
4of12_g192,4/12,4,12,1,go to the opera,0.34,0.34161017057563137,0.36907511535381754,0.34983109419446656
4of12_g192,4/12,4,12,1,live in caves,0.005,0.3329124777553631,0.3040342899569999,0.2774545699768849
4of12_g192,4/12,4,12,1,look to their left when spoken to,0.16,0.34659145292145116,0.3935294762883045,0.3730027029783063
4of12_g192,4/12,4,12,1,paint their hands yellow,0.04,0.3420644347172321,0.36343254246190837,0.3343403225469861
4of12_g192,4/12,4,12,1,play banjos,0.22,0.3344767093928476,0.35667178346044726,0.33478036584109583
4of12_g192,4/12,4,12,1,ride lions,0.005,0.3338300738044724,0.22753221797571216,0.20178341449112994
4of12_g192,4/12,4,12,1,scream out windows,0.13,0.34190814094553096,0.2893476534670099,0.2566729873585196
4of12_g192,4/12,4,12,1,sing beautiful songs,0.6,0.33960056761900165,0.5959444621204193,0.5685232733856576
4of12_g192,4/12,4,12,1,smell garbage for fun,0.04,0.33301859539632167,0.24914403266156654,0.21941194991774765
4of12_g192,4/12,4,12,1,smile when they are sad,0.11,0.3501711975426181,0.364429129408799,0.34368435473769915
4of12_g192,4/12,4,12,1,wash their clothes in ponds,0.04,0.3294762340636186,0.4749175584325908,0.4572643300953485
4of12_g192,4/12,4,12,1,yell at stray cats,0.33,0.3397188667170296,0.22977454783747364,0.2020202886011659
8of12_g193,8/12,8,12,1,chug maple syrup,0.18,0.6696464546597259,0.4192566056121431,0.3968232782091959
8of12_g193,8/12,8,12,1,clap three times before entering a room,0.15,0.6731780623018228,0.47131978256380525,0.4463483697527246
8of12_g193,8/12,8,12,1,dance around a fire on their 10th birthday,0.71,0.6740718039449008,0.5750068147297799,0.5507461708035665
8of12_g193,8/12,8,12,1,farm potatoes,0.25,0.6624163905444991,0.4479604420799861,0.4306795453443102
8of12_g193,8/12,8,12,1,go to the opera,0.5,0.6856257852245261,0.4234240196477544,0.4081922646490141
8of12_g193,8/12,8,12,1,live in caves,0.25,0.6564135519341745,0.38566988103525873,0.36097188859204815
8of12_g193,8/12,8,12,1,look to their left when spoken to,0.995,0.6705556295410986,0.4513302602838512,0.4348436162707464
8of12_g193,8/12,8,12,1,paint their hands yellow,0.5,0.6616896777501122,0.4482606400582714,0.42340587682289554
8of12_g193,8/12,8,12,1,play banjos,0.57,0.6791679227193405,0.4211356098764335,0.4025169960669402
8of12_g193,8/12,8,12,1,ride lions,0.17,0.6720959713736806,0.3043162413084436,0.2817949580267934
8of12_g193,8/12,8,12,1,scream out windows,0.12,0.6737863932608775,0.3829177773601599,0.356087590442253
8of12_g193,8/12,8,12,1,sing beautiful songs,0.94,0.6860461219605442,0.6740931536027526,0.6521099257330233
8of12_g193,8/12,8,12,1,smell garbage for fun,0.3,0.6654357191277679,0.3390470827472402,0.31229456826817426
8of12_g193,8/12,8,12,1,smile when they are sad,0.34,0.6716470030159463,0.42180388386637924,0.40560644031069404
8of12_g193,8/12,8,12,1,wash their clothes in ponds,0.65,0.6449374603056647,0.5312452753645074,0.513699684424562
8of12_g193,8/12,8,12,1,yell at stray cats,0.1,0.6734158681920619,0.31011221286853746,0.28693952828142494
4of12_g194,4/12,4,12,1,chug maple syrup,0.19,0.3741744804150309,0.354770359608628,0.3230819341069726
4of12_g194,4/12,4,12,1,clap three times before entering a room,0.04,0.3381975115859047,0.3784448004479608,0.3414062073716919
4of12_g194,4/12,4,12,1,dance around a fire on their 10th birthday,0.1,0.35041738555614305,0.4927603923300884,0.45736361215062465
4of12_g194,4/12,4,12,1,farm potatoes,0.3,0.3608054968758146,0.396901390085569,0.37397098605750567
4of12_g194,4/12,4,12,1,go to the opera,0.31,0.3750410767306289,0.3743566579399932,0.349641411159506
4of12_g194,4/12,4,12,1,live in caves,0.4,0.33789472501469314,0.30529156151613124,0.27423660962787594
4of12_g194,4/12,4,12,1,look to their left when spoken to,0.16,0.33856552063629874,0.3920975118556393,0.3685038313596447
4of12_g194,4/12,4,12,1,paint their hands yellow,0.11,0.330976834301749,0.36048990864103303,0.32765841647524363
4of12_g194,4/12,4,12,1,play banjos,0.2,0.37351339666028704,0.36397238798580767,0.33562912173764714
4of12_g194,4/12,4,12,1,ride lions,0.09,0.3597912900919351,0.23342523483460134,0.2012697696995427
4of12_g194,4/12,4,12,1,scream out windows,0.11,0.3491769488251669,0.2913970292519793,0.252316422823327
4of12_g194,4/12,4,12,1,sing beautiful songs,0.66,0.3801287168829897,0.6050865099645633,0.5692941007593422
4of12_g194,4/12,4,12,1,smell garbage for fun,0.11,0.35006113077892914,0.2537532293686749,0.217628416130495
4of12_g194,4/12,4,12,1,smile when they are sad,0.17,0.33710290492483946,0.362096791897362,0.33849548229238935
4of12_g194,4/12,4,12,1,wash their clothes in ponds,0.75,0.33244730182034543,0.4754480624998579,0.4551819508559682
4of12_g194,4/12,4,12,1,yell at stray cats,0.1,0.35161715159618845,0.23263906391295763,0.19908852663631493
8of12_g195,8/12,8,12,1,chug maple syrup,0.5,0.6590127662395491,0.4169358215542264,0.399474907821866
8of12_g195,8/12,8,12,1,clap three times before entering a room,0.15,0.6718120103720101,0.4709410380418337,0.44498044486802796
8of12_g195,8/12,8,12,1,dance around a fire on their 10th birthday,0.66,0.6690537579609855,0.5737316387823332,0.5510462187522015
8of12_g195,8/12,8,12,1,farm potatoes,0.6,0.6551998657234769,0.4467387722935482,0.4325976864234831
8of12_g195,8/12,8,12,1,go to the opera,0.8,0.6746816580129544,0.4216950245176657,0.40869995723966523
8of12_g195,8/12,8,12,1,live in caves,0.05,0.6550905127658914,0.38533601171257825,0.3624342877657736
8of12_g195,8/12,8,12,1,look to their left when spoken to,0.5,0.6688309290268116,0.4510225440328647,0.434424994970775
8of12_g195,8/12,8,12,1,paint their hands yellow,0.4,0.6620486798056364,0.44835591870746166,0.42333810447303444
8of12_g195,8/12,8,12,1,play banjos,0.65,0.6684075061568931,0.4191232068947879,0.4038266828690577
8of12_g195,8/12,8,12,1,ride lions,0.005,0.6646785631137536,0.3026325408438347,0.2832136761989782
8of12_g195,8/12,8,12,1,scream out windows,0.04,0.6691013139135178,0.38159686087369743,0.3563129806265686
8of12_g195,8/12,8,12,1,sing beautiful songs,0.9,0.6738796899364657,0.6713487375443692,0.6531879569305984
8of12_g195,8/12,8,12,1,smell garbage for fun,0.22,0.6606053965647555,0.3377407098190414,0.313961125265489
8of12_g195,8/12,8,12,1,smile when they are sad,0.49,0.6704776210182511,0.4215951807420925,0.4048601729430371
8of12_g195,8/12,8,12,1,wash their clothes in ponds,0.75,0.6458532761244397,0.531408800418969,0.5152291305329303
8of12_g195,8/12,8,12,1,yell at stray cats,0.09,0.6680614854939764,0.3088231434380496,0.2874622378520042
8of12_g196,8/12,8,12,1,chug maple syrup,0.25,0.6599756604937129,0.41714597155545113,0.3728254123068254
8of12_g196,8/12,8,12,1,clap three times before entering a room,0.13,0.6801763535258712,0.47326009274266745,0.42031553118128767
8of12_g196,8/12,8,12,1,dance around a fire on their 10th birthday,0.36,0.6751085477666893,0.5752702700248182,0.5250343657323268
8of12_g196,8/12,8,12,1,farm potatoes,0.47,0.6512012457957588,0.44606185462551606,0.4126230923047446
8of12_g196,8/12,8,12,1,go to the opera,0.59,0.6886732634184335,0.42390547192388894,0.39130461834603075
8of12_g196,8/12,8,12,1,live in caves,0.1,0.6481066837858885,0.38357364041838937,0.33585889338301206
8of12_g196,8/12,8,12,1,look to their left when spoken to,0.38,0.6739896177591813,0.45194294287520353,0.41769033040165027
8of12_g196,8/12,8,12,1,paint their hands yellow,0.46,0.6604531185402228,0.44793245895359746,0.3980941159083629
8of12_g196,8/12,8,12,1,play banjos,0.32,0.6766441553687499,0.4206636172809951,0.3821908617590275
8of12_g196,8/12,8,12,1,ride lions,0.03,0.6679268427427787,0.3033698778932346,0.2578221745510965
8of12_g196,8/12,8,12,1,scream out windows,0.25,0.6751005230084569,0.38328828456403613,0.32770420730381394
8of12_g196,8/12,8,12,1,sing beautiful songs,0.66,0.6878427084842024,0.6744984146436268,0.6276043710562476
8of12_g196,8/12,8,12,1,smell garbage for fun,0.28,0.6593397262033568,0.33739840607543314,0.2843885376092413
8of12_g196,8/12,8,12,1,smile when they are sad,0.11,0.6773543598058599,0.4228224930084917,0.38877310465237147
8of12_g196,8/12,8,12,1,wash their clothes in ponds,0.19,0.6312588908486745,0.5288028750810072,0.496268678389918
8of12_g196,8/12,8,12,1,yell at stray cats,0.11,0.6733119837461203,0.31008720265333295,0.2623823856799314
4of12_g197,4/12,4,12,1,chug maple syrup,0.24,0.3624108176555586,0.3522029606106388,0.3447291869382938
4of12_g197,4/12,4,12,1,clap three times before entering a room,0.13,0.34826063934468837,0.3812348514184696,0.3703263382818352
4of12_g197,4/12,4,12,1,dance around a fire on their 10th birthday,0.77,0.35296614381994307,0.49340807775271533,0.4838729155301502
4of12_g197,4/12,4,12,1,farm potatoes,0.65,0.34785793691961847,0.3947095258297294,0.3882670145203453
4of12_g197,4/12,4,12,1,go to the opera,0.81,0.37996211594568063,0.37513410256150703,0.3703848486740976
4of12_g197,4/12,4,12,1,live in caves,0.23,0.32978119540108125,0.3032441099352686,0.2924576105551805
4of12_g197,4/12,4,12,1,look to their left when spoken to,0.36,0.34427687547129926,0.39311651584115515,0.38597336541767924
4of12_g197,4/12,4,12,1,paint their hands yellow,0.24,0.33135297377705936,0.3605897355377409,0.34920919238924814
4of12_g197,4/12,4,12,1,play banjos,0.53,0.3710033671004442,0.3635029646190697,0.35747194171650076
4of12_g197,4/12,4,12,1,ride lions,0.46,0.35555873389306736,0.23246447379937324,0.22419553584147406
4of12_g197,4/12,4,12,1,scream out windows,0.55,0.35209599764682764,0.2922200291261423,0.2815694156941272
4of12_g197,4/12,4,12,1,sing beautiful songs,0.88,0.3833335186835231,0.6058094260592666,0.5992755624864324
4of12_g197,4/12,4,12,1,smell garbage for fun,0.24,0.34386258824197424,0.2520768178953351,0.24142467229643771
4of12_g197,4/12,4,12,1,smile when they are sad,0.25,0.3455936988851739,0.3636121694478026,0.35648855190686224
4of12_g197,4/12,4,12,1,wash their clothes in ponds,0.54,0.3187912371517869,0.4730096805972138,0.4649779359843529
4of12_g197,4/12,4,12,1,yell at stray cats,0.11,0.3527146033297065,0.2329032757859005,0.22387531993915494
4of12_g198,4/12,4,12,1,chug maple syrup,0.01,0.32542307774103085,0.3441304505144124,0.32264314394186705
4of12_g198,4/12,4,12,1,clap three times before entering a room,0.01,0.3383690673666559,0.378492365120104,0.3543058656957765
4of12_g198,4/12,4,12,1,dance around a fire on their 10th birthday,0.5,0.33182789369140264,0.48803646732478656,0.46458922904349753
4of12_g198,4/12,4,12,1,farm potatoes,0.5,0.33066883163745103,0.3917996195937039,0.37555701205896536
4of12_g198,4/12,4,12,1,go to the opera,0.1,0.32288539877183436,0.36611690419317294,0.35082514708240814
4of12_g198,4/12,4,12,1,live in caves,0.03,0.33932413118914184,0.30565227258405653,0.2828604982764844
4of12_g198,4/12,4,12,1,look to their left when spoken to,0.01,0.33746766109104576,0.3919016348204228,0.3761049898965337
4of12_g198,4/12,4,12,1,paint their hands yellow,0.04,0.3413603804512348,0.3632456874331177,0.3400492262382394
4of12_g198,4/12,4,12,1,play banjos,0.05,0.323568116820212,0.35463166874078655,0.33636463490877977
4of12_g198,4/12,4,12,1,ride lions,0.01,0.3286049789622997,0.22634615752102194,0.20471636335781768
4of12_g198,4/12,4,12,1,scream out windows,0.01,0.33236600989238513,0.2866573344159166,0.26074577504489976
4of12_g198,4/12,4,12,1,sing beautiful songs,0.5,0.3213010950636468,0.5918165989768559,0.5697222762828179
4of12_g198,4/12,4,12,1,smell garbage for fun,0.01,0.33298645642059166,0.24913534059446624,0.22389401690927213
4of12_g198,4/12,4,12,1,smile when they are sad,0.01,0.3386005680185958,0.3623640843367975,0.34676856023927854
4of12_g198,4/12,4,12,1,wash their clothes in ponds,0.1,0.34472139713704186,0.47763968450941596,0.4618136713924266
4of12_g198,4/12,4,12,1,yell at stray cats,0.02,0.3313419031215639,0.2277577910421319,0.20541548727300318
8of12_g199,8/12,8,12,1,chug maple syrup,0.01,0.6448302264170963,0.4138405068317955,0.37783125415923646
8of12_g199,8/12,8,12,1,clap three times before entering a room,0.01,0.6844735892771431,0.47445152219340414,0.42911381505078006
8of12_g199,8/12,8,12,1,dance around a fire on their 10th birthday,0.15,0.6721348880296549,0.5745146094779219,0.5322543885257836
8of12_g199,8/12,8,12,1,farm potatoes,0.25,0.6454475519489893,0.44508782431212535,0.4183433965991868
8of12_g199,8/12,8,12,1,go to the opera,0.1,0.6695873501082222,0.4208902062449815,0.3927537560231049
8of12_g199,8/12,8,12,1,live in caves,0.005,0.6571717457146401,0.38586121145843366,0.347786569283975
8of12_g199,8/12,8,12,1,look to their left when spoken to,0.5,0.6786686423330439,0.45277776137743936,0.42390441425565445
8of12_g199,8/12,8,12,1,paint their hands yellow,0.005,0.6719308314071827,0.4509786280797367,0.4100956608584052
8of12_g199,8/12,8,12,1,play banjos,0.05,0.6596142180729924,0.4174786944304407,0.3851517695891242
8of12_g199,8/12,8,12,1,ride lions,0.005,0.6601501526250767,0.3016046229274222,0.26395401000310115
8of12_g199,8/12,8,12,1,scream out windows,0.07,0.6729000558953406,0.38266788241668037,0.33589076574661286
8of12_g199,8/12,8,12,1,sing beautiful songs,0.76,0.6658878135896525,0.6695459876716537,0.6291829632884671
8of12_g199,8/12,8,12,1,smell garbage for fun,0.005,0.6588011520136163,0.3372527473265349,0.29411526312708713
8of12_g199,8/12,8,12,1,smile when they are sad,0.05,0.6826311123343681,0.4237642509122033,0.39479992710982814
8of12_g199,8/12,8,12,1,wash their clothes in ponds,0.33,0.6471850085097951,0.5316465901648753,0.5064817492963755
8of12_g199,8/12,8,12,1,yell at stray cats,0.01,0.6698129162519707,0.30924480098048746,0.26928862020408545
4of12_g200,4/12,4,12,1,chug maple syrup,0.1,0.3422485886694275,0.34780258909756223,0.3249006361742233
4of12_g200,4/12,4,12,1,clap three times before entering a room,0.05,0.3261953684686896,0.3751171480664096,0.3480892081737527
4of12_g200,4/12,4,12,1,dance around a fire on their 10th birthday,0.5,0.33016389525517426,0.48761361532437275,0.46197095200001215
4of12_g200,4/12,4,12,1,farm potatoes,0.2,0.3439746450350398,0.3940521317952088,0.3767541019535722
4of12_g200,4/12,4,12,1,go to the opera,0.45,0.3280822872337894,0.3669379285351445,0.3502917743657955
4of12_g200,4/12,4,12,1,live in caves,0.03,0.3410824912474965,0.30609599526119624,0.2814998577672177
4of12_g200,4/12,4,12,1,look to their left when spoken to,0.8,0.3288968006406243,0.39037244582576297,0.37288483874258066
4of12_g200,4/12,4,12,1,paint their hands yellow,0.1,0.3339898759935915,0.3612895657403042,0.33575130051728563
4of12_g200,4/12,4,12,1,play banjos,0.15,0.33361996372468744,0.35651155569165116,0.33680341713678164
4of12_g200,4/12,4,12,1,ride lions,0.01,0.3352851916041284,0.22786251966998153,0.20452018886954915
4of12_g200,4/12,4,12,1,scream out windows,0.25,0.32996719217440773,0.2859810090782293,0.25761042624940145
4of12_g200,4/12,4,12,1,sing beautiful songs,0.8,0.32943225158796435,0.5936507666682878,0.5696761892931905
4of12_g200,4/12,4,12,1,smell garbage for fun,0.1,0.3377177967119428,0.2504149435174774,0.2231910454806572
4of12_g200,4/12,4,12,1,smile when they are sad,0.3,0.32725039985334947,0.36033838566695686,0.34295440272704003
4of12_g200,4/12,4,12,1,wash their clothes in ponds,0.7,0.34859183250833453,0.47833077669400714,0.4614071383072718
4of12_g200,4/12,4,12,1,yell at stray cats,0.15,0.33120635788366304,0.22772515848064379,0.2033596479174437
8of12_g201,8/12,8,12,1,chug maple syrup,0.4,0.6492767167421051,0.4148109456346083,0.4116291678067868
8of12_g201,8/12,8,12,1,clap three times before entering a room,0.41,0.6548284424355999,0.4662322614726083,0.4647976886935473
8of12_g201,8/12,8,12,1,dance around a fire on their 10th birthday,0.995,0.6537410534788637,0.569840404523311,0.5677009399285495
8of12_g201,8/12,8,12,1,farm potatoes,0.28,0.6582220416565828,0.4472503898821165,0.44462257335101696
8of12_g201,8/12,8,12,1,go to the opera,0.17,0.6367694319998847,0.41570550585800436,0.414644370103429
8of12_g201,8/12,8,12,1,live in caves,0.1,0.6687016451524137,0.3887707849677793,0.3852784726895851
8of12_g201,8/12,8,12,1,look to their left when spoken to,0.5,0.6582358264347781,0.4491321954062887,0.4478444815701317
8of12_g201,8/12,8,12,1,paint their hands yellow,0.85,0.6667424323078976,0.4496016341321161,0.44696696074264586
8of12_g201,8/12,8,12,1,play banjos,0.25,0.6433793958044352,0.414442473244195,0.41252962138086663
8of12_g201,8/12,8,12,1,ride lions,0.16,0.6530830031893681,0.3000004287976952,0.2974134591741182
8of12_g201,8/12,8,12,1,scream out windows,0.5,0.6541955998754588,0.37739432726528316,0.3750596502307566
8of12_g201,8/12,8,12,1,sing beautiful songs,0.995,0.6349064592960514,0.6625574370377824,0.6608936581114597
8of12_g201,8/12,8,12,1,smell garbage for fun,0.76,0.6603022289465902,0.3376587173715576,0.3342570406545694
8of12_g201,8/12,8,12,1,smile when they are sad,0.42,0.6567951309621228,0.41915322556545703,0.4180933089657212
8of12_g201,8/12,8,12,1,wash their clothes in ponds,0.66,0.6751791617310707,0.5366451339072584,0.5336633156745603
8of12_g201,8/12,8,12,1,yell at stray cats,0.25,0.6541309742522874,0.3054693681841536,0.3032821492677583
12of12_g202,12/12,12,12,1,chug maple syrup,0.85,0.9467056112220698,0.4797242860859926,0.4808580124142261
12of12_g202,12/12,12,12,1,clap three times before entering a room,0.61,0.9483005949698332,0.5475988389048309,0.5488537215467245
12of12_g202,12/12,12,12,1,dance around a fire on their 10th birthday,0.995,0.9492062192406913,0.6449234296481311,0.6461184845799331
12of12_g202,12/12,12,12,1,farm potatoes,0.75,0.947592449692901,0.4962372766946405,0.49704807191335315
12of12_g202,12/12,12,12,1,go to the opera,0.7,0.9469759663032444,0.46471312215883415,0.4655758601926813
12of12_g202,12/12,12,12,1,live in caves,0.5,0.9491307203942311,0.459537144464445,0.4605992476752411
12of12_g202,12/12,12,12,1,look to their left when spoken to,0.55,0.949148751966626,0.5010360674505138,0.5018288871978439
12of12_g202,12/12,12,12,1,paint their hands yellow,0.34,0.9495490659216858,0.5246581236929904,0.5257590266034451
12of12_g202,12/12,12,12,1,play banjos,0.6,0.9475949964147954,0.47133658865120925,0.4723246065175125
12of12_g202,12/12,12,12,1,ride lions,0.24,0.9487828394539405,0.36712225009384997,0.3682246344192201
12of12_g202,12/12,12,12,1,scream out windows,0.51,0.949228061072779,0.4605761077951599,0.4618943093787698
12of12_g202,12/12,12,12,1,sing beautiful songs,0.995,0.946541348107856,0.7328537894535959,0.7341138679924429
12of12_g202,12/12,12,12,1,smell garbage for fun,0.68,0.9491746223378074,0.4157849852361461,0.41701841680829377
12of12_g202,12/12,12,12,1,smile when they are sad,0.82,0.9486560274352329,0.47124251809015766,0.4720389324512418
12of12_g202,12/12,12,12,1,wash their clothes in ponds,0.36,0.9476921473136067,0.5853041545261246,0.5860178870053101
12of12_g202,12/12,12,12,1,yell at stray cats,0.1,0.9492461613657326,0.37651844846686505,0.3776523587934987
12of12_g203,12/12,12,12,1,chug maple syrup,0.995,0.9473889457998058,0.47987342267261895,0.485167567715053
12of12_g203,12/12,12,12,1,clap three times before entering a room,0.995,0.9479109151981937,0.5474907982984596,0.5541101047363924
12of12_g203,12/12,12,12,1,dance around a fire on their 10th birthday,0.995,0.9492101872358615,0.644924437987237,0.6509056984041721
12of12_g203,12/12,12,12,1,farm potatoes,0.995,0.9481336891153371,0.4963289019389261,0.5003603894187102
12of12_g203,12/12,12,12,1,go to the opera,0.995,0.9472368767407843,0.4647543417889769,0.46863187845439225
12of12_g203,12/12,12,12,1,live in caves,0.995,0.9492535550848541,0.4595681418346991,0.46542146904579074
12of12_g203,12/12,12,12,1,look to their left when spoken to,0.995,0.948901335144814,0.500991924031869,0.505186278161716
12of12_g203,12/12,12,12,1,paint their hands yellow,0.995,0.9493503358802434,0.5246053810147501,0.5307578099581164
12of12_g203,12/12,12,12,1,play banjos,0.995,0.9480318991012696,0.4714182977805768,0.47593829141933913
12of12_g203,12/12,12,12,1,ride lions,0.995,0.949087563200666,0.36719142028051893,0.37255230596793415
12of12_g203,12/12,12,12,1,scream out windows,0.995,0.9492054136795857,0.46056972256391265,0.46720276887256024
12of12_g203,12/12,12,12,1,sing beautiful songs,0.995,0.9469156458886854,0.7329382208496118,0.7385085801066075
12of12_g203,12/12,12,12,1,smell garbage for fun,0.995,0.9494056575954171,0.4158474693046661,0.422162989930672
12of12_g203,12/12,12,12,1,smile when they are sad,0.995,0.9483014795520611,0.4711792408624656,0.4754115777085966
12of12_g203,12/12,12,12,1,wash their clothes in ponds,0.995,0.9478854970656643,0.5853386784206537,0.5895257857445406
12of12_g203,12/12,12,12,1,yell at stray cats,0.995,0.9493054921931172,0.3765327323834582,0.382191394584696
12of12_g204,12/12,12,12,1,chug maple syrup,0.16,0.9476287560204502,0.4799257608374218,0.4780807495260037
12of12_g204,12/12,12,12,1,clap three times before entering a room,0.88,0.9477079501873051,0.5474345252649473,0.5453843870118835
12of12_g204,12/12,12,12,1,dance around a fire on their 10th birthday,0.45,0.9491708072779944,0.6449144308300199,0.6429709513668539
12of12_g204,12/12,12,12,1,farm potatoes,0.85,0.9483289096427996,0.4963619503972919,0.4949237806938359
12of12_g204,12/12,12,12,1,go to the opera,0.97,0.9472818847928601,0.46476145233341315,0.4635567260207207
12of12_g204,12/12,12,12,1,live in caves,0.1,0.9492881019353675,0.45957685974257223,0.45749919722833154
12of12_g204,12/12,12,12,1,look to their left when spoken to,0.68,0.948762424301415,0.5009671399469813,0.4996213406527774
12of12_g204,12/12,12,12,1,paint their hands yellow,0.78,0.9492441056644202,0.5245771876623413,0.5225057316085779
12of12_g204,12/12,12,12,1,play banjos,0.43,0.948158973727586,0.47144206315763326,0.4699580459252329
12of12_g204,12/12,12,12,1,ride lions,0.005,0.9491736386715542,0.3672109588181385,0.36540165863219287
12of12_g204,12/12,12,12,1,scream out windows,0.27,0.9491554863958461,0.4605556460099578,0.4584036296479275
12of12_g204,12/12,12,12,1,sing beautiful songs,0.995,0.9470049516332696,0.7329583657958917,0.731215949407847
12of12_g204,12/12,12,12,1,smell garbage for fun,0.04,0.9494719043499723,0.4158653859066327,0.413681720636239
12of12_g204,12/12,12,12,1,smile when they are sad,0.01,0.9481157053545922,0.4711460851823713,0.46981653879945906
12of12_g204,12/12,12,12,1,wash their clothes in ponds,0.76,0.9479645725236745,0.5853527978738369,0.5838019819171726
12of12_g204,12/12,12,12,1,yell at stray cats,0.05,0.9492898877800601,0.37652897561578075,0.3746728826804136
12of12_g205,12/12,12,12,1,chug maple syrup,0.75,0.9477569523530893,0.4799537394647161,0.48214795140968747
12of12_g205,12/12,12,12,1,clap three times before entering a room,0.35,0.9477859098638238,0.5474561399633139,0.5500667023869604
12of12_g205,12/12,12,12,1,dance around a fire on their 10th birthday,0.995,0.9492654890193947,0.6449384911673869,0.6473483903336713
12of12_g205,12/12,12,12,1,farm potatoes,0.995,0.948411454147616,0.49637592417692566,0.49803514007069516
12of12_g205,12/12,12,12,1,go to the opera,0.5,0.9474598485823117,0.4647895677344264,0.46637177946203734
12of12_g205,12/12,12,12,1,live in caves,0.5,0.9493097338322589,0.4595823185581059,0.46194387750379273
12of12_g205,12/12,12,12,1,look to their left when spoken to,0.7,0.9488284198694875,0.5009789146919997,0.5026456111025047
12of12_g205,12/12,12,12,1,paint their hands yellow,0.6,0.9492683635407418,0.5245836256691789,0.5270297361448165
12of12_g205,12/12,12,12,1,play banjos,0.74,0.9483104211067909,0.47147038670400393,0.4733288036036221
12of12_g205,12/12,12,12,1,ride lions,0.005,0.9492779093341073,0.36723462753864483,0.3694246483753486
12of12_g205,12/12,12,12,1,scream out windows,0.66,0.949247355035248,0.4605815475564158,0.4632503347096488
12of12_g205,12/12,12,12,1,sing beautiful songs,0.995,0.9471934680834417,0.7330008899781744,0.7352849893466777
12of12_g205,12/12,12,12,1,smell garbage for fun,0.6,0.9495398388231931,0.41588375895637203,0.4184516233321576
12of12_g205,12/12,12,12,1,smile when they are sad,0.78,0.9481852154182637,0.47115849085261946,0.47283061945043164
12of12_g205,12/12,12,12,1,wash their clothes in ponds,0.78,0.9479469698249672,0.5853496547939667,0.5870369613141917
12of12_g205,12/12,12,12,1,yell at stray cats,0.21,0.9493840676839315,0.37655164945922687,0.37883757065364065
12of12_g206,12/12,12,12,1,chug maple syrup,0.01,0.9474006745909209,0.479875982460941,0.46872682440207986
12of12_g206,12/12,12,12,1,clap three times before entering a room,0.51,0.947939558350393,0.5474987397513068,0.5343617661216269
12of12_g206,12/12,12,12,1,dance around a fire on their 10th birthday,0.1,0.9492340452108993,0.6449305007287942,0.6326799970654773
12of12_g206,12/12,12,12,1,farm potatoes,0.17,0.9481193732214701,0.4963264784323995,0.48798349385821477
12of12_g206,12/12,12,12,1,go to the opera,0.15,0.9473065991901854,0.46476535680855235,0.45659150586903247
12of12_g206,12/12,12,12,1,live in caves,0.02,0.9492187871921011,0.45955936814675186,0.44783650085351057
12of12_g206,12/12,12,12,1,look to their left when spoken to,0.02,0.9489164668542587,0.5009946237892255,0.49260549482745486
12of12_g206,12/12,12,12,1,paint their hands yellow,0.995,0.949334566141828,0.5246011957479774,0.5124298816220171
12of12_g206,12/12,12,12,1,play banjos,0.1,0.9480748402909933,0.47142632860147804,0.4618735017750051
12of12_g206,12/12,12,12,1,ride lions,0.1,0.9491034240480151,0.3671950205833626,0.3560445748516228
12of12_g206,12/12,12,12,1,scream out windows,0.07,0.9492285261190906,0.46057623891083466,0.44702112909230624
12of12_g206,12/12,12,12,1,sing beautiful songs,0.76,0.9469876407341152,0.7329544609280118,0.7211390321047693
12of12_g206,12/12,12,12,1,smell garbage for fun,0.5,0.9493990136330016,0.4158456724282624,0.4029025622430369
12of12_g206,12/12,12,12,1,smile when they are sad,0.05,0.9483232325568919,0.4711831231867016,0.4627772388420801
12of12_g206,12/12,12,12,1,wash their clothes in ponds,0.13,0.9478163172431068,0.5853263258995249,0.5771046763840075
12of12_g206,12/12,12,12,1,yell at stray cats,0.24,0.9493264549750897,0.3765377791802492,0.3649157301505373
8of12_g207,8/12,8,12,1,chug maple syrup,0.76,0.6386339036978809,0.4124881701433163,0.3920926530850868
8of12_g207,8/12,8,12,1,clap three times before entering a room,0.76,0.6721168724476773,0.47102556253068795,0.44602319022554665
8of12_g207,8/12,8,12,1,dance around a fire on their 10th birthday,0.9,0.6614840856178158,0.5718080485775,0.5482560116409225
8of12_g207,8/12,8,12,1,farm potatoes,0.5,0.6442952282594341,0.4448927499417546,0.4299264219655923
8of12_g207,8/12,8,12,1,go to the opera,0.5,0.6504663111153551,0.41786939127620576,0.4018434630736829
8of12_g207,8/12,8,12,1,live in caves,0.5,0.659308686517618,0.38640046909766457,0.36554187384946646
8of12_g207,8/12,8,12,1,look to their left when spoken to,0.5,0.6692972281098063,0.45110573981350544,0.4351913253070519
8of12_g207,8/12,8,12,1,paint their hands yellow,0.49,0.6691810308559508,0.45024883481523403,0.4279458202512989
8of12_g207,8/12,8,12,1,play banjos,0.25,0.6462283891651239,0.4149752893020554,0.39661846580706983
8of12_g207,8/12,8,12,1,ride lions,0.11,0.6519567410271823,0.29974477506268526,0.27862185194888345
8of12_g207,8/12,8,12,1,scream out windows,0.23,0.66234315251402,0.37969145732577214,0.35364803788719734
8of12_g207,8/12,8,12,1,sing beautiful songs,0.75,0.6466626211629308,0.6652093073107239,0.6421398972590213
8of12_g207,8/12,8,12,1,smell garbage for fun,0.24,0.6551951156113317,0.33627748568042515,0.31231550471653646
8of12_g207,8/12,8,12,1,smile when they are sad,0.24,0.6717125077423787,0.4218155746920367,0.4058653463812083
8of12_g207,8/12,8,12,1,wash their clothes in ponds,0.75,0.6566531110234783,0.5333371833468845,0.519687606088477
8of12_g207,8/12,8,12,1,yell at stray cats,0.1,0.6598966416367122,0.30685745454082736,0.2845707262298209
8of12_g208,8/12,8,12,1,chug maple syrup,0.52,0.6595827579787829,0.4170602212628965,0.37880926644735724
8of12_g208,8/12,8,12,1,clap three times before entering a room,0.5,0.6474691641824953,0.46419186588939654,0.4175084664194556
8of12_g208,8/12,8,12,1,dance around a fire on their 10th birthday,0.29,0.6526880818201263,0.5695728254423562,0.525591335839215
8of12_g208,8/12,8,12,1,farm potatoes,0.52,0.6682455769138447,0.4489472523582796,0.42043815861764267
8of12_g208,8/12,8,12,1,go to the opera,0.61,0.6363582469284277,0.4156405452656821,0.38654481949666464
8of12_g208,8/12,8,12,1,live in caves,0.4,0.6737901435206375,0.3900548690254449,0.34969762695977313
8of12_g208,8/12,8,12,1,look to their left when spoken to,0.5,0.6539490014499401,0.44836735205983974,0.41843495808266057
8of12_g208,8/12,8,12,1,paint their hands yellow,0.51,0.6654794003239514,0.449266427189808,0.4065078976158184
8of12_g208,8/12,8,12,1,play banjos,0.25,0.6476886838569211,0.41524839224140714,0.3814222005745027
8of12_g208,8/12,8,12,1,ride lions,0.23,0.6573532409555843,0.30096974328855475,0.26140991366253613
8of12_g208,8/12,8,12,1,scream out windows,0.13,0.6527817102008105,0.37699569363651986,0.32833553176329633
8of12_g208,8/12,8,12,1,sing beautiful songs,0.41,0.6360830052092213,0.6628228337860762,0.620998505851228
8of12_g208,8/12,8,12,1,smell garbage for fun,0.13,0.6650711211264783,0.33894847629759906,0.2934364328823843
8of12_g208,8/12,8,12,1,smile when they are sad,0.11,0.6504343122231523,0.4180179911027569,0.38811789110907335
8of12_g208,8/12,8,12,1,wash their clothes in ponds,0.5,0.6835950166305336,0.5381478412230326,0.5111590925453671
8of12_g208,8/12,8,12,1,yell at stray cats,0.24,0.6541618255428336,0.30547679564270047,0.26380561381836626
4of12_g209,4/12,4,12,1,chug maple syrup,0.28,0.35181498155974245,0.3498904377568745,0.3261679740027901
4of12_g209,4/12,4,12,1,clap three times before entering a room,0.5,0.3383710831287737,0.3784929239999263,0.3516791454126409
4of12_g209,4/12,4,12,1,dance around a fire on their 10th birthday,0.8,0.3420356873341159,0.4906304517106232,0.4647147712550691
4of12_g209,4/12,4,12,1,farm potatoes,0.46,0.3460793879563981,0.3944084391452164,0.37683777083360087
4of12_g209,4/12,4,12,1,go to the opera,0.41,0.35293147874017994,0.37086369897536386,0.3533910401387484
4of12_g209,4/12,4,12,1,live in caves,0.005,0.3366000893823472,0.3049648598340864,0.28077859056434373
4of12_g209,4/12,4,12,1,look to their left when spoken to,0.2,0.33772001199779067,0.391946658564727,0.37460188012947665
4of12_g209,4/12,4,12,1,paint their hands yellow,0.06,0.3342091959345019,0.36134777294939646,0.33642231105784115
4of12_g209,4/12,4,12,1,play banjos,0.16,0.35155504457009545,0.35986575763726314,0.3393206320859919
4of12_g209,4/12,4,12,1,ride lions,0.02,0.34548236467662236,0.23017720755531906,0.2063420156566173
4of12_g209,4/12,4,12,1,scream out windows,0.51,0.34156946433312046,0.2892521666059038,0.26063214399987406
4of12_g209,4/12,4,12,1,sing beautiful songs,0.73,0.35503223388759797,0.5994254261887126,0.574113958628171
4of12_g209,4/12,4,12,1,smell garbage for fun,0.03,0.34138748222559834,0.25140741922639837,0.22405790740978154
4of12_g209,4/12,4,12,1,smile when they are sad,0.27,0.33763543821973213,0.36219183471711625,0.34498458834293266
4of12_g209,4/12,4,12,1,wash their clothes in ponds,0.1,0.3349968600438124,0.47590330321398194,0.45948351070362636
4of12_g209,4/12,4,12,1,yell at stray cats,0.13,0.34238289374197617,0.23041591323727595,0.2057621949566878
4of12_g210,4/12,4,12,1,chug maple syrup,0.55,0.3576845770014595,0.35117146678361466,0.34853155017539683
4of12_g210,4/12,4,12,1,clap three times before entering a room,0.67,0.32153899731496993,0.37382614658377966,0.37364540929434314
4of12_g210,4/12,4,12,1,dance around a fire on their 10th birthday,0.9,0.3329054102591682,0.4883102837096093,0.48717355612975016
4of12_g210,4/12,4,12,1,farm potatoes,0.25,0.3557989745818909,0.39605384681878814,0.39349296339393425
4of12_g210,4/12,4,12,1,go to the opera,0.78,0.33735978840107905,0.36840362370000646,0.3685164537515162
4of12_g210,4/12,4,12,1,live in caves,0.25,0.3438759619538121,0.30680092841435114,0.30303472426295164
4of12_g210,4/12,4,12,1,look to their left when spoken to,0.01,0.32636918855501446,0.389921476333675,0.38923583839729814
4of12_g210,4/12,4,12,1,paint their hands yellow,0.24,0.33114696002547905,0.36053505977290007,0.3581002721540644
4of12_g210,4/12,4,12,1,play banjos,0.61,0.34547882917017814,0.3587293895499356,0.35779377636053755
4of12_g210,4/12,4,12,1,ride lions,0.005,0.3436858352739805,0.2297694077843056,0.2278840048674617
4of12_g210,4/12,4,12,1,scream out windows,0.52,0.33215404420790007,0.28659757257488006,0.28536346401560253
4of12_g210,4/12,4,12,1,sing beautiful songs,0.7,0.34091280719237504,0.596240467666703,0.5962700445550171
4of12_g210,4/12,4,12,1,smell garbage for fun,0.26,0.34380813571749275,0.2520620910726588,0.24899130430934457
4of12_g210,4/12,4,12,1,smile when they are sad,0.21,0.32295874230125776,0.3595724406282479,0.359218860432935
4of12_g210,4/12,4,12,1,wash their clothes in ponds,0.78,0.35136509611785294,0.4788259615046269,0.4751367727827074
4of12_g210,4/12,4,12,1,yell at stray cats,0.01,0.33493551185364484,0.2286229535497196,0.22732115297580419
8of12_g211,8/12,8,12,1,chug maple syrup,0.25,0.6730150566194797,0.41999179714839596,0.36915998048984944
8of12_g211,8/12,8,12,1,clap three times before entering a room,0.5,0.6462280729020674,0.46384776731344185,0.40497289308258133
8of12_g211,8/12,8,12,1,dance around a fire on their 10th birthday,0.25,0.6576393223464211,0.5708310249186846,0.5141570261611865
8of12_g211,8/12,8,12,1,farm potatoes,0.15,0.674622553960386,0.45002679692852393,0.4129063551864546
8of12_g211,8/12,8,12,1,go to the opera,0.25,0.654522196873728,0.41851015564131727,0.3796053896495275
8of12_g211,8/12,8,12,1,live in caves,0.25,0.6696464954293457,0.38900921821265677,0.33841847026216537
8of12_g211,8/12,8,12,1,look to their left when spoken to,0.1,0.652709683238943,0.44814623636438533,0.4103697933677018
8of12_g211,8/12,8,12,1,paint their hands yellow,0.2,0.6592814709577474,0.44762150530509437,0.39455192339429557
8of12_g211,8/12,8,12,1,play banjos,0.25,0.6635688556171524,0.4182182870232563,0.3731543424991206
8of12_g211,8/12,8,12,1,ride lions,0.2,0.6658689588976073,0.30290275246817944,0.25125714791260156
8of12_g211,8/12,8,12,1,scream out windows,0.1,0.6571165726131675,0.3782178695704783,0.31564114634168594
8of12_g211,8/12,8,12,1,sing beautiful songs,0.5,0.6564908347922281,0.6674262849140251,0.6111451191634074
8of12_g211,8/12,8,12,1,smell garbage for fun,0.25,0.668007499796317,0.3397426273198499,0.28130541477139737
8of12_g211,8/12,8,12,1,smile when they are sad,0.5,0.6485204644076401,0.4176764209235563,0.3800458767006526
8of12_g211,8/12,8,12,1,wash their clothes in ponds,0.5,0.6746376502271663,0.5365484433977126,0.5033030648780691
8of12_g211,8/12,8,12,1,yell at stray cats,0.1,0.6595225784277831,0.3067673986978124,0.25297993987954914
12of12_g212,12/12,12,12,1,chug maple syrup,0.73,0.9469802258552558,0.47978422025347867,0.48073519694754324
12of12_g212,12/12,12,12,1,clap three times before entering a room,0.72,0.9477748998850412,0.5474530873933054,0.54840145372744
12of12_g212,12/12,12,12,1,dance around a fire on their 10th birthday,0.86,0.9489635352266403,0.6448617592651693,0.6457995647425144
12of12_g212,12/12,12,12,1,farm potatoes,0.77,0.9479382922131536,0.4962958236224675,0.49703232016474985
12of12_g212,12/12,12,12,1,go to the opera,0.43,0.9466005162146122,0.4646538071159544,0.4652425623930454
12of12_g212,12/12,12,12,1,live in caves,0.75,0.9493318030273434,0.459587887725967,0.46061910218028645
12of12_g212,12/12,12,12,1,look to their left when spoken to,0.51,0.9488003456755415,0.5009739057726894,0.5016087679076152
12of12_g212,12/12,12,12,1,paint their hands yellow,0.65,0.9494260310877023,0.5246254704181555,0.5256178266419351
12of12_g212,12/12,12,12,1,play banjos,0.71,0.9475090124774688,0.4713205080161479,0.4720636831144513
12of12_g212,12/12,12,12,1,ride lions,0.47,0.9487852998424511,0.36712280858505514,0.36802378522689655
12of12_g212,12/12,12,12,1,scream out windows,0.88,0.9489730256976878,0.4605042028376102,0.46154015320440545
12of12_g212,12/12,12,12,1,sing beautiful songs,0.71,0.9462242763937176,0.7327822667013035,0.7336430646106051
12of12_g212,12/12,12,12,1,smell garbage for fun,0.23,0.9492714608862337,0.41581117546597446,0.41689738750679134
12of12_g212,12/12,12,12,1,smile when they are sad,0.23,0.948196888305109,0.47116057414786333,0.47177939340456293
12of12_g212,12/12,12,12,1,wash their clothes in ponds,0.9,0.9481471582866372,0.5853853997859466,0.5861668161084884
12of12_g212,12/12,12,12,1,yell at stray cats,0.32,0.9490576362574986,0.37647306098382416,0.3773744187998948
12of12_g213,12/12,12,12,1,chug maple syrup,0.5,0.9474928916608063,0.4798961086765307,0.464697145675364
12of12_g213,12/12,12,12,1,clap three times before entering a room,0.35,0.9480332352933896,0.5475247121380227,0.5285957781453723
12of12_g213,12/12,12,12,1,dance around a fire on their 10th birthday,0.75,0.9493240803011158,0.6449533802683278,0.6276539400353539
12of12_g213,12/12,12,12,1,farm potatoes,0.25,0.9481883963985424,0.4963381632158769,0.4847250584963461
12of12_g213,12/12,12,12,1,go to the opera,0.85,0.9474385984090142,0.46478621055066616,0.453683756346462
12of12_g213,12/12,12,12,1,live in caves,0.05,0.9492626961268048,0.45957044857932,0.44264587976023584
12of12_g213,12/12,12,12,1,look to their left when spoken to,0.3,0.9489977568527636,0.5010091273238251,0.488928567519822
12of12_g213,12/12,12,12,1,paint their hands yellow,0.4,0.9493894437030228,0.5246157601768463,0.5068515959423762
12of12_g213,12/12,12,12,1,play banjos,0.3,0.9481861668307712,0.47144714878620647,0.4584290931142502
12of12_g213,12/12,12,12,1,ride lions,0.01,0.9491904601346637,0.36721477717412754,0.35169060748234965
12of12_g213,12/12,12,12,1,scream out windows,0.25,0.9493177300613935,0.4606013891696263,0.44142146739970506
12of12_g213,12/12,12,12,1,sing beautiful songs,0.6,0.9471226845438028,0.7329849231374055,0.7170555378695019
12of12_g213,12/12,12,12,1,smell garbage for fun,0.3,0.9494668080597306,0.41586400760207454,0.3975568131057941
12of12_g213,12/12,12,12,1,smile when they are sad,0.35,0.9484104964527182,0.47119869743680315,0.4590641297112629
12of12_g213,12/12,12,12,1,wash their clothes in ponds,0.4,0.9478362638102625,0.5853298874928209,0.573332624501674
12of12_g213,12/12,12,12,1,yell at stray cats,0.25,0.949414477958622,0.37655897074305855,0.360176461171157
12of12_g214,12/12,12,12,1,chug maple syrup,0.995,0.9475263927472501,0.47990342023055316,0.48285217274274245
12of12_g214,12/12,12,12,1,clap three times before entering a room,0.995,0.947894645617823,0.5474862874784052,0.5512790908090004
12of12_g214,12/12,12,12,1,dance around a fire on their 10th birthday,0.995,0.9492433577805295,0.6449328672206198,0.6483302507010277
12of12_g214,12/12,12,12,1,farm potatoes,0.5,0.9482994209820946,0.4963569583260777,0.49861053364135904
12of12_g214,12/12,12,12,1,go to the opera,0.51,0.94722130510961,0.4647518817230486,0.46693782920582616
12of12_g214,12/12,12,12,1,live in caves,0.995,0.9494032238863127,0.4596059108007035,0.46291562064009756
12of12_g214,12/12,12,12,1,look to their left when spoken to,0.995,0.9489221837713055,0.5009956437856055,0.5033922614600804
12of12_g214,12/12,12,12,1,paint their hands yellow,0.15,0.9494293217795914,0.5246263437632334,0.5281365382913111
12of12_g214,12/12,12,12,1,play banjos,0.3,0.9480828426482864,0.4714278251948101,0.47396489036338546
12of12_g214,12/12,12,12,1,ride lions,0.25,0.9491695854498561,0.36721003876479674,0.3702303404367229
12of12_g214,12/12,12,12,1,scream out windows,0.25,0.9492369018854296,0.4605786003837199,0.4643486418133502
12of12_g214,12/12,12,12,1,sing beautiful songs,0.995,0.9469093361149039,0.7329367975363137,0.7360673299907425
12of12_g214,12/12,12,12,1,smell garbage for fun,0.76,0.949518357371933,0.41587794924366267,0.41944199400699655
12of12_g214,12/12,12,12,1,smile when they are sad,0.995,0.9483001966862866,0.4711790119055501,0.47360267908498815
12of12_g214,12/12,12,12,1,wash their clothes in ponds,0.995,0.9481064357719435,0.5853781285079269,0.5877362100035249
12of12_g214,12/12,12,12,1,yell at stray cats,0.76,0.9493498427307393,0.3765434097902664,0.37975304517891567
8of12_g215,8/12,8,12,1,chug maple syrup,0.01,0.6651560357046405,0.41827657946199237,0.39192507049228986
8of12_g215,8/12,8,12,1,clap three times before entering a room,0.01,0.6755791446211569,0.47198549428047126,0.4384636173129872
8of12_g215,8/12,8,12,1,dance around a fire on their 10th birthday,0.02,0.6739682287763091,0.5749804944122371,0.5438666972924349
8of12_g215,8/12,8,12,1,farm potatoes,0.02,0.6590730880512021,0.44739446167469665,0.4281185615443066
8of12_g215,8/12,8,12,1,go to the opera,0.1,0.6835662486532087,0.42309864617272,0.40195749792736424
8of12_g215,8/12,8,12,1,live in caves,0.01,0.6560150451562757,0.3855693177328183,0.3585145055234833
8of12_g215,8/12,8,12,1,look to their left when spoken to,0.1,0.6721599752548689,0.4516165031673188,0.4304355364770772
8of12_g215,8/12,8,12,1,paint their hands yellow,0.01,0.663219453989555,0.4486666405571953,0.4192310463298794
8of12_g215,8/12,8,12,1,play banjos,0.05,0.6760574989395609,0.4205539013475598,0.39654588642560895
8of12_g215,8/12,8,12,1,ride lions,0.01,0.6700345936132831,0.3038483227887544,0.2762581928672919
8of12_g215,8/12,8,12,1,scream out windows,0.01,0.673865038906503,0.38293995080103316,0.3485101283292979
8of12_g215,8/12,8,12,1,sing beautiful songs,0.1,0.6832318334536612,0.67345832668259,0.6431077376866191
8of12_g215,8/12,8,12,1,smell garbage for fun,0.01,0.6640512890284592,0.3386726601327818,0.3074604951180346
8of12_g215,8/12,8,12,1,smile when they are sad,0.01,0.6738796870991633,0.42220235771378845,0.40086794761803335
8of12_g215,8/12,8,12,1,wash their clothes in ponds,0.03,0.6444584676247196,0.5311597480099537,0.5137206404240129
8of12_g215,8/12,8,12,1,yell at stray cats,0.03,0.6729626991035258,0.3100031122584741,0.28063358116866444
8of12_g216,8/12,8,12,1,chug maple syrup,0.33,0.6506859370518474,0.41511850552349283,0.41029500037282474
8of12_g216,8/12,8,12,1,clap three times before entering a room,0.86,0.668941831196616,0.4701452669470215,0.4713360728158775
8of12_g216,8/12,8,12,1,dance around a fire on their 10th birthday,0.95,0.6639642243609764,0.5724382965428926,0.5710657393953231
8of12_g216,8/12,8,12,1,farm potatoes,0.6,0.6532364107443496,0.44640638327189003,0.44363244701183857
8of12_g216,8/12,8,12,1,go to the opera,0.6,0.6586504858018527,0.4191623585364718,0.4166784664582443
8of12_g216,8/12,8,12,1,live in caves,0.9,0.6610279908307213,0.3868343360460198,0.3858821531222111
8of12_g216,8/12,8,12,1,look to their left when spoken to,0.2,0.6675788019564189,0.45079914301647483,0.4511286548516864
8of12_g216,8/12,8,12,1,paint their hands yellow,0.69,0.6667900253649238,0.4496142652636501,0.45043872671075885
8of12_g216,8/12,8,12,1,play banjos,0.4,0.6559905648967467,0.4168010022227082,0.4133748000058742
8of12_g216,8/12,8,12,1,ride lions,0.2,0.6586769550884002,0.3012702172576731,0.29837789388980795
8of12_g216,8/12,8,12,1,scream out windows,0.59,0.6643844314725003,0.380266977787607,0.37895888130245536
8of12_g216,8/12,8,12,1,sing beautiful songs,0.55,0.6565634659700313,0.6674426685316961,0.6631995431777642
8of12_g216,8/12,8,12,1,smell garbage for fun,0.15,0.6598237877490243,0.3375293217421599,0.3351098206657273
8of12_g216,8/12,8,12,1,smile when they are sad,0.72,0.66872189405499,0.42128183086724474,0.4219953792436261
8of12_g216,8/12,8,12,1,wash their clothes in ponds,0.75,0.6579667847347648,0.5335717485954627,0.5330513861576873
8of12_g216,8/12,8,12,1,yell at stray cats,0.13,0.6630961473878733,0.3076277366235717,0.30602854816613756
8of12_g217,8/12,8,12,1,chug maple syrup,0.86,0.6693568729910571,0.4191934049151172,0.45428097358121283
8of12_g217,8/12,8,12,1,clap three times before entering a room,0.68,0.6552506229408197,0.4663493130649714,0.5091911940481535
8of12_g217,8/12,8,12,1,dance around a fire on their 10th birthday,0.71,0.6619149956765044,0.5719175505916533,0.6120671667837418
8of12_g217,8/12,8,12,1,farm potatoes,0.61,0.6688594715329935,0.4490511772427457,0.4757631310391294
8of12_g217,8/12,8,12,1,go to the opera,0.5,0.6623456520314346,0.41974613504896147,0.44554460619910774
8of12_g217,8/12,8,12,1,live in caves,0.995,0.6647605596194122,0.3877762508760665,0.42644209179895115
8of12_g217,8/12,8,12,1,look to their left when spoken to,0.94,0.6583496062157116,0.4491524956771687,0.47678760755751504
8of12_g217,8/12,8,12,1,paint their hands yellow,0.995,0.6600348057107304,0.44782143930699736,0.48827212318831986
8of12_g217,8/12,8,12,1,play banjos,0.69,0.666103620491423,0.41869233636522646,0.449061576205389
8of12_g217,8/12,8,12,1,ride lions,0.79,0.6660636288015784,0.30294694119236387,0.33913700958509957
8of12_g217,8/12,8,12,1,scream out windows,0.98,0.6615615184011371,0.3794710825338979,0.4239362961302793
8of12_g217,8/12,8,12,1,sing beautiful songs,0.995,0.6634378186222036,0.6689933354628288,0.7060100544854689
8of12_g217,8/12,8,12,1,smell garbage for fun,0.83,0.6658685080171646,0.3391641315946738,0.3815897787942001
8of12_g217,8/12,8,12,1,smile when they are sad,0.74,0.656207981088098,0.41904843516046103,0.4465918847348088
8of12_g217,8/12,8,12,1,wash their clothes in ponds,0.995,0.664910613082944,0.5348116157014124,0.5615845497576437
8of12_g217,8/12,8,12,1,yell at stray cats,0.74,0.6628301928038844,0.3075637079682721,0.34564949763673075
4of12_g218,4/12,4,12,1,chug maple syrup,0.25,0.3043378545919552,0.33952863712582926,0.33110322404107007
4of12_g218,4/12,4,12,1,clap three times before entering a room,0.75,0.34298282867847557,0.3797715528174382,0.3742612874539293
4of12_g218,4/12,4,12,1,dance around a fire on their 10th birthday,0.25,0.326375689878753,0.4866509640462688,0.47966702451854526
4of12_g218,4/12,4,12,1,farm potatoes,0.4,0.3153464111404684,0.38920572036374057,0.3830119114219141
4of12_g218,4/12,4,12,1,go to the opera,0.3,0.30652104756963894,0.36353160131897577,0.35849309752300873
4of12_g218,4/12,4,12,1,live in caves,0.005,0.3369734039791265,0.3050590658822226,0.2976458134572116
4of12_g218,4/12,4,12,1,look to their left when spoken to,0.35,0.3397904031737046,0.39231605197851105,0.38829067043891125
4of12_g218,4/12,4,12,1,paint their hands yellow,0.75,0.3458581628203472,0.36443939265537706,0.3582721585293379
4of12_g218,4/12,4,12,1,play banjos,0.6,0.3053207750553824,0.3512190680518129,0.3447021645702747
4of12_g218,4/12,4,12,1,ride lions,0.06,0.31611620835688437,0.22351129281708843,0.21606003648922695
4of12_g218,4/12,4,12,1,scream out windows,0.5,0.3277059503974018,0.28534347205448435,0.2777379610979872
4of12_g218,4/12,4,12,1,sing beautiful songs,0.65,0.30209013319090094,0.5874831286417392,0.5798911929970707
4of12_g218,4/12,4,12,1,smell garbage for fun,0.4,0.32470638334177876,0.24689597393260032,0.23837140058871292
4of12_g218,4/12,4,12,1,smile when they are sad,0.65,0.34307128407992504,0.3631619864865119,0.35950459176401606
4of12_g218,4/12,4,12,1,wash their clothes in ponds,0.6,0.34411489939380335,0.47753139027114155,0.47211679098874165
4of12_g218,4/12,4,12,1,yell at stray cats,0.5,0.3247181397184971,0.22616311778115444,0.2193032257379391
8of12_g219,8/12,8,12,1,chug maple syrup,0.995,0.6585816159747669,0.4168417237565917,0.46231128168490937
8of12_g219,8/12,8,12,1,clap three times before entering a room,0.995,0.6710600871482235,0.4707325636817181,0.5236744001294237
8of12_g219,8/12,8,12,1,dance around a fire on their 10th birthday,0.995,0.6683404943344746,0.5735503856364612,0.6238914128966018
8of12_g219,8/12,8,12,1,farm potatoes,0.995,0.6553768367351993,0.44676873133109857,0.4815556800743093
8of12_g219,8/12,8,12,1,go to the opera,0.995,0.6728694842643365,0.42140873036869775,0.4534651091733302
8of12_g219,8/12,8,12,1,live in caves,0.995,0.6558090270989931,0.38551732901555746,0.43540968244973627
8of12_g219,8/12,8,12,1,look to their left when spoken to,0.995,0.6683795605275075,0.450942012125285,0.48541249970181194
8of12_g219,8/12,8,12,1,paint their hands yellow,0.995,0.6623633371410345,0.4484394283292402,0.49960200848634784
8of12_g219,8/12,8,12,1,play banjos,0.995,0.6672231029482623,0.4189017009210473,0.4573279466563738
8of12_g219,8/12,8,12,1,ride lions,0.995,0.6641385427348341,0.30250995994616486,0.34858439345171527
8of12_g219,8/12,8,12,1,scream out windows,0.995,0.6684100550756973,0.38140196658747694,0.4371156130794083
8of12_g219,8/12,8,12,1,sing beautiful songs,0.995,0.672024866959652,0.6709303399440742,0.717086413632242
8of12_g219,8/12,8,12,1,smell garbage for fun,0.995,0.6606213927841644,0.3377450360369527,0.3921118351291291
8of12_g219,8/12,8,12,1,smile when they are sad,0.995,0.6698868462671529,0.4214897433943764,0.4556473244696544
8of12_g219,8/12,8,12,1,wash their clothes in ponds,0.995,0.6473558303946622,0.531677091557681,0.5667506892573025
8of12_g219,8/12,8,12,1,yell at stray cats,0.995,0.6674130843514554,0.3086670406455062,0.35657651965044485
8of12_g220,8/12,8,12,1,chug maple syrup,0.05,0.673685161171501,0.4201380463048521,0.4026362765294942
8of12_g220,8/12,8,12,1,clap three times before entering a room,0.995,0.6483044667997839,0.4644234575906944,0.44903050414644524
8of12_g220,8/12,8,12,1,dance around a fire on their 10th birthday,0.995,0.6594153411510609,0.5712823433141615,0.5545765534956947
8of12_g220,8/12,8,12,1,farm potatoes,0.1,0.6727471459544195,0.44970931318739427,0.4376046580715316
8of12_g220,8/12,8,12,1,go to the opera,0.35,0.6613400849982097,0.41958727171798843,0.40674849555476195
8of12_g220,8/12,8,12,1,live in caves,0.2,0.6652992339113566,0.3879121854918422,0.37363884400546277
8of12_g220,8/12,8,12,1,look to their left when spoken to,0.04,0.6533275543138221,0.448256475196681,0.4381088519207339
8of12_g220,8/12,8,12,1,paint their hands yellow,0.09,0.6564692679972933,0.44687515052745985,0.4331247928394826
8of12_g220,8/12,8,12,1,play banjos,0.15,0.6674314957997457,0.4189406743560667,0.40382959702343335
8of12_g220,8/12,8,12,1,ride lions,0.14,0.6668832846197291,0.30313299740411315,0.2867558161997997
8of12_g220,8/12,8,12,1,scream out windows,0.25,0.6587959676843421,0.37869136008628956,0.3604040676026554
8of12_g220,8/12,8,12,1,sing beautiful songs,0.1,0.6634589668864062,0.6689981059358623,0.6499404734335534
8of12_g220,8/12,8,12,1,smell garbage for fun,0.01,0.6666242506090311,0.3393685240860285,0.32165440278839535
8of12_g220,8/12,8,12,1,smile when they are sad,0.05,0.6498180344045501,0.417908002145834,0.4080634718911738
8of12_g220,8/12,8,12,1,wash their clothes in ponds,0.995,0.6672785625221862,0.5352344289495305,0.5261255222904878
8of12_g220,8/12,8,12,1,yell at stray cats,0.05,0.6609997368330006,0.3071230250793251,0.29106664033565366
4of12_g221,4/12,4,12,1,chug maple syrup,0.995,0.3311996867548964,0.34539118541452085,0.41576419846564205
4of12_g221,4/12,4,12,1,clap three times before entering a room,0.11,0.3439192350224626,0.3800311760172481,0.4544115495001399
4of12_g221,4/12,4,12,1,dance around a fire on their 10th birthday,0.5,0.337493116666695,0.4894761026127395,0.5634828378206751
4of12_g221,4/12,4,12,1,farm potatoes,0.995,0.33075020933485055,0.39181339584704866,0.44552914530712195
4of12_g221,4/12,4,12,1,go to the opera,0.5,0.3384859905294092,0.36858154542530586,0.416024570878254
4of12_g221,4/12,4,12,1,live in caves,0.995,0.3332325555224332,0.30411506167552393,0.3793038397368446
4of12_g221,4/12,4,12,1,look to their left when spoken to,0.995,0.34051401011081917,0.39244515590816853,0.4419316236398272
4of12_g221,4/12,4,12,1,paint their hands yellow,0.75,0.33792993711273106,0.36233525251390997,0.43684814840553615
4of12_g221,4/12,4,12,1,play banjos,0.76,0.3344975286134276,0.3566756770514925,0.41486386043313905
4of12_g221,4/12,4,12,1,ride lions,0.995,0.3336718526059226,0.22749630285601347,0.2971576300624724
4of12_g221,4/12,4,12,1,scream out windows,0.9,0.33778966378674247,0.2881864854323151,0.3699004210569503
4of12_g221,4/12,4,12,1,sing beautiful songs,0.76,0.33760326151354814,0.5954939242027729,0.6643558041321016
4of12_g221,4/12,4,12,1,smell garbage for fun,0.68,0.33314252566531866,0.24917754991559873,0.3313558806518891
4of12_g221,4/12,4,12,1,smile when they are sad,0.995,0.3427725121047702,0.3631086637529765,0.41142573474822863
4of12_g221,4/12,4,12,1,wash their clothes in ponds,0.995,0.33229919073785713,0.4754216162730798,0.5288353272361985
4of12_g221,4/12,4,12,1,yell at stray cats,0.9,0.3365830594066979,0.2290196011757242,0.2998900735917159
8of12_g222,8/12,8,12,1,chug maple syrup,0.4,0.681913458266743,0.42193385787727,0.4205590216811172
8of12_g222,8/12,8,12,1,clap three times before entering a room,0.34,0.6267535511002734,0.4584483617055917,0.4560614883976972
8of12_g222,8/12,8,12,1,dance around a fire on their 10th birthday,0.75,0.6485677095145634,0.5685257645594108,0.5665637974386548
8of12_g222,8/12,8,12,1,farm potatoes,0.37,0.6856435373377717,0.45189251522686125,0.45070403443942036
8of12_g222,8/12,8,12,1,go to the opera,0.005,0.6422125967917305,0.41656543787774736,0.41558018971268346
8of12_g222,8/12,8,12,1,live in caves,0.21,0.6756148306338101,0.3905153293543475,0.3884069539548864
8of12_g222,8/12,8,12,1,look to their left when spoken to,0.01,0.6394152455371387,0.44577427990314233,0.44425632827039396
8of12_g222,8/12,8,12,1,paint their hands yellow,0.06,0.6537399125042753,0.4461507833531404,0.4437851484728199
8of12_g222,8/12,8,12,1,play banjos,0.71,0.6608163452633704,0.4177035151265723,0.4165208010456782
8of12_g222,8/12,8,12,1,ride lions,0.77,0.6656364584351445,0.3028499764684026,0.30123746168783055
8of12_g222,8/12,8,12,1,scream out windows,0.58,0.6475583431332367,0.375523011711017,0.3733248097900878
8of12_g222,8/12,8,12,1,sing beautiful songs,0.39,0.6464144348163239,0.6651533232232157,0.6638118327897481
8of12_g222,8/12,8,12,1,smell garbage for fun,0.51,0.6707264984631783,0.34047798737165996,0.3384066777754354
8of12_g222,8/12,8,12,1,smile when they are sad,0.01,0.6312911693066661,0.4146014567767518,0.41305750818079806
8of12_g222,8/12,8,12,1,wash their clothes in ponds,0.005,0.6887059432555307,0.5390604314377544,0.5375272423253128
8of12_g222,8/12,8,12,1,yell at stray cats,0.1,0.6523984336927836,0.3050522584633383,0.3032134981729777
4of12_g223,4/12,4,12,1,chug maple syrup,0.05,0.33036591810259797,0.34520921685198774,0.3191948865268358
4of12_g223,4/12,4,12,1,clap three times before entering a room,0.67,0.32785185821884044,0.37557641788249757,0.3449549275608107
4of12_g223,4/12,4,12,1,dance around a fire on their 10th birthday,0.11,0.3266779669151565,0.4867277780905248,0.45766742493593315
4of12_g223,4/12,4,12,1,farm potatoes,0.43,0.3393558189641918,0.39327022077854756,0.373193597831959
4of12_g223,4/12,4,12,1,go to the opera,0.2,0.3121168548563041,0.364415648384632,0.3462246022731091
4of12_g223,4/12,4,12,1,live in caves,0.25,0.347568937719596,0.30773285193343913,0.2785970841930592
4of12_g223,4/12,4,12,1,look to their left when spoken to,0.19,0.331116189048752,0.39076842290976943,0.3707728925700546
4of12_g223,4/12,4,12,1,paint their hands yellow,0.41,0.3418057738472081,0.363363894224621,0.3334760537929871
4of12_g223,4/12,4,12,1,play banjos,0.44,0.3197000888539262,0.353908273789739,0.3319912693425022
4of12_g223,4/12,4,12,1,ride lions,0.07,0.3285461708543767,0.22633280848653944,0.1997988651995424
4of12_g223,4/12,4,12,1,scream out windows,0.06,0.32705283355729164,0.28515933156555673,0.2529806158680602
4of12_g223,4/12,4,12,1,sing beautiful songs,0.54,0.3113980963293439,0.5895827518885077,0.5634542382018695
4of12_g223,4/12,4,12,1,smell garbage for fun,0.02,0.3366658500317427,0.2501304418828567,0.2186128706920546
4of12_g223,4/12,4,12,1,smile when they are sad,0.07,0.329761277135315,0.36078650949174607,0.34099469353104417
4of12_g223,4/12,4,12,1,wash their clothes in ponds,0.21,0.3607665521363061,0.48050465450808644,0.45994911615922857
4of12_g223,4/12,4,12,1,yell at stray cats,0.03,0.32740851692013745,0.2268108269948339,0.19915193346085241
8of12_g224,8/12,8,12,1,chug maple syrup,0.57,0.6535583075620154,0.4157453954063842,0.4273168987453042
8of12_g224,8/12,8,12,1,clap three times before entering a room,0.78,0.6658498292897754,0.4692879944242251,0.48077120172463333
8of12_g224,8/12,8,12,1,dance around a fire on their 10th birthday,0.38,0.6628283902258393,0.5721496606128795,0.5838602258094332
8of12_g224,8/12,8,12,1,farm potatoes,0.66,0.6549277629897761,0.4466927086137557,0.45537133043410477
8of12_g224,8/12,8,12,1,go to the opera,0.005,0.6593493856309515,0.4192727734080802,0.4270798392256975
8of12_g224,8/12,8,12,1,live in caves,0.16,0.6598254417979635,0.386530872444426,0.398254942079263
8of12_g224,8/12,8,12,1,look to their left when spoken to,0.25,0.6649981514779716,0.4503387105624018,0.4580003119225311
8of12_g224,8/12,8,12,1,paint their hands yellow,0.7,0.6640373507909836,0.4488837092374941,0.46030337887722367
8of12_g224,8/12,8,12,1,play banjos,0.13,0.6575766094513795,0.4170976227830967,0.42664539603967355
8of12_g224,8/12,8,12,1,ride lions,0.005,0.6592271722441275,0.3013951127532789,0.31260088669146874
8of12_g224,8/12,8,12,1,scream out windows,0.73,0.6630919532543238,0.3799025750400324,0.392806817968751
8of12_g224,8/12,8,12,1,sing beautiful songs,0.9,0.6579284348623806,0.6677505683777596,0.6791673011723175
8of12_g224,8/12,8,12,1,smell garbage for fun,0.68,0.6596659299907517,0.33748662871302504,0.3505267264568273
8of12_g224,8/12,8,12,1,smile when they are sad,0.15,0.6657047180542559,0.42074334638645294,0.4281921020500802
8of12_g224,8/12,8,12,1,wash their clothes in ponds,0.995,0.6566576205066785,0.5333379885453434,0.5416369450779226
8of12_g224,8/12,8,12,1,yell at stray cats,0.61,0.6622421717404664,0.3074221417000249,0.3186649065904337
4of12_g225,4/12,4,12,1,chug maple syrup,0.995,0.2953655944848207,0.33757045691616566,0.4035066107317814
4of12_g225,4/12,4,12,1,clap three times before entering a room,0.995,0.3833935373764221,0.39097561776863965,0.4772273027968211
4of12_g225,4/12,4,12,1,dance around a fire on their 10th birthday,0.1,0.34842073978715704,0.4922530086456137,0.5721572187054798
4of12_g225,4/12,4,12,1,farm potatoes,0.33,0.29819377165756933,0.38630198734353716,0.43507625223611635
4of12_g225,4/12,4,12,1,go to the opera,0.995,0.3416699780299562,0.369084563964499,0.4222752150541691
4of12_g225,4/12,4,12,1,live in caves,0.995,0.3233655971811038,0.3016251318402562,0.3721260936406716
4of12_g225,4/12,4,12,1,look to their left when spoken to,0.995,0.36727137009525146,0.3972191293792139,0.4520516556196135
4of12_g225,4/12,4,12,1,paint their hands yellow,0.995,0.35450094773871654,0.3667331758234492,0.44394955654085183
4of12_g225,4/12,4,12,1,play banjos,0.58,0.3202944062924907,0.35401942247793994,0.4145484120822566
4of12_g225,4/12,4,12,1,ride lions,0.995,0.32224274090684774,0.2249019734078473,0.2952399782948841
4of12_g225,4/12,4,12,1,scream out windows,0.995,0.3504231541106843,0.2917483857574106,0.3802458949657219
4of12_g225,4/12,4,12,1,sing beautiful songs,0.995,0.33380019244252707,0.5946360552886167,0.6707820317026565
4of12_g225,4/12,4,12,1,smell garbage for fun,0.02,0.3218354656428885,0.24611952699515646,0.32638832771693155
4of12_g225,4/12,4,12,1,smile when they are sad,0.995,0.3784156758228696,0.36947000644688865,0.42456287767546175
4of12_g225,4/12,4,12,1,wash their clothes in ponds,0.995,0.3111895552966822,0.47165234933707256,0.5173195083026005
4of12_g225,4/12,4,12,1,yell at stray cats,0.39,0.34300980392856634,0.2305668420749707,0.3059666739841502
8of12_g226,8/12,8,12,1,chug maple syrup,0.81,0.641296895923099,0.41306936357859836,0.4190847318931312
8of12_g226,8/12,8,12,1,clap three times before entering a room,0.6,0.6828891349428405,0.47401222454568337,0.4789634138525212
8of12_g226,8/12,8,12,1,dance around a fire on their 10th birthday,0.17,0.6697620119020524,0.5739116188768217,0.5794771777668516
8of12_g226,8/12,8,12,1,farm potatoes,0.14,0.6399433286226714,0.44415602632038553,0.4476807469565118
8of12_g226,8/12,8,12,1,go to the opera,0.78,0.6704874315953214,0.42103240456539504,0.42629211164085323
8of12_g226,8/12,8,12,1,live in caves,0.06,0.6502290742697426,0.3841092262803162,0.3870440107089615
8of12_g226,8/12,8,12,1,look to their left when spoken to,0.5,0.6758895315826776,0.4522819201956836,0.4553265853743357
8of12_g226,8/12,8,12,1,paint their hands yellow,0.7,0.6667330932036972,0.4495991555467733,0.4526666446266152
8of12_g226,8/12,8,12,1,play banjos,0.53,0.6584528225264,0.417261491328008,0.4230063511442128
8of12_g226,8/12,8,12,1,ride lions,0.1,0.6569669388328212,0.30088205537374907,0.30634472976359184
8of12_g226,8/12,8,12,1,scream out windows,0.66,0.6704932817079404,0.3819893138231472,0.388032109379018
8of12_g226,8/12,8,12,1,sing beautiful songs,0.995,0.6668995468857495,0.6697742071775132,0.6776698698712876
8of12_g226,8/12,8,12,1,smell garbage for fun,0.73,0.6539195610017163,0.3359325087169403,0.34099122772933993
8of12_g226,8/12,8,12,1,smile when they are sad,0.08,0.6804875350615671,0.4233816802254087,0.4264154327484798
8of12_g226,8/12,8,12,1,wash their clothes in ponds,0.61,0.6377785169787381,0.52996699803688,0.5309543558827475
8of12_g226,8/12,8,12,1,yell at stray cats,0.4,0.6671714800774526,0.3086088743355031,0.3139162897964465
4of12_g227,4/12,4,12,1,chug maple syrup,0.01,0.35044115879137644,0.34959060332001274,0.3350545770912733
4of12_g227,4/12,4,12,1,clap three times before entering a room,0.02,0.32827076635142194,0.37569256219367786,0.353633264267069
4of12_g227,4/12,4,12,1,dance around a fire on their 10th birthday,0.01,0.3347820731164349,0.48878717757322154,0.46950878625130876
4of12_g227,4/12,4,12,1,farm potatoes,0.01,0.3480924309870244,0.3947492228202274,0.38401061985920704
4of12_g227,4/12,4,12,1,go to the opera,0.05,0.3401432625986101,0.3688433676137258,0.35606233106740803
4of12_g227,4/12,4,12,1,live in caves,0.02,0.33945339094849514,0.3056848913222917,0.2895093882530229
4of12_g227,4/12,4,12,1,look to their left when spoken to,0.33,0.3304133883586182,0.39064303117261445,0.37701027295956313
4of12_g227,4/12,4,12,1,paint their hands yellow,0.01,0.33204095124351246,0.36077232380615987,0.34202875659073306
4of12_g227,4/12,4,12,1,play banjos,0.01,0.3438077582942434,0.3584168674469338,0.344414618123256
4of12_g227,4/12,4,12,1,ride lions,0.01,0.341258909288178,0.22921851234122434,0.21297093113651083
4of12_g227,4/12,4,12,1,scream out windows,0.06,0.33428121764282237,0.2871973102210177,0.26577808271037373
4of12_g227,4/12,4,12,1,sing beautiful songs,0.57,0.34253796796452357,0.5966070597219344,0.5785263201333858
4of12_g227,4/12,4,12,1,smell garbage for fun,0.01,0.3403661113747452,0.25113118690199354,0.23267243763894424
4of12_g227,4/12,4,12,1,smile when they are sad,0.26,0.32874284254011304,0.360604746404646,0.34664049571556405
4of12_g227,4/12,4,12,1,wash their clothes in ponds,0.02,0.3436124972024911,0.4774416829915645,0.46728435197854495
4of12_g227,4/12,4,12,1,yell at stray cats,0.03,0.3359038821055884,0.2288560890126779,0.21082892226684824
4of12_g228,4/12,4,12,1,chug maple syrup,0.7,0.33296521842460275,0.3457765096398411,0.3526083364688839
4of12_g228,4/12,4,12,1,clap three times before entering a room,0.34,0.34439365672617894,0.38016271173522886,0.38529104474781506
4of12_g228,4/12,4,12,1,dance around a fire on their 10th birthday,0.6,0.33872633544383907,0.4897894857358903,0.49571269916118393
4of12_g228,4/12,4,12,1,farm potatoes,0.79,0.33197645711946394,0.39202098466664015,0.3972184602396588
4of12_g228,4/12,4,12,1,go to the opera,0.05,0.3407783807225871,0.3689437060072914,0.37278733870006286
4of12_g228,4/12,4,12,1,live in caves,0.14,0.3338528142845896,0.3042715841563183,0.3110064173125725
4of12_g228,4/12,4,12,1,look to their left when spoken to,0.81,0.34117401177824874,0.3925629115631729,0.3962510007544806
4of12_g228,4/12,4,12,1,paint their hands yellow,0.7,0.33836633973875313,0.36245107316749864,0.36837754701661507
4of12_g228,4/12,4,12,1,play banjos,0.51,0.33662912492074454,0.3570743261873893,0.3622151705033692
4of12_g228,4/12,4,12,1,ride lions,0.01,0.3352205299843981,0.22784784192873186,0.2340014324872334
4of12_g228,4/12,4,12,1,scream out windows,0.3,0.33896701485876235,0.2885184291041468,0.2950098748805867
4of12_g228,4/12,4,12,1,sing beautiful songs,0.74,0.3401085615663751,0.5960590517342004,0.6018088320276612
4of12_g228,4/12,4,12,1,smell garbage for fun,0.73,0.3342675604261304,0.2494818184060845,0.2568072176465426
4of12_g228,4/12,4,12,1,smile when they are sad,0.7,0.34326659247290786,0.36319684376317185,0.3666170701830673
4of12_g228,4/12,4,12,1,wash their clothes in ponds,0.28,0.3325106523600885,0.47545937416345796,0.480509248679277
4of12_g228,4/12,4,12,1,yell at stray cats,0.005,0.3378713895744998,0.22932976709574376,0.2351263035609058
0of12_g229,0/12,0,12,1,chug maple syrup,0.6,0.05224251656146914,0.28450926675701643,0.30306819427051696
0of12_g229,0/12,0,12,1,clap three times before entering a room,0.09,0.05154748601780315,0.2989696907998153,0.3211982337017383
0of12_g229,0/12,0,12,1,dance around a fire on their 10th birthday,0.7,0.050338251781454235,0.416504874754791,0.43717446631156665
0of12_g229,0/12,0,12,1,farm potatoes,0.49,0.05147425493395772,0.3445353771286347,0.35843656561401815
0of12_g229,0/12,0,12,1,go to the opera,0.1,0.052342773368273095,0.3233755441229468,0.3371080425452017
0of12_g229,0/12,0,12,1,live in caves,0.005,0.050293113850065005,0.2327152104728376,0.252368745944749
0of12_g229,0/12,0,12,1,look to their left when spoken to,0.15,0.050594170488857504,0.34071846747962986,0.3549033470291292
0of12_g229,0/12,0,12,1,paint their hands yellow,0.1,0.05014989505371441,0.28595882722776184,0.30649729286367866
0of12_g229,0/12,0,12,1,play banjos,0.75,0.051581197280165664,0.3037649309454115,0.319777170857973
0of12_g229,0/12,0,12,1,ride lions,0.005,0.05050846494530285,0.16322016884028737,0.1819424743378839
0of12_g229,0/12,0,12,1,scream out windows,0.86,0.050337948211083956,0.20714202876163282,0.23002189742036333
0of12_g229,0/12,0,12,1,sing beautiful songs,0.67,0.05267991874411305,0.5312229698459667,0.5510365604791363
0of12_g229,0/12,0,12,1,smell garbage for fun,0.85,0.0501735225008301,0.1726478688371279,0.19437745171763102
0of12_g229,0/12,0,12,1,smile when they are sad,0.005,0.05116733016185902,0.3110650093700322,0.32528738262274814
0of12_g229,0/12,0,12,1,wash their clothes in ponds,0.3,0.05163630627492599,0.4253073765687263,0.43899582020170025
0of12_g229,0/12,0,12,1,yell at stray cats,0.06,0.050253176176118616,0.16008558574950824,0.1796800878570056
0of12_g230,0/12,0,12,1,chug maple syrup,0.15,0.05171654144414226,0.28439447359974873,0.28620648431319573
0of12_g230,0/12,0,12,1,clap three times before entering a room,0.65,0.0522434834467818,0.29916265946211795,0.301868987320713
0of12_g230,0/12,0,12,1,dance around a fire on their 10th birthday,0.9,0.050580429322424444,0.4165664164338124,0.4188702204514717
0of12_g230,0/12,0,12,1,farm potatoes,0.7,0.051022914226181326,0.3444589706421672,0.3458990713862491
0of12_g230,0/12,0,12,1,go to the opera,0.1,0.05244308314363258,0.32339139144541884,0.324772007763593
0of12_g230,0/12,0,12,1,live in caves,0.8,0.050231929846795004,0.23269977067164324,0.23498485932450686
0of12_g230,0/12,0,12,1,look to their left when spoken to,0.7,0.05108918619609254,0.3408067868002006,0.3425006344882242
0of12_g230,0/12,0,12,1,paint their hands yellow,0.25,0.05049809956035814,0.2860512402224077,0.28856335589120446
0of12_g230,0/12,0,12,1,play banjos,0.4,0.05140991095430744,0.3037328971379031,0.3053214757745112
0of12_g230,0/12,0,12,1,ride lions,0.01,0.050398618237176715,0.16319523439593342,0.1651616920514468
0of12_g230,0/12,0,12,1,scream out windows,0.4,0.05060723386978202,0.2072179514600056,0.20978567226920772
0of12_g230,0/12,0,12,1,sing beautiful songs,0.3,0.0526641551493553,0.5312194140078619,0.5331591082305642
0of12_g230,0/12,0,12,1,smell garbage for fun,0.2,0.05007690124357496,0.17262173737424522,0.1750027424243194
0of12_g230,0/12,0,12,1,smile when they are sad,0.8,0.051802705493381694,0.3111784067175583,0.31290821036848904
0of12_g230,0/12,0,12,1,wash their clothes in ponds,0.45,0.05140027333478361,0.42526523130479854,0.42690373074578014
0of12_g230,0/12,0,12,1,yell at stray cats,0.4,0.050425740410670064,0.16012713064685657,0.16228991287709327
0of12_g231,0/12,0,12,1,chug maple syrup,0.05,0.05298146422147029,0.2846705408024089,0.2821145964280038
0of12_g231,0/12,0,12,1,clap three times before entering a room,0.11,0.05127708275337313,0.2988947201834785,0.2958288672996769
0of12_g231,0/12,0,12,1,dance around a fire on their 10th birthday,0.05,0.05043331037463712,0.4165290308569896,0.41370903230679956
0of12_g231,0/12,0,12,1,farm potatoes,0.5,0.052083996524584196,0.3446385989559377,0.3427030615891496
0of12_g231,0/12,0,12,1,go to the opera,0.42,0.05267482396149973,0.3234280027473335,0.32158229075982414
0of12_g231,0/12,0,12,1,live in caves,0.15,0.050509685407466025,0.23276986236895278,0.23000542126307186
0of12_g231,0/12,0,12,1,look to their left when spoken to,0.02,0.05045583029198102,0.3406937852079016,0.33873865899095784
0of12_g231,0/12,0,12,1,paint their hands yellow,0.11,0.05006006350508939,0.2859349860589553,0.28306473356304146
0of12_g231,0/12,0,12,1,play banjos,0.25,0.052080608252906835,0.3038583303156662,0.30169156075462367
0of12_g231,0/12,0,12,1,ride lions,0.1,0.05088703352135664,0.1633061012933831,0.16074867744520055
0of12_g231,0/12,0,12,1,scream out windows,0.02,0.05040821874381417,0.20716184091385348,0.20403813689942646
0of12_g231,0/12,0,12,1,sing beautiful songs,0.88,0.053117834281501436,0.5313217516770448,0.5286596566800628
0of12_g231,0/12,0,12,1,smell garbage for fun,0.05,0.050486456963854696,0.172732502752454,0.16973082019824845
0of12_g231,0/12,0,12,1,smile when they are sad,0.02,0.05092948523674356,0.3110225604704722,0.3090592639253256
0of12_g231,0/12,0,12,1,wash their clothes in ponds,0.86,0.051929549234957996,0.4253597370652657,0.4233845086307352
0of12_g231,0/12,0,12,1,yell at stray cats,0.03,0.0504002932456035,0.16012100423333153,0.1574470016007217
0of12_g232,0/12,0,12,1,chug maple syrup,0.02,0.052735899244095774,0.284616946671929,0.2819492713745948
0of12_g232,0/12,0,12,1,clap three times before entering a room,0.01,0.051390801211096133,0.29892624917734,0.29571615649942773
0of12_g232,0/12,0,12,1,dance around a fire on their 10th birthday,0.02,0.05041822072187052,0.4165251963041926,0.41357692734996726
0of12_g232,0/12,0,12,1,farm potatoes,0.1,0.051865282430490135,0.3446015733227902,0.34257328163847556
0of12_g232,0/12,0,12,1,go to the opera,0.07,0.05261005783276972,0.323417770746279,0.32150125235649823
0of12_g232,0/12,0,12,1,live in caves,0.06,0.050412838078228286,0.2327454229169765,0.22983393315872425
0of12_g232,0/12,0,12,1,look to their left when spoken to,0.05,0.05051495312918239,0.34070433373946435,0.3386551121018441
0of12_g232,0/12,0,12,1,paint their hands yellow,0.01,0.05008147423403122,0.28594066843681454,0.28292031822186364
0of12_g232,0/12,0,12,1,play banjos,0.05,0.051939404145897435,0.30383192245642426,0.3015767745821931
0of12_g232,0/12,0,12,1,ride lions,0.01,0.05076877876090013,0.1632792582792,0.1606068663835236
0of12_g232,0/12,0,12,1,scream out windows,0.01,0.05040114185745066,0.20715984564863438,0.20389326844926386
0of12_g232,0/12,0,12,1,sing beautiful songs,0.05,0.053018175489776845,0.5312992713650003,0.5285370929373301
0of12_g232,0/12,0,12,1,smell garbage for fun,0.005,0.050375428586920595,0.1727024748476927,0.169555291630533
0of12_g232,0/12,0,12,1,smile when they are sad,0.05,0.05102729804649302,0.3110400174169877,0.30898285691519634
0of12_g232,0/12,0,12,1,wash their clothes in ponds,0.25,0.05178328129640283,0.4253336199441941,0.4232439505682373
0of12_g232,0/12,0,12,1,yell at stray cats,0.005,0.05036529624413989,0.16011257869349074,0.15731671629575714
0of12_g233,0/12,0,12,1,chug maple syrup,0.3,0.05236450138780082,0.2845358897338304,0.28137490597517767
0of12_g233,0/12,0,12,1,clap three times before entering a room,0.2,0.05141738726074851,0.2989336202885306,0.2950525818447864
0of12_g233,0/12,0,12,1,dance around a fire on their 10th birthday,0.005,0.05029721375682507,0.4164944462529188,0.41295765006848256
0of12_g233,0/12,0,12,1,farm potatoes,0.15,0.05162733504639065,0.34456129172782224,0.3421560637041636
0of12_g233,0/12,0,12,1,go to the opera,0.3,0.05225077814988955,0.32336101036602843,0.3210656128894074
0of12_g233,0/12,0,12,1,live in caves,0.35,0.05040820069092059,0.23274425267092744,0.22927061061426166
0of12_g233,0/12,0,12,1,look to their left when spoken to,0.32,0.050522279241553586,0.34070564084398164,0.33823684346821237
0of12_g233,0/12,0,12,1,paint their hands yellow,0.1,0.05015669698666117,0.2859606324513618,0.28233168638601436
0of12_g233,0/12,0,12,1,play banjos,0.18,0.05158350312128802,0.30376536218164885,0.30107751031596036
0of12_g233,0/12,0,12,1,ride lions,0.03,0.050545401232555215,0.1632285531224825,0.16004167974673694
0of12_g233,0/12,0,12,1,scream out windows,0.35,0.05029326067416563,0.20712942950772942,0.2032089879455118
0of12_g233,0/12,0,12,1,sing beautiful songs,0.5,0.05260511114760915,0.5312060952874497,0.5279037395050589
0of12_g233,0/12,0,12,1,smell garbage for fun,0.13,0.05024656549531012,0.1726676234993349,0.1689145328971422
0of12_g233,0/12,0,12,1,smile when they are sad,0.24,0.051059387990474644,0.31104574460586215,0.30856130399073695
0of12_g233,0/12,0,12,1,wash their clothes in ponds,0.1,0.0518447924644843,0.4253446031756521,0.42285854573510095
0of12_g233,0/12,0,12,1,yell at stray cats,0.05,0.05022964289769411,0.16007992010483418,0.15672996807401354
0of12_g234,0/12,0,12,1,chug maple syrup,0.23,0.05208011394259281,0.2844738226670676,0.28233638649065956
0of12_g234,0/12,0,12,1,clap three times before entering a room,0.05,0.05154781924887427,0.29896978318974565,0.2963254736166867
0of12_g234,0/12,0,12,1,dance around a fire on their 10th birthday,0.5,0.05027161409825077,0.41648794091817665,0.4140862060661429
0of12_g234,0/12,0,12,1,farm potatoes,0.24,0.051454214053280996,0.34453198445154654,0.3428782412405242
0of12_g234,0/12,0,12,1,go to the opera,0.005,0.05202324268487486,0.32332506344186285,0.3218133354209761
0of12_g234,0/12,0,12,1,live in caves,0.005,0.05045359521270506,0.23275570799183168,0.23032222326728316
0of12_g234,0/12,0,12,1,look to their left when spoken to,0.02,0.05062117432600258,0.3407232854288679,0.339031500288554
0of12_g234,0/12,0,12,1,paint their hands yellow,0.03,0.05030009489097651,0.28599869005690925,0.28346911124555196
0of12_g234,0/12,0,12,1,play banjos,0.5,0.05133827649808836,0.3037195001292978,0.3019266398084033
0of12_g234,0/12,0,12,1,ride lions,0.005,0.05041026012247467,0.1631978770235195,0.16103447426177248
0of12_g234,0/12,0,12,1,scream out windows,0.005,0.05028040773031565,0.20712580573443296,0.20446128054927165
0of12_g234,0/12,0,12,1,sing beautiful songs,0.75,0.05232634235516824,0.5311432126322031,0.5289745899190452
0of12_g234,0/12,0,12,1,smell garbage for fun,0.05,0.05018837467726106,0.17265188564572836,0.17006813345906652
0of12_g234,0/12,0,12,1,smile when they are sad,0.25,0.051189657026046415,0.3110689941126745,0.3093702707996363
0of12_g234,0/12,0,12,1,wash their clothes in ponds,0.5,0.05193030125516148,0.4253598713435149,0.42358913631196154
0of12_g234,0/12,0,12,1,yell at stray cats,0.01,0.05018680947945983,0.16006960794502742,0.15779299682962045
0of12_g235,0/12,0,12,1,chug maple syrup,0.9,0.05184120429803601,0.2844216810514343,0.29044345494034457
0of12_g235,0/12,0,12,1,clap three times before entering a room,0.5,0.052034446821110525,0.29910470304396386,0.3048561958915024
0of12_g235,0/12,0,12,1,dance around a fire on their 10th birthday,0.65,0.050492332083548704,0.41654402933723916,0.4223499506638094
0of12_g235,0/12,0,12,1,farm potatoes,0.35,0.05117231155236582,0.3444842617904832,0.3490341977681075
0of12_g235,0/12,0,12,1,go to the opera,0.5,0.052314279641195345,0.32337104257481936,0.32720303399420947
0of12_g235,0/12,0,12,1,live in caves,0.75,0.05031803812127363,0.23272150011999712,0.23885259836146225
0of12_g235,0/12,0,12,1,look to their left when spoken to,0.5,0.0509527216501836,0.3407824391768818,0.34462231156695233
0of12_g235,0/12,0,12,1,paint their hands yellow,0.25,0.050450136290568,0.286038510836918,0.2919008752313234
0of12_g235,0/12,0,12,1,play banjos,0.3,0.0513935387147169,0.30372983521705854,0.30850062439612835
0of12_g235,0/12,0,12,1,ride lions,0.75,0.05041188947817982,0.1631982468760154,0.1688310256054361
0of12_g235,0/12,0,12,1,scream out windows,0.4,0.05051361960697912,0.20719155775054282,0.2135908811452077
0of12_g235,0/12,0,12,1,sing beautiful songs,0.65,0.05256070050266026,0.5311960774542082,0.5368321916933738
0of12_g235,0/12,0,12,1,smell garbage for fun,0.05,0.050124523380342345,0.17263461690132534,0.17928071097543116
0of12_g235,0/12,0,12,1,smile when they are sad,0.15,0.05162026240143029,0.3111458455498904,0.3148840385173245
0of12_g235,0/12,0,12,1,wash their clothes in ponds,0.85,0.051588293981035836,0.4252988036517573,0.4298437081949211
0of12_g235,0/12,0,12,1,yell at stray cats,0.1,0.05035985707877297,0.1601112692126043,0.16569601088304936
0of12_g236,0/12,0,12,1,chug maple syrup,0.07,0.05257835879180125,0.2845825637414053,0.28260278903554054
0of12_g236,0/12,0,12,1,clap three times before entering a room,0.01,0.05213632296551564,0.29913294869903084,0.2967660140032892
0of12_g236,0/12,0,12,1,dance around a fire on their 10th birthday,0.16,0.05084081923150015,0.4166325862038933,0.4144502880184341
0of12_g236,0/12,0,12,1,farm potatoes,0.12,0.051578882985680634,0.3445530893838786,0.34306700932150336
0of12_g236,0/12,0,12,1,go to the opera,0.37,0.05326961288019062,0.32352196977859754,0.32207084103976313
0of12_g236,0/12,0,12,1,live in caves,0.005,0.05023855844071719,0.23270144339926627,0.2305998709883044
0of12_g236,0/12,0,12,1,look to their left when spoken to,0.01,0.051037005807581665,0.34079747692095225,0.33929231103883317
0of12_g236,0/12,0,12,1,paint their hands yellow,0.5,0.05029535606796838,0.28599743237983466,0.2838088762158007
0of12_g236,0/12,0,12,1,play banjos,0.12,0.052230217325589516,0.3038863100636807,0.30219444929011047
0of12_g236,0/12,0,12,1,ride lions,0.02,0.05090924528845118,0.1633111432111617,0.16133246643885069
0of12_g236,0/12,0,12,1,scream out windows,0.19,0.0508358135153457,0.20728239745972274,0.2048662096199662
0of12_g236,0/12,0,12,1,sing beautiful songs,0.76,0.05361852288568584,0.5314346934041554,0.5293389786927742
0of12_g236,0/12,0,12,1,smell garbage for fun,0.01,0.05036908040705984,0.17270075796642745,0.17039613160629652
0of12_g236,0/12,0,12,1,smile when they are sad,0.16,0.051685237406992754,0.31115744183467003,0.3096444455419867
0of12_g236,0/12,0,12,1,wash their clothes in ponds,0.06,0.051270734327867114,0.4252421012466289,0.42375517401456775
0of12_g236,0/12,0,12,1,yell at stray cats,0.52,0.05072291734892212,0.16019867609441746,0.1581303970284068
0of12_g237,0/12,0,12,1,chug maple syrup,0.25,0.05229119457847826,0.2845198906498165,0.2838077700445679
0of12_g237,0/12,0,12,1,clap three times before entering a room,0.8,0.05232741141083193,0.2991859288971449,0.2985492646410002
0of12_g237,0/12,0,12,1,dance around a fire on their 10th birthday,0.85,0.050854309243406254,0.4166360142591102,0.4159727859882857
0of12_g237,0/12,0,12,1,farm potatoes,0.15,0.05136197138411048,0.3445163688907689,0.34398538068353307
0of12_g237,0/12,0,12,1,go to the opera,0.65,0.05315373820755987,0.32350366345404497,0.3230516266561023
0of12_g237,0/12,0,12,1,live in caves,0.15,0.05021519282526301,0.23269554707934414,0.23199916501962292
0of12_g237,0/12,0,12,1,look to their left when spoken to,0.75,0.05116732930593772,0.3408207288757104,0.3403916441336397
0of12_g237,0/12,0,12,1,paint their hands yellow,0.25,0.050412742436249304,0.2860285865596815,0.2853753061479179
0of12_g237,0/12,0,12,1,play banjos,0.25,0.05204375049265582,0.30385143721202146,0.30328845321358266
0of12_g237,0/12,0,12,1,ride lions,0.4,0.05078965567464093,0.16328399719448328,0.16262972499168737
0of12_g237,0/12,0,12,1,scream out windows,0.2,0.05086157125158682,0.20728965962455118,0.20656013645647311
0of12_g237,0/12,0,12,1,sing beautiful songs,0.5,0.05345136984590619,0.5313969882260332,0.5307271965327374
0of12_g237,0/12,0,12,1,smell garbage for fun,0.6,0.05028899695121578,0.1726790991936754,0.1719149721595902
0of12_g237,0/12,0,12,1,smile when they are sad,0.05,0.051862433129837154,0.3111890664885819,0.31077457926976493
0of12_g237,0/12,0,12,1,wash their clothes in ponds,0.65,0.05122481802121908,0.4252339025822344,0.4247177974434447
0of12_g237,0/12,0,12,1,yell at stray cats,0.2,0.05071224780851025,0.1601961073989846,0.15955617192327295
0of12_g238,0/12,0,12,1,chug maple syrup,0.24,0.05232410438391527,0.2845270731577845,0.280770574884306
0of12_g238,0/12,0,12,1,clap three times before entering a room,0.16,0.05205109196252483,0.29910931799013873,0.29436077463164667
0of12_g238,0/12,0,12,1,dance around a fire on their 10th birthday,0.25,0.05069354670944405,0.41659516160108034,0.412313322216907
0of12_g238,0/12,0,12,1,farm potatoes,0.14,0.05141511112428105,0.34452536480176976,0.3416804450813878
0of12_g238,0/12,0,12,1,go to the opera,0.25,0.05295604638974285,0.3234724313435572,0.3206723374771769
0of12_g238,0/12,0,12,1,live in caves,0.13,0.050210035417531135,0.23269424560598834,0.22857288099323503
0of12_g238,0/12,0,12,1,look to their left when spoken to,0.19,0.05096007272657786,0.34078375073541034,0.33778496038500117
0of12_g238,0/12,0,12,1,paint their hands yellow,0.17,0.05028645808049611,0.28599507086626164,0.28163235526505137
0of12_g238,0/12,0,12,1,play banjos,0.09,0.05195057794429362,0.30383401216968753,0.3005934553943978
0of12_g238,0/12,0,12,1,ride lions,0.17,0.05072256448814068,0.16326876795835077,0.15944635757801498
0of12_g238,0/12,0,12,1,scream out windows,0.18,0.050695562133735786,0.20724285482906868,0.2024946986661052
0of12_g238,0/12,0,12,1,sing beautiful songs,0.25,0.0532776508394484,0.5313578019444656,0.527336859637118
0of12_g238,0/12,0,12,1,smell garbage for fun,0.17,0.0502516967078074,0.17266901124870523,0.16819024004795102
0of12_g238,0/12,0,12,1,smile when they are sad,0.2,0.0516114410620206,0.31114427117889887,0.30811300381098555
0of12_g238,0/12,0,12,1,wash their clothes in ponds,0.24,0.05130613280170561,0.4252484218814592,0.42233131474389596
0of12_g238,0/12,0,12,1,yell at stray cats,0.16,0.0505721829100452,0.16016238672769972,0.15611554462762242
0of12_g239,0/12,0,12,1,chug maple syrup,0.7,0.052344607869355776,0.284531548007927,0.2825418538906435
0of12_g239,0/12,0,12,1,clap three times before entering a room,0.6,0.05239429427364648,0.29920447249519705,0.2965806892578982
0of12_g239,0/12,0,12,1,dance around a fire on their 10th birthday,0.55,0.05091807292820946,0.41665221776091993,0.4143182130126813
0of12_g239,0/12,0,12,1,farm potatoes,0.4,0.05137207142279338,0.3445180787043436,0.3430174330406392
0of12_g239,0/12,0,12,1,go to the opera,0.25,0.053296864564584795,0.32352627510406506,0.3219918863290039
0of12_g239,0/12,0,12,1,live in caves,0.6,0.05018579298259073,0.23268812802041133,0.23049771179928977
0of12_g239,0/12,0,12,1,look to their left when spoken to,0.6,0.0512132888825772,0.3408289288550711,0.33918584750076647
0of12_g239,0/12,0,12,1,paint their hands yellow,0.1,0.050408396767536626,0.2860274332252133,0.28366614332090123
0of12_g239,0/12,0,12,1,play banjos,0.15,0.05214425025190149,0.30387023258244106,0.30211957472942336
0of12_g239,0/12,0,12,1,ride lions,0.1,0.050844312661811546,0.16329640395321468,0.16124014836998696
0of12_g239,0/12,0,12,1,scream out windows,0.45,0.05092375734913445,0.2073071924421172,0.20471738050333535
0of12_g239,0/12,0,12,1,sing beautiful songs,0.85,0.05359933187683655,0.5314303644346795,0.5292341881077411
0of12_g239,0/12,0,12,1,smell garbage for fun,0.1,0.05030625608342155,0.17268376696954002,0.1702873476011596
0of12_g239,0/12,0,12,1,smile when they are sad,0.25,0.051918105114463674,0.3111990024352184,0.30952928880868696
0of12_g239,0/12,0,12,1,wash their clothes in ponds,0.8,0.05114296459148306,0.4252192871035748,0.4236934886298174
0of12_g239,0/12,0,12,1,yell at stray cats,0.15,0.050771942711113696,0.16021047896680873,0.15801078132252433
0of12_g240,0/12,0,12,1,chug maple syrup,0.1,0.05208050934904314,0.28447390896383973,0.2814728992278167
0of12_g240,0/12,0,12,1,clap three times before entering a room,0.03,0.05196817648862506,0.29908632927291584,0.2954523960276251
0of12_g240,0/12,0,12,1,dance around a fire on their 10th birthday,0.2,0.050545864111871806,0.4165576327906859,0.41322643299384043
0of12_g240,0/12,0,12,1,farm potatoes,0.2,0.05126685468642784,0.3445002667919573,0.3422281203818134
0of12_g240,0/12,0,12,1,go to the opera,0.3,0.05263017444001252,0.32342094884493267,0.32123925951087123
0of12_g240,0/12,0,12,1,live in caves,0.03,0.05019074596368177,0.2326893779066443,0.22943626674990478
0of12_g240,0/12,0,12,1,look to their left when spoken to,0.25,0.050884614629492876,0.34077028771238155,0.33845700293996006
0of12_g240,0/12,0,12,1,paint their hands yellow,0.05,0.05028061964763553,0.2859935213542525,0.2826040861780095
0of12_g240,0/12,0,12,1,play banjos,0.15,0.0516670151076368,0.30378098051476404,0.3012278535605163
0of12_g240,0/12,0,12,1,ride lions,0.05,0.05053865173298609,0.1632270210326794,0.16021507851153063
0of12_g240,0/12,0,12,1,scream out windows,0.01,0.050555053367868384,0.20720323963121057,0.20351260974489782
0of12_g240,0/12,0,12,1,sing beautiful songs,0.62,0.05292301935485508,0.531277806729829,0.5281335001972768
0of12_g240,0/12,0,12,1,smell garbage for fun,0.03,0.05014110886696306,0.17263910248804124,0.1691058034997408
0of12_g240,0/12,0,12,1,smile when they are sad,0.83,0.05153973907346982,0.311131474309221,0.30880586331876503
0of12_g240,0/12,0,12,1,wash their clothes in ponds,0.15,0.051356845854710266,0.4252574770370751,0.42293666623397536
0of12_g240,0/12,0,12,1,yell at stray cats,0.05,0.05042154222659241,0.16012611993263176,0.1569694002183074
0of12_g241,0/12,0,12,1,chug maple syrup,0.5,0.052860753178723414,0.2846441958266534,0.2840244884413616
0of12_g241,0/12,0,12,1,clap three times before entering a room,0.4,0.05188546338420776,0.29906339666361337,0.2983395209763579
0of12_g241,0/12,0,12,1,dance around a fire on their 10th birthday,0.14,0.05078823540335556,0.41661922370520577,0.41594449572720904
0of12_g241,0/12,0,12,1,farm potatoes,0.2,0.05180349828122058,0.34459111401858,0.3441383824504085
0of12_g241,0/12,0,12,1,go to the opera,0.1,0.05332177915958454,0.3235302112071996,0.3230593427228144
0of12_g241,0/12,0,12,1,live in caves,0.15,0.050270680867478136,0.23270954950309344,0.23209242372552835
0of12_g241,0/12,0,12,1,look to their left when spoken to,0.07,0.05086426288286275,0.340766656610563,0.34030979277088674
0of12_g241,0/12,0,12,1,paint their hands yellow,0.81,0.050162068875340395,0.2859620581431902,0.28531697286126295
0of12_g241,0/12,0,12,1,play banjos,0.17,0.05238096575787323,0.30391450289365585,0.3033747889563388
0of12_g241,0/12,0,12,1,ride lions,0.7,0.051007578158019325,0.16333346409365546,0.1627196226912455
0of12_g241,0/12,0,12,1,scream out windows,0.26,0.05077045667411292,0.2072639706791526,0.2065182163929303
0of12_g241,0/12,0,12,1,sing beautiful songs,0.1,0.05372549714846862,0.5314588238874419,0.5307755589559809
0of12_g241,0/12,0,12,1,smell garbage for fun,0.05,0.050441445258933064,0.17272032922325495,0.1720217664427707
0of12_g241,0/12,0,12,1,smile when they are sad,0.02,0.051455638138892354,0.3111164645623322,0.3106562561821615
0of12_g241,0/12,0,12,1,wash their clothes in ponds,0.33,0.05135092072312094,0.4252564190651052,0.4248325976151859
0of12_g241,0/12,0,12,1,yell at stray cats,0.04,0.05069898536761845,0.16019291446189152,0.15955380813422043
0of12_g242,0/12,0,12,1,chug maple syrup,0.49,0.05227824028859118,0.2845170633985126,0.2818284831852816
0of12_g242,0/12,0,12,1,clap three times before entering a room,0.13,0.0524296259317527,0.2992142683687417,0.2956607936370225
0of12_g242,0/12,0,12,1,dance around a fire on their 10th birthday,0.51,0.050915638046281006,0.41665159901352705,0.4134951566028166
0of12_g242,0/12,0,12,1,farm potatoes,0.66,0.05132271873720079,0.34450972389557294,0.34248004570724
0of12_g242,0/12,0,12,1,go to the opera,0.25,0.05326360763971494,0.3235210210477086,0.3214488058875665
0of12_g242,0/12,0,12,1,live in caves,0.5,0.05017910229654052,0.23268643962382157,0.22971917030882402
0of12_g242,0/12,0,12,1,look to their left when spoken to,0.34,0.051236361343105344,0.34083304537906806,0.3386084562521756
0of12_g242,0/12,0,12,1,paint their hands yellow,0.34,0.05043042747391419,0.2860332801442269,0.28283382082984404
0of12_g242,0/12,0,12,1,play banjos,0.34,0.052097442993547904,0.30386147873302205,0.30149719575429873
0of12_g242,0/12,0,12,1,ride lions,0.51,0.050813782387603874,0.16328947379175304,0.16051022857866165
0of12_g242,0/12,0,12,1,scream out windows,0.2,0.05092399960544429,0.20730726074413086,0.20380446996531823
0of12_g242,0/12,0,12,1,sing beautiful songs,0.53,0.053554755880132865,0.5314203093025808,0.5284550172714174
0of12_g242,0/12,0,12,1,smell garbage for fun,0.15,0.05028568157431195,0.17267820254162428,0.16943638182509896
0of12_g242,0/12,0,12,1,smile when they are sad,0.35,0.05195082718289917,0.3112048424412464,0.30894353622349413
0of12_g242,0/12,0,12,1,wash their clothes in ponds,0.52,0.0511337009783017,0.42521763302333404,0.4231475246725948
0of12_g242,0/12,0,12,1,yell at stray cats,0.33,0.0507644968871212,0.16020868638218516,0.15723418910569417
0of12_g243,0/12,0,12,1,chug maple syrup,0.01,0.052307807144090536,0.2845235163134537,0.2836491804050509
0of12_g243,0/12,0,12,1,clap three times before entering a room,0.01,0.05160822412641047,0.29898653073496556,0.29780424125408106
0of12_g243,0/12,0,12,1,dance around a fire on their 10th birthday,0.01,0.0504027845277187,0.4165212736889823,0.4154783472147527
0of12_g243,0/12,0,12,1,farm potatoes,0.02,0.05148066127702886,0.34453646164451535,0.3438733174751488
0of12_g243,0/12,0,12,1,go to the opera,0.03,0.0525135567662034,0.3234025251382085,0.3227244539833958
0of12_g243,0/12,0,12,1,live in caves,0.01,0.05023939906389551,0.23270165553077218,0.23172090773523443
0of12_g243,0/12,0,12,1,look to their left when spoken to,0.01,0.05063079684223485,0.34072500225135127,0.3399857933237024
0of12_g243,0/12,0,12,1,paint their hands yellow,0.01,0.05012236187827502,0.2859515199610668,0.2848870445927741
0of12_g243,0/12,0,12,1,play banjos,0.01,0.051701523102226435,0.3037874341674456,0.303015041210481
0of12_g243,0/12,0,12,1,ride lions,0.01,0.05056743828343614,0.16323355538088685,0.16232094705714462
0of12_g243,0/12,0,12,1,scream out windows,0.02,0.05039992107628369,0.20715950146023326,0.20600137964302345
0of12_g243,0/12,0,12,1,sing beautiful songs,0.05,0.05285912835550103,0.5312633946586264,0.5302956901382412
0of12_g243,0/12,0,12,1,smell garbage for fun,0.01,0.050182746479911826,0.17265036348555052,0.17158268786521252
0of12_g243,0/12,0,12,1,smile when they are sad,0.2,0.05121434943303817,0.31107340104086006,0.310320965343725
0of12_g243,0/12,0,12,1,wash their clothes in ponds,0.01,0.0515150978224676,0.4252857339869068,0.42460279713561605
0of12_g243,0/12,0,12,1,yell at stray cats,0.02,0.05031360501007129,0.16010013401155088,0.1591182173224127
0of12_g244,0/12,0,12,1,chug maple syrup,0.81,0.05228577447128226,0.28451870772081994,0.36775833181743744
0of12_g244,0/12,0,12,1,clap three times before entering a room,0.87,0.05167193988411684,0.2990041962377681,0.40305200025447124
0of12_g244,0/12,0,12,1,dance around a fire on their 10th birthday,0.84,0.050436704489499364,0.41652989336276364,0.5130480707957125
0of12_g244,0/12,0,12,1,farm potatoes,0.93,0.05144035293776724,0.3445296379334579,0.40465739408626716
0of12_g244,0/12,0,12,1,go to the opera,0.9,0.052580270704284705,0.32341306486164384,0.39080958656665765
0of12_g244,0/12,0,12,1,live in caves,0.32,0.05020437965983987,0.23269281837387387,0.3153957472970652
0of12_g244,0/12,0,12,1,look to their left when spoken to,0.94,0.05067129621691141,0.3407322280367207,0.4060328705374441
0of12_g244,0/12,0,12,1,paint their hands yellow,0.83,0.050127363860976944,0.2859528474803603,0.37569435456409117
0of12_g244,0/12,0,12,1,play banjos,0.94,0.05172832888938694,0.30379244736054034,0.37970309874337327
0of12_g244,0/12,0,12,1,ride lions,0.82,0.050573868641984515,0.16323501502788162,0.2491534955811402
0of12_g244,0/12,0,12,1,scream out windows,0.84,0.050434728824342114,0.20716931519546763,0.313896735319099
0of12_g244,0/12,0,12,1,sing beautiful songs,0.83,0.052921095818578553,0.5312773728323779,0.628374637533682
0of12_g244,0/12,0,12,1,smell garbage for fun,0.29,0.050170168342818115,0.17264696169662816,0.26890167684171745
0of12_g244,0/12,0,12,1,smile when they are sad,0.85,0.05126856398584178,0.31108307687525316,0.3770684050950323
0of12_g244,0/12,0,12,1,wash their clothes in ponds,0.8,0.05144021347212088,0.42527236288409576,0.47880806604152865
0of12_g244,0/12,0,12,1,yell at stray cats,0.62,0.05034096382138721,0.16010672065455167,0.25118034424749075
4of12_g245,4/12,4,12,1,chug maple syrup,0.85,0.3683422701532658,0.35349748983258306,0.40119179702390684
4of12_g245,4/12,4,12,1,clap three times before entering a room,0.45,0.31670010085281614,0.3724845390742617,0.41172689687529496
4of12_g245,4/12,4,12,1,dance around a fire on their 10th birthday,0.98,0.3335536001148742,0.48847500043720105,0.5322916138888607
4of12_g245,4/12,4,12,1,farm potatoes,0.67,0.3647620860086217,0.3975711924517742,0.4331132289243558
4of12_g245,4/12,4,12,1,go to the opera,0.78,0.34127740652333155,0.36902254401443413,0.3989360246733753
4of12_g245,4/12,4,12,1,live in caves,0.77,0.3468583070783371,0.3075535240824119,0.3533013080488296
4of12_g245,4/12,4,12,1,look to their left when spoken to,0.11,0.3234986877713028,0.38940932959729935,0.41668655490615747
4of12_g245,4/12,4,12,1,paint their hands yellow,0.66,0.32918162641289955,0.36001346294933456,0.4016552615269834
4of12_g245,4/12,4,12,1,play banjos,0.8,0.35221780878724673,0.3599897071775976,0.39793943561205736
4of12_g245,4/12,4,12,1,ride lions,0.86,0.3488331305517895,0.2309378082750198,0.27515425054312415
4of12_g245,4/12,4,12,1,scream out windows,0.42,0.3324228870569888,0.2866733704270187,0.33470981514585213
4of12_g245,4/12,4,12,1,sing beautiful songs,0.86,0.34639312100565084,0.5974766773627231,0.6419123783641953
4of12_g245,4/12,4,12,1,smell garbage for fun,0.5,0.3481116464496885,0.2532259864116167,0.30452099113902165
4of12_g245,4/12,4,12,1,smile when they are sad,0.19,0.31860136889119467,0.3587947670826003,0.38456050024948124
4of12_g245,4/12,4,12,1,wash their clothes in ponds,0.995,0.35576853450648777,0.4796122249514438,0.5125887986974342
4of12_g245,4/12,4,12,1,yell at stray cats,0.12,0.3364141395307448,0.22897893365893074,0.27152326104109925
4of12_g246,4/12,4,12,1,chug maple syrup,0.5,0.38721659687317017,0.3576167789093958,0.39084773719049576
4of12_g246,4/12,4,12,1,clap three times before entering a room,0.9,0.3295745236005272,0.3760540352133361,0.4208594838660368
4of12_g246,4/12,4,12,1,dance around a fire on their 10th birthday,0.995,0.34964749596701156,0.4925647495062887,0.5334812033065386
4of12_g246,4/12,4,12,1,farm potatoes,0.25,0.36956502528803775,0.3983842715929511,0.42278412642897933
4of12_g246,4/12,4,12,1,go to the opera,0.75,0.3823249403418812,0.37550739060863114,0.4031239340380743
4of12_g246,4/12,4,12,1,live in caves,0.2,0.3368795356489089,0.30503537818152393,0.3398501625410154
4of12_g246,4/12,4,12,1,look to their left when spoken to,0.75,0.33208616371909166,0.39094148308261467,0.41901733522744367
4of12_g246,4/12,4,12,1,paint their hands yellow,0.67,0.32407694645499063,0.3586586879460876,0.39725323559813136
4of12_g246,4/12,4,12,1,play banjos,0.5,0.3831042280375212,0.3657660562465109,0.3966905309701957
4of12_g246,4/12,4,12,1,ride lions,0.85,0.36509859329399946,0.2346299560194137,0.2702894187571832
4of12_g246,4/12,4,12,1,scream out windows,0.15,0.3477986962645883,0.29100844319082686,0.33632687879766365
4of12_g246,4/12,4,12,1,sing beautiful songs,0.65,0.3899504402028505,0.6073020235306341,0.6466714981904614
4of12_g246,4/12,4,12,1,smell garbage for fun,0.995,0.35263218226557497,0.25444857673219856,0.29473399393832
4of12_g246,4/12,4,12,1,smile when they are sad,0.4,0.3288129633382283,0.3606172610745083,0.38904883471278523
4of12_g246,4/12,4,12,1,wash their clothes in ponds,0.8,0.33156570657937984,0.47529064775899355,0.49742781842472117
4of12_g246,4/12,4,12,1,yell at stray cats,0.75,0.3518843416950364,0.23270339001887405,0.27119861852391186
8of12_g247,8/12,8,12,1,chug maple syrup,0.08,0.6549276808817613,0.4160442587588004,0.3673472390230293
8of12_g247,8/12,8,12,1,clap three times before entering a room,0.1,0.6753444062233838,0.4719204119213657,0.41119017534725666
8of12_g247,8/12,8,12,1,dance around a fire on their 10th birthday,0.08,0.6697178082963056,0.57390038594372,0.5170992336439856
8of12_g247,8/12,8,12,1,farm potatoes,0.34,0.6536403118730996,0.44647475881523535,0.41070526778481076
8of12_g247,8/12,8,12,1,go to the opera,0.24,0.6705969589010772,0.42104970810861986,0.38256875933526957
8of12_g247,8/12,8,12,1,live in caves,0.05,0.6581481130730777,0.38610759804808537,0.336003481240858
8of12_g247,8/12,8,12,1,look to their left when spoken to,0.19,0.6720791665714276,0.4516020855076093,0.41305424172265515
8of12_g247,8/12,8,12,1,paint their hands yellow,0.1,0.6667548070168341,0.44960491836275895,0.3956824558330061
8of12_g247,8/12,8,12,1,play banjos,0.14,0.6644772353098771,0.41838817133874695,0.3744193369164382
8of12_g247,8/12,8,12,1,ride lions,0.03,0.6633446826632521,0.30232975919079075,0.251648638878384
8of12_g247,8/12,8,12,1,scream out windows,0.19,0.6700289953355694,0.38185841240649343,0.3190256321992656
8of12_g247,8/12,8,12,1,sing beautiful songs,0.76,0.6688087560204049,0.6702048728153593,0.6149047421144631
8of12_g247,8/12,8,12,1,smell garbage for fun,0.02,0.6611754329435658,0.3378948775963796,0.2803644769319743
8of12_g247,8/12,8,12,1,smile when they are sad,0.05,0.6741676134354825,0.4222537447935217,0.3835411636273487
8of12_g247,8/12,8,12,1,wash their clothes in ponds,0.55,0.6500653621650295,0.5321608966211347,0.49949271093132014
8of12_g247,8/12,8,12,1,yell at stray cats,0.04,0.6684441121486568,0.30891526093350147,0.25522474517182436
0of12_g248,0/12,0,12,1,chug maple syrup,0.65,0.05236771489883434,0.28453659107704105,0.28146466230338835
0of12_g248,0/12,0,12,1,clap three times before entering a room,0.08,0.051561216779005214,0.29897349771994347,0.29511279607660557
0of12_g248,0/12,0,12,1,dance around a fire on their 10th birthday,0.36,0.050390415261009625,0.41651813043532426,0.4130292714568631
0of12_g248,0/12,0,12,1,farm potatoes,0.24,0.05158631759118414,0.3445543479720693,0.3422164536073078
0of12_g248,0/12,0,12,1,go to the opera,0.38,0.052419337088925946,0.323387639952755,0.32112549623531433
0of12_g248,0/12,0,12,1,live in caves,0.02,0.050362869167592764,0.2327328132477022,0.22933437277958527
0of12_g248,0/12,0,12,1,look to their left when spoken to,0.18,0.05062216913525414,0.34072346291995737,0.33827755881960014
0of12_g248,0/12,0,12,1,paint their hands yellow,0.06,0.05018514084698509,0.2859681814125661,0.2823870014002349
0of12_g248,0/12,0,12,1,play banjos,0.33,0.05167724902961236,0.30378289445322343,0.3011498986693525
0of12_g248,0/12,0,12,1,ride lions,0.01,0.05059216159110871,0.16323916740103678,0.16011733721138785
0of12_g248,0/12,0,12,1,scream out windows,0.41,0.05038749133945476,0.20715599700639536,0.20328690432801672
0of12_g248,0/12,0,12,1,sing beautiful songs,0.39,0.0527682790430847,0.5312429015254387,0.5279949795049885
0of12_g248,0/12,0,12,1,smell garbage for fun,0.04,0.050251414870580276,0.17266893502511582,0.16899510930578368
0of12_g248,0/12,0,12,1,smile when they are sad,0.33,0.05118472224718159,0.3110681133878397,0.3085999013061457
0of12_g248,0/12,0,12,1,wash their clothes in ponds,0.15,0.051718345458282716,0.4253220252149403,0.4229014355607787
0of12_g248,0/12,0,12,1,yell at stray cats,0.005,0.05031110499292617,0.16009953213158465,0.1567997187393465
0of12_g249,0/12,0,12,1,chug maple syrup,0.01,0.05203612555572923,0.2844642222779145,0.28811864015365224
0of12_g249,0/12,0,12,1,clap three times before entering a room,0.995,0.051771336351983784,0.29903175439049007,0.3073939885854628
0of12_g249,0/12,0,12,1,dance around a fire on their 10th birthday,0.11,0.050405990068988535,0.41652208827480697,0.4227872017231033
0of12_g249,0/12,0,12,1,farm potatoes,0.23,0.051271789194717005,0.3445011021441299,0.3473402351743904
0of12_g249,0/12,0,12,1,go to the opera,0.24,0.0524010773178826,0.3233847552041953,0.3272738993176843
0of12_g249,0/12,0,12,1,live in caves,0.09,0.05020771256655509,0.23269365943386233,0.23774169485357485
0of12_g249,0/12,0,12,1,look to their left when spoken to,0.5,0.050739506630132054,0.3407443979482274,0.3456168526578105
0of12_g249,0/12,0,12,1,paint their hands yellow,0.11,0.050219569038987964,0.2859773186071242,0.2925557540603395
0of12_g249,0/12,0,12,1,play banjos,0.16,0.051524015572273756,0.30375423687620057,0.3076638252838168
0of12_g249,0/12,0,12,1,ride lions,0.04,0.05044953187321652,0.16320679143980252,0.1679065075053435
0of12_g249,0/12,0,12,1,scream out windows,0.08,0.05041421302849502,0.20716353094914905,0.2141938535768407
0of12_g249,0/12,0,12,1,sing beautiful songs,0.25,0.05270050703529451,0.5312276140043216,0.5365214871762738
0of12_g249,0/12,0,12,1,smell garbage for fun,0.04,0.05010001412958949,0.17262798831260143,0.17810579486850023
0of12_g249,0/12,0,12,1,smile when they are sad,0.24,0.05136514684258807,0.3111003143083548,0.3163111009468348
0of12_g249,0/12,0,12,1,wash their clothes in ponds,0.5,0.05146139769148293,0.4252761454684909,0.4284484758046454
0of12_g249,0/12,0,12,1,yell at stray cats,0.1,0.0502948886035372,0.1600956280304001,0.16582553486354892
0of12_g250,0/12,0,12,1,chug maple syrup,0.15,0.051980360323328215,0.28445205161264503,0.2810702491194108
0of12_g250,0/12,0,12,1,clap three times before entering a room,0.12,0.05168121406884237,0.2990067675504568,0.29471399536040055
0of12_g250,0/12,0,12,1,dance around a fire on their 10th birthday,0.2,0.05032350150808577,0.4165011264444172,0.41263698913516844
0of12_g250,0/12,0,12,1,farm potatoes,0.07,0.05130850552554672,0.34450731777189475,0.3419314130974812
0of12_g250,0/12,0,12,1,go to the opera,0.2,0.052154338822578694,0.3233457745117619,0.32084470433679885
0of12_g250,0/12,0,12,1,live in caves,0.01,0.050324867115668304,0.23272322341873825,0.22896560352030773
0of12_g250,0/12,0,12,1,look to their left when spoken to,0.1,0.050693078217689855,0.34073611432049167,0.33802064790687764
0of12_g250,0/12,0,12,1,paint their hands yellow,0.07,0.05027918214427624,0.28599313984284835,0.28202036908087214
0of12_g250,0/12,0,12,1,play banjos,0.1,0.051366216655947934,0.3037247254713334,0.30081931420815555
0of12_g250,0/12,0,12,1,ride lions,0.01,0.05038793270462753,0.16319280885381854,0.159745230460846
0of12_g250,0/12,0,12,1,scream out windows,0.13,0.05033490859775634,0.20714117176966762,0.2028548049070191
0of12_g250,0/12,0,12,1,sing beautiful songs,0.65,0.05244367899969058,0.5311696805868859,0.5275821123159341
0of12_g250,0/12,0,12,1,smell garbage for fun,0.05,0.05011766342799278,0.17263276160989888,0.1685737963918758
0of12_g250,0/12,0,12,1,smile when they are sad,0.09,0.05129820187417031,0.3110883664383759,0.3083450498686206
0of12_g250,0/12,0,12,1,wash their clothes in ponds,0.04,0.05169496298573874,0.42531785011770146,0.42264381512647453
0of12_g250,0/12,0,12,1,yell at stray cats,0.18,0.050221176046053376,0.1600778817074618,0.156425181469615
0of12_g251,0/12,0,12,1,chug maple syrup,0.6,0.05239783811832568,0.28454316541745855,0.29362085816563366
0of12_g251,0/12,0,12,1,clap three times before entering a room,0.56,0.0523931181732354,0.29920414641565474,0.31085049790595326
0of12_g251,0/12,0,12,1,dance around a fire on their 10th birthday,0.5,0.05093802945004957,0.4166572890728861,0.4271921347651575
0of12_g251,0/12,0,12,1,farm potatoes,0.5,0.05140250362477475,0.3445232305056076,0.3512694210493796
0of12_g251,0/12,0,12,1,go to the opera,0.6,0.05335909645961796,0.3235361067371746,0.3306253996997982
0of12_g251,0/12,0,12,1,live in caves,0.47,0.050179876561479195,0.23268663500980624,0.2423216546274349
0of12_g251,0/12,0,12,1,look to their left when spoken to,0.62,0.05121291088941609,0.34082886141458646,0.3481360395849028
0of12_g251,0/12,0,12,1,paint their hands yellow,0.59,0.05039331143948445,0.2860234296000048,0.29639092399900335
0of12_g251,0/12,0,12,1,play banjos,0.5,0.05220094622780166,0.3038808358105119,0.31194106212339057
0of12_g251,0/12,0,12,1,ride lions,0.59,0.050877635698193674,0.16330396805240846,0.1726435085069217
0of12_g251,0/12,0,12,1,scream out windows,0.63,0.050941677333978586,0.20731224482259203,0.2189864495745376
0of12_g251,0/12,0,12,1,sing beautiful songs,0.73,0.05366950911088686,0.531446194509403,0.5416281187683639
0of12_g251,0/12,0,12,1,smell garbage for fun,0.64,0.050322460674756105,0.1726881495421645,0.18343371079591736
0of12_g251,0/12,0,12,1,smile when they are sad,0.39,0.051915025791226616,0.31119845285913333,0.3186037927201707
0of12_g251,0/12,0,12,1,wash their clothes in ponds,0.49,0.051122825076529266,0.42521569105815593,0.4317960701083796
0of12_g251,0/12,0,12,1,yell at stray cats,0.65,0.050793549570461984,0.16021568082544407,0.17015403410176336
0of12_g252,0/12,0,12,1,chug maple syrup,0.89,0.052099145474635025,0.2844779762659334,0.3710364463877768
0of12_g252,0/12,0,12,1,clap three times before entering a room,0.995,0.05163935369778972,0.2989951615595879,0.390431861247314
0of12_g252,0/12,0,12,1,dance around a fire on their 10th birthday,0.85,0.05034273949933492,0.4165060151648069,0.5065495844092477
0of12_g252,0/12,0,12,1,farm potatoes,0.94,0.051375793537423026,0.34451870881303126,0.41044602713572664
0of12_g252,0/12,0,12,1,go to the opera,0.34,0.05226733514139478,0.32336362610295544,0.3814659492780166
0of12_g252,0/12,0,12,1,live in caves,0.98,0.05029962121020612,0.23271685260708036,0.3245965604867176
0of12_g252,0/12,0,12,1,look to their left when spoken to,0.58,0.05066009858855923,0.34073023018713,0.40118362978882227
0of12_g252,0/12,0,12,1,paint their hands yellow,0.75,0.050219934396815435,0.2859774155725865,0.37698020784149877
0of12_g252,0/12,0,12,1,play banjos,0.995,0.0514784315280913,0.30374571179114507,0.37487053403968673
0of12_g252,0/12,0,12,1,ride lions,0.995,0.05044858890273696,0.163206577392014,0.24804720291331295
0of12_g252,0/12,0,12,1,scream out windows,0.995,0.0503488455909951,0.20714510118105556,0.30658375735273413
0of12_g252,0/12,0,12,1,sing beautiful songs,0.51,0.05257774593061302,0.5311999224390076,0.6156585855865889
0of12_g252,0/12,0,12,1,smell garbage for fun,0.98,0.05014137787929211,0.1726391752431046,0.2727324607067315
0of12_g252,0/12,0,12,1,smile when they are sad,0.51,0.05125449084128686,0.31108056519879246,0.3703452890440091
0of12_g252,0/12,0,12,1,wash their clothes in ponds,0.995,0.05164456762922451,0.4253088516889239,0.4912308162678764
0of12_g252,0/12,0,12,1,yell at stray cats,0.14,0.0502464790469318,0.1600839734134102,0.24626653975929802
0of12_g253,0/12,0,12,1,chug maple syrup,0.07,0.05196534665695045,0.28444877490599313,0.2827051463250616
0of12_g253,0/12,0,12,1,clap three times before entering a room,0.1,0.05205516569276717,0.29911044745160326,0.29702462984086875
0of12_g253,0/12,0,12,1,dance around a fire on their 10th birthday,0.15,0.05055661414521994,0.41656036456795614,0.41463726653401634
0of12_g253,0/12,0,12,1,farm potatoes,0.25,0.05119651659709098,0.34448835940984335,0.343183004999142
0of12_g253,0/12,0,12,1,go to the opera,0.15,0.05256101219471673,0.32341002232854715,0.3221254176616534
0of12_g253,0/12,0,12,1,live in caves,0.1,0.05021611976278657,0.23269578099230043,0.23085549962444674
0of12_g253,0/12,0,12,1,look to their left when spoken to,0.49,0.050951366835471086,0.34078219745462296,0.33945752088628517
0of12_g253,0/12,0,12,1,paint their hands yellow,0.75,0.05035749086658649,0.2860139228694822,0.2840948032414699
0of12_g253,0/12,0,12,1,play banjos,0.31,0.05157985518411057,0.30376467994787004,0.30227061613479506
0of12_g253,0/12,0,12,1,ride lions,0.02,0.05049485042721932,0.16321707843867814,0.16147435560621937
0of12_g253,0/12,0,12,1,scream out windows,0.6,0.05057159692589849,0.20720790394037725,0.2050790280096221
0of12_g253,0/12,0,12,1,sing beautiful songs,0.5,0.05282998747437303,0.5312568212686658,0.5294012871874496
0of12_g253,0/12,0,12,1,smell garbage for fun,0.35,0.05012649089308359,0.1726351490201119,0.1706102561837861
0of12_g253,0/12,0,12,1,smile when they are sad,0.15,0.05162394301183096,0.3111465024395051,0.30981419184490666
0of12_g253,0/12,0,12,1,wash their clothes in ponds,0.75,0.05139160436764137,0.42526368340259485,0.42396665989477766
0of12_g253,0/12,0,12,1,yell at stray cats,0.4,0.05042309230232517,0.16012649311388433,0.15830428288405946
8of12_g254,8/12,8,12,1,chug maple syrup,0.68,0.6891751458377642,0.42351870859721585,0.4345709439974835
8of12_g254,8/12,8,12,1,clap three times before entering a room,0.65,0.6552162228372771,0.4663397754694469,0.4791461971550361
8of12_g254,8/12,8,12,1,dance around a fire on their 10th birthday,0.78,0.6700149680125593,0.5739758995846733,0.5862622529581871
8of12_g254,8/12,8,12,1,farm potatoes,0.74,0.6821263979055785,0.4512971063443916,0.45977171883881723
8of12_g254,8/12,8,12,1,go to the opera,0.63,0.6825799142702617,0.42294282128949395,0.43074690815300654
8of12_g254,8/12,8,12,1,live in caves,0.63,0.6661672664999884,0.3881312337705165,0.40030699338886677
8of12_g254,8/12,8,12,1,look to their left when spoken to,0.8,0.65940230025637,0.449340314409142,0.45771909659769927
8of12_g254,8/12,8,12,1,paint their hands yellow,0.66,0.6572302290493257,0.4470771085385866,0.45952489897740195
8of12_g254,8/12,8,12,1,play banjos,0.6,0.6860180765271122,0.42241671919664336,0.43178243233089325
8of12_g254,8/12,8,12,1,ride lions,0.53,0.6793404979068166,0.30596069881466054,0.31721422724719334
8of12_g254,8/12,8,12,1,scream out windows,0.65,0.6689551991694044,0.38155566512009226,0.39515080917196416
8of12_g254,8/12,8,12,1,sing beautiful songs,0.54,0.6861712354458056,0.6741213758011253,0.6853489579777404
8of12_g254,8/12,8,12,1,smell garbage for fun,0.49,0.6740884467261522,0.34138723476445004,0.354669584190524
8of12_g254,8/12,8,12,1,smile when they are sad,0.27,0.6558748602492808,0.41898898208185775,0.4272633430591668
8of12_g254,8/12,8,12,1,wash their clothes in ponds,0.64,0.6625078915263792,0.5343825936586193,0.5429226854560515
8of12_g254,8/12,8,12,1,yell at stray cats,0.48,0.6716955251507384,0.30969803970431525,0.3213980281634722
8of12_g255,8/12,8,12,1,chug maple syrup,0.05,0.6694429188235129,0.4192121842688393,0.3917057078159421
8of12_g255,8/12,8,12,1,clap three times before entering a room,0.5,0.6539551663407108,0.4659901414405,0.43125444200550467
8of12_g255,8/12,8,12,1,dance around a fire on their 10th birthday,0.9,0.6613717293496438,0.5717794968242524,0.5395601573863518
8of12_g255,8/12,8,12,1,farm potatoes,0.05,0.6689305814294493,0.4490632152824076,0.42787743564130165
8of12_g255,8/12,8,12,1,go to the opera,0.05,0.6620475799087528,0.4196990444734804,0.399511683775577
8of12_g255,8/12,8,12,1,live in caves,0.1,0.6647760678856858,0.3877801643916152,0.35644870750851415
8of12_g255,8/12,8,12,1,look to their left when spoken to,0.5,0.6574624211448049,0.4489942065935341,0.4265756538913077
8of12_g255,8/12,8,12,1,paint their hands yellow,0.1,0.6595504517764258,0.44769289244248656,0.4146427989286996
8of12_g255,8/12,8,12,1,play banjos,0.05,0.666043576720877,0.4186811070357507,0.3948343798467886
8of12_g255,8/12,8,12,1,ride lions,0.1,0.6659233316773107,0.3029150947137779,0.2741176425255619
8of12_g255,8/12,8,12,1,scream out windows,0.1,0.6609825094084584,0.37930783609396934,0.34358298230807477
8of12_g255,8/12,8,12,1,sing beautiful songs,0.9,0.6633079728425417,0.6689640457875885,0.6401374959645427
8of12_g255,8/12,8,12,1,smell garbage for fun,0.25,0.6657639971857897,0.33913586637655835,0.30508947632002525
8of12_g255,8/12,8,12,1,smile when they are sad,0.25,0.6550536028707521,0.41884240980600584,0.3964771649930543
8of12_g255,8/12,8,12,1,wash their clothes in ponds,0.75,0.6652421855778267,0.534870820193377,0.5131576429982135
8of12_g255,8/12,8,12,1,yell at stray cats,0.1,0.6623844101171165,0.30745638563691186,0.27692074776434483
4of12_g256,4/12,4,12,1,chug maple syrup,0.56,0.3267376774209096,0.34441735961490993,0.3665343597334104
4of12_g256,4/12,4,12,1,clap three times before entering a room,0.6,0.3518383094321196,0.38222677779949804,0.41343619886030397
4of12_g256,4/12,4,12,1,dance around a fire on their 10th birthday,0.61,0.34120800901361564,0.4904201237283951,0.5182255991072566
4of12_g256,4/12,4,12,1,farm potatoes,0.72,0.32554544371385613,0.39093229239873284,0.40831214644445607
4of12_g256,4/12,4,12,1,go to the opera,0.37,0.3437966258711114,0.36942053993496127,0.3862083947306857
4of12_g256,4/12,4,12,1,live in caves,0.71,0.33082444706123504,0.30350737479810164,0.33053277606885845
4of12_g256,4/12,4,12,1,look to their left when spoken to,0.57,0.34598096770897696,0.3934205552209602,0.4133349836082917
4of12_g256,4/12,4,12,1,paint their hands yellow,0.78,0.34037633384137045,0.3629845228233739,0.39240176381816405
4of12_g256,4/12,4,12,1,play banjos,0.79,0.33545499669361684,0.3568547418310223,0.37642201441766454
4of12_g256,4/12,4,12,1,ride lions,0.34,0.3335292872928393,0.22746394151422616,0.25155457518842295
4of12_g256,4/12,4,12,1,scream out windows,0.99,0.34171002038775655,0.28929179513641007,0.320218703967655
4of12_g256,4/12,4,12,1,sing beautiful songs,0.43,0.3419767532018459,0.5964804649401738,0.6201614566118908
4of12_g256,4/12,4,12,1,smell garbage for fun,0.53,0.3318291500269574,0.24882234415943472,0.2776687197139699
4of12_g256,4/12,4,12,1,smile when they are sad,0.9,0.34980324560482545,0.3643634599191403,0.38442268066800256
4of12_g256,4/12,4,12,1,wash their clothes in ponds,0.84,0.3267467332684569,0.47443018776587903,0.4931460165466487
4of12_g256,4/12,4,12,1,yell at stray cats,0.26,0.3394721442460854,0.2297151493198402,0.25592439990452787
0of12_g257,0/12,0,12,1,chug maple syrup,0.5,0.052593384299954575,0.2845858430325041,0.37026740301527283
0of12_g257,0/12,0,12,1,clap three times before entering a room,0.75,0.05173408786398482,0.2990214270665623,0.3935082186799207
0of12_g257,0/12,0,12,1,dance around a fire on their 10th birthday,0.995,0.050590306592525794,0.4165689264262079,0.5082387489716931
0of12_g257,0/12,0,12,1,farm potatoes,0.995,0.05167197122745951,0.3445688480898035,0.4088254516792219
0of12_g257,0/12,0,12,1,go to the opera,0.005,0.05287756890748638,0.32346003317036165,0.38422564923188374
0of12_g257,0/12,0,12,1,live in caves,0.995,0.05030099273244337,0.23271719871111973,0.32171066529188946
0of12_g257,0/12,0,12,1,look to their left when spoken to,0.5,0.05074771613173113,0.3407458626645846,0.40229290015521035
0of12_g257,0/12,0,12,1,paint their hands yellow,0.5,0.05016982702059149,0.28596411714421366,0.3761618941923601
0of12_g257,0/12,0,12,1,play banjos,0.01,0.05202383597007367,0.3038477128167446,0.37637448051141353
0of12_g257,0/12,0,12,1,ride lions,0.995,0.05079113010657823,0.16328433188035343,0.24837577832442026
0of12_g257,0/12,0,12,1,scream out windows,0.01,0.050580399273450094,0.2072103856840444,0.3084546657105094
0of12_g257,0/12,0,12,1,sing beautiful songs,0.5,0.05325156231963759,0.5313519170841741,0.6194891387902504
0of12_g257,0/12,0,12,1,smell garbage for fun,0.995,0.050334169833484106,0.17269131631369466,0.27153351532177317
0of12_g257,0/12,0,12,1,smile when they are sad,0.995,0.051328519990835576,0.31109377740389704,0.3719403116545218
0of12_g257,0/12,0,12,1,wash their clothes in ponds,0.995,0.05150978438529741,0.42528478523707647,0.48743863107024626
0of12_g257,0/12,0,12,1,yell at stray cats,0.995,0.05050395359494707,0.1601459604972049,0.24754420620274747
4of12_g258,4/12,4,12,1,chug maple syrup,0.08,0.3810980935925532,0.35628142617844466,0.3476893432130643
4of12_g258,4/12,4,12,1,clap three times before entering a room,0.25,0.3282488246924632,0.3756864787623293,0.3683327106222418
4of12_g258,4/12,4,12,1,dance around a fire on their 10th birthday,0.9,0.34652717038623665,0.49177181852447605,0.48391984545496514
4of12_g258,4/12,4,12,1,farm potatoes,0.1,0.36444625252811697,0.39751772568899746,0.3899869846196635
4of12_g258,4/12,4,12,1,go to the opera,0.6,0.37739817584796725,0.37472904148563635,0.37138010798524146
4of12_g258,4/12,4,12,1,live in caves,0.1,0.33403845777180924,0.3043184313448399,0.2928647327953945
4of12_g258,4/12,4,12,1,look to their left when spoken to,0.5,0.33029455241825056,0.39062182879588325,0.38511639893287997
4of12_g258,4/12,4,12,1,paint their hands yellow,0.09,0.322499050361189,0.35823991650434583,0.3480800190854739
4of12_g258,4/12,4,12,1,play banjos,0.34,0.37767546129119245,0.36475077339722994,0.35921962651838807
4of12_g258,4/12,4,12,1,ride lions,0.03,0.36064033546407115,0.2336179622721974,0.22557778855041477
4of12_g258,4/12,4,12,1,scream out windows,0.05,0.3448176481293267,0.29016796316117177,0.2814658236889674
4of12_g258,4/12,4,12,1,sing beautiful songs,0.995,0.38448073713431297,0.6060682073299456,0.6012322946214181
4of12_g258,4/12,4,12,1,smell garbage for fun,0.06,0.34885059243732375,0.2534258362189649,0.24255375918863933
4of12_g258,4/12,4,12,1,smile when they are sad,0.75,0.3274250683784719,0.36036955928428593,0.35529959823292184
4of12_g258,4/12,4,12,1,wash their clothes in ponds,0.05,0.3289010928513605,0.4748148631131505,0.46542682141428215
4of12_g258,4/12,4,12,1,yell at stray cats,0.02,0.3485363709359581,0.23189736493567664,0.22417197094501892
0of12_g259,0/12,0,12,1,chug maple syrup,0.84,0.052499302593631086,0.2845653098632453,0.3321849942252454
0of12_g259,0/12,0,12,1,clap three times before entering a room,0.49,0.051411050871310274,0.29893186349383166,0.3619544154838058
0of12_g259,0/12,0,12,1,dance around a fire on their 10th birthday,0.41,0.050347552148091994,0.41650723814561624,0.4734881948365304
0of12_g259,0/12,0,12,1,farm potatoes,0.82,0.05166564596128974,0.34456777729925503,0.3793166498274374
0of12_g259,0/12,0,12,1,go to the opera,0.83,0.05247280016405419,0.3233960862541136,0.36264485747484976
0of12_g259,0/12,0,12,1,live in caves,0.12,0.05031697829593067,0.23272123267276057,0.28188379399859903
0of12_g259,0/12,0,12,1,look to their left when spoken to,0.81,0.05050391775502004,0.34070236483881333,0.3799431568777163
0of12_g259,0/12,0,12,1,paint their hands yellow,0.82,0.050061327017670576,0.2859353213934474,0.3400870764918974
0of12_g259,0/12,0,12,1,play banjos,0.51,0.05176214563955205,0.30379877173733993,0.34757277054334607
0of12_g259,0/12,0,12,1,ride lions,0.11,0.05062627479119184,0.16324691086193532,0.21316873733390518
0of12_g259,0/12,0,12,1,scream out windows,0.72,0.05033684318386079,0.2071417172090274,0.27026023977911817
0of12_g259,0/12,0,12,1,sing beautiful songs,0.88,0.052853078282690175,0.5312620299268017,0.5875302801077233
0of12_g259,0/12,0,12,1,smell garbage for fun,0.1,0.05025228472810267,0.1726691702802782,0.22904331204674355
0of12_g259,0/12,0,12,1,smile when they are sad,0.995,0.05104025122822981,0.31104232921031383,0.35095291021439845
0of12_g259,0/12,0,12,1,wash their clothes in ponds,0.51,0.05167040538798854,0.4253134651939786,0.45746664112767743
0of12_g259,0/12,0,12,1,yell at stray cats,0.89,0.050281714268123154,0.16009245630473032,0.21370046858727926
4of12_g260,4/12,4,12,1,chug maple syrup,0.15,0.3396979034824916,0.34724590647863457,0.322658165266663
4of12_g260,4/12,4,12,1,clap three times before entering a room,0.05,0.3181446845335734,0.37288505690500867,0.34335826630045074
4of12_g260,4/12,4,12,1,dance around a fire on their 10th birthday,0.18,0.323711166962586,0.48597386073852555,0.4581825884409914
4of12_g260,4/12,4,12,1,farm potatoes,0.13,0.3492627195969649,0.39494733843288515,0.37590682456783714
4of12_g260,4/12,4,12,1,go to the opera,0.07,0.3088569196293654,0.3639006313327632,0.3466826282554254
4of12_g260,4/12,4,12,1,live in caves,0.05,0.35275792397198874,0.30904229413818707,0.28111177515658886
4of12_g260,4/12,4,12,1,look to their left when spoken to,0.07,0.3248963528864747,0.3896586971053464,0.3704042600669877
4of12_g260,4/12,4,12,1,paint their hands yellow,0.13,0.33949496194795453,0.36275060794142044,0.33388841150641724
4of12_g260,4/12,4,12,1,play banjos,0.35,0.3218586584818026,0.3543119674506692,0.33355497367107656
4of12_g260,4/12,4,12,1,ride lions,0.02,0.3313893254939981,0.22697818496036082,0.20173100719676262
4of12_g260,4/12,4,12,1,scream out windows,0.32,0.3237218291685357,0.28422018448023223,0.2534270380625538
4of12_g260,4/12,4,12,1,sing beautiful songs,0.75,0.30969081371446366,0.5891976353798056,0.5645098449422647
4of12_g260,4/12,4,12,1,smell garbage for fun,0.03,0.340680069080528,0.2512160975559061,0.22112993655461188
4of12_g260,4/12,4,12,1,smile when they are sad,0.2,0.32121772023833844,0.3592617151812173,0.3401722740940769
4of12_g260,4/12,4,12,1,wash their clothes in ponds,0.03,0.37072300261471897,0.482282445493291,0.46260893005574505
4of12_g260,4/12,4,12,1,yell at stray cats,0.27,0.32564893461832434,0.22638720696548753,0.19995680332230809
8of12_g261,8/12,8,12,1,chug maple syrup,0.005,0.6874238152814497,0.42313648374026736,0.39450801430506743
8of12_g261,8/12,8,12,1,clap three times before entering a room,0.005,0.6407600945494847,0.4623317437991793,0.4245423182342589
8of12_g261,8/12,8,12,1,dance around a fire on their 10th birthday,0.005,0.6600108301175037,0.571433667795725,0.5367485403922032
8of12_g261,8/12,8,12,1,farm potatoes,0.4,0.6819906049088734,0.4512741182434151,0.4303365955182561
8of12_g261,8/12,8,12,1,go to the opera,0.05,0.6704287449635276,0.4210231330265495,0.3974344853679461
8of12_g261,8/12,8,12,1,live in caves,0.1,0.6643066984175551,0.38766171886848305,0.3579684382003079
8of12_g261,8/12,8,12,1,look to their left when spoken to,0.25,0.6477998724726713,0.4472702416339757,0.42352978339438563
8of12_g261,8/12,8,12,1,paint their hands yellow,0.005,0.6497184827111329,0.44508350144595227,0.41233244124166757
8of12_g261,8/12,8,12,1,play banjos,0.15,0.6784010884241256,0.4209921972480132,0.39450677422941305
8of12_g261,8/12,8,12,1,ride lions,0.05,0.6733649022599871,0.30460427985883237,0.27420022650209674
8of12_g261,8/12,8,12,1,scream out windows,0.005,0.6587585961229757,0.37868082350667726,0.3402730214962627
8of12_g261,8/12,8,12,1,sing beautiful songs,0.5,0.6749469511870394,0.6715894826460365,0.6378347101540294
8of12_g261,8/12,8,12,1,smell garbage for fun,0.2,0.6699702119507039,0.34027344777560403,0.3059512290043883
8of12_g261,8/12,8,12,1,smile when they are sad,0.35,0.642487430438357,0.41659968719514334,0.39259565779875844
8of12_g261,8/12,8,12,1,wash their clothes in ponds,0.005,0.6654709854595534,0.5349116739462311,0.5159332143164099
8of12_g261,8/12,8,12,1,yell at stray cats,0.005,0.6625903423759116,0.30750596389728896,0.27484081612411343
4of12_g262,4/12,4,12,1,chug maple syrup,0.8,0.3409121376452568,0.3475109109790651,0.41835084538494816
4of12_g262,4/12,4,12,1,clap three times before entering a room,0.96,0.32237330926904456,0.3740574636188974,0.465231390366126
4of12_g262,4/12,4,12,1,dance around a fire on their 10th birthday,0.9,0.32724198365219825,0.4868711049112312,0.5710884867614787
4of12_g262,4/12,4,12,1,farm potatoes,0.995,0.34514134314396727,0.39424963957976167,0.4470574974545801
4of12_g262,4/12,4,12,1,go to the opera,0.81,0.3212611279437646,0.3658602956672131,0.4214823723113029
4of12_g262,4/12,4,12,1,live in caves,0.995,0.3441458304767996,0.3068690298153849,0.3827652778486491
4of12_g262,4/12,4,12,1,look to their left when spoken to,0.93,0.32653448430108517,0.3899509679392399,0.44786528626985117
4of12_g262,4/12,4,12,1,paint their hands yellow,0.87,0.3347690193449442,0.36149634930853225,0.44353592002025194
4of12_g262,4/12,4,12,1,play banjos,0.52,0.3292634855582011,0.3556968112437171,0.41946409814155217
4of12_g262,4/12,4,12,1,ride lions,0.5,0.33338934376965906,0.2274321753006458,0.30199749774792445
4of12_g262,4/12,4,12,1,scream out windows,0.89,0.3270900176811823,0.2851698152988385,0.37845135573470706
4of12_g262,4/12,4,12,1,sing beautiful songs,0.95,0.3225105082513065,0.5920894096880706,0.6716959642789494
4of12_g262,4/12,4,12,1,smell garbage for fun,0.95,0.3380007951758503,0.2504914811662881,0.3361570184403142
4of12_g262,4/12,4,12,1,smile when they are sad,0.76,0.324117731409013,0.35977928890219046,0.4180017503607078
4of12_g262,4/12,4,12,1,wash their clothes in ponds,0.83,0.35515376739918125,0.47950245416277376,0.5296591931504386
4of12_g262,4/12,4,12,1,yell at stray cats,0.995,0.3286168243286456,0.22710172740871293,0.306640490220126
4of12_g263,4/12,4,12,1,chug maple syrup,0.005,0.33688251298859195,0.3466314523854852,0.36313382090485236
4of12_g263,4/12,4,12,1,clap three times before entering a room,0.005,0.31832318287455297,0.37293454643564183,0.3909650398731027
4of12_g263,4/12,4,12,1,dance around a fire on their 10th birthday,0.005,0.3228069277705841,0.4857440772586461,0.5034364375644877
4of12_g263,4/12,4,12,1,farm potatoes,0.005,0.3451719991325937,0.3942548292653801,0.40647630399403184
4of12_g263,4/12,4,12,1,go to the opera,0.005,0.3098428286490004,0.3640563890154641,0.3759595252857761
4of12_g263,4/12,4,12,1,live in caves,0.005,0.3482602441725389,0.3079073033198695,0.324548794588903
4of12_g263,4/12,4,12,1,look to their left when spoken to,0.005,0.3240613127114335,0.3895097115684615,0.40125824125062
4of12_g263,4/12,4,12,1,paint their hands yellow,0.005,0.3368387227322433,0.3620456457260097,0.3789941734667803
4of12_g263,4/12,4,12,1,play banjos,0.005,0.32117116650963534,0.3541833933488565,0.36832925206244116
4of12_g263,4/12,4,12,1,ride lions,0.005,0.32944493325346086,0.22653682134600228,0.24297352090573604
4of12_g263,4/12,4,12,1,scream out windows,0.005,0.32283220743649943,0.28396936353880586,0.303491565178453
4of12_g263,4/12,4,12,1,sing beautiful songs,0.05,0.31059789854819836,0.5894022490396765,0.6066839303158811
4of12_g263,4/12,4,12,1,smell garbage for fun,0.005,0.33758896016156875,0.25038009934726396,0.269248765467365
4of12_g263,4/12,4,12,1,smile when they are sad,0.005,0.32096860065356114,0.35921725405921734,0.3708144904159695
4of12_g263,4/12,4,12,1,wash their clothes in ponds,0.005,0.36412371422589207,0.48110409830702633,0.4923919639387684
4of12_g263,4/12,4,12,1,yell at stray cats,0.005,0.3244725187094871,0.22610398444085106,0.24297125369096917
4of12_g264,4/12,4,12,1,chug maple syrup,0.25,0.36309018119875275,0.3523512305258625,0.3221554258231257
4of12_g264,4/12,4,12,1,clap three times before entering a room,0.06,0.32964205589264245,0.3760727588688111,0.3426468803411956
4of12_g264,4/12,4,12,1,dance around a fire on their 10th birthday,0.41,0.3405725657418646,0.4902586461375757,0.4577114285298668
4of12_g264,4/12,4,12,1,farm potatoes,0.27,0.3555630316498115,0.3960139045531418,0.3736806637203629
4of12_g264,4/12,4,12,1,go to the opera,0.28,0.35532799044146696,0.37124230907195926,0.34921289570013786
4of12_g264,4/12,4,12,1,live in caves,0.07,0.33899880882454514,0.3055701773898064,0.2750395210787274
4of12_g264,4/12,4,12,1,look to their left when spoken to,0.3,0.33179235967519677,0.3908890633853031,0.36920472702704665
4of12_g264,4/12,4,12,1,paint their hands yellow,0.1,0.3299784504429615,0.3602249389452473,0.3289910590178835
4of12_g264,4/12,4,12,1,play banjos,0.18,0.3576970140538672,0.3610144229914888,0.3350079546591973
4of12_g264,4/12,4,12,1,ride lions,0.02,0.3498530586501886,0.23116932491168923,0.2010468632995001
4of12_g264,4/12,4,12,1,scream out windows,0.51,0.33962474692748573,0.2887038708157672,0.2527787517455618
4of12_g264,4/12,4,12,1,sing beautiful songs,0.42,0.35943197529065746,0.6004178881476003,0.5684383692633874
4of12_g264,4/12,4,12,1,smell garbage for fun,0.09,0.34498262596529583,0.2523797349244198,0.21783277234388088
4of12_g264,4/12,4,12,1,smile when they are sad,0.18,0.32964669807083075,0.3607660602212913,0.3392991908952165
4of12_g264,4/12,4,12,1,wash their clothes in ponds,0.13,0.339814487631324,0.476763522919159,0.4559694246668106
4of12_g264,4/12,4,12,1,yell at stray cats,0.08,0.34202495528797616,0.23032973943441865,0.1993310268328936
4of12_g265,4/12,4,12,1,chug maple syrup,0.07,0.3048580557000499,0.3396421701155947,0.3215524994126103
4of12_g265,4/12,4,12,1,clap three times before entering a room,0.31,0.339043577919522,0.3786793764418076,0.35489910330231167
4of12_g265,4/12,4,12,1,dance around a fire on their 10th birthday,0.62,0.3238787004230372,0.48601643401103933,0.4643612479187924
4of12_g265,4/12,4,12,1,farm potatoes,0.08,0.31923404664112665,0.3898638497195771,0.3754667496306254
4of12_g265,4/12,4,12,1,go to the opera,0.75,0.2985227572016685,0.36226800077524,0.3494530951537397
4of12_g265,4/12,4,12,1,live in caves,0.03,0.3432910201252328,0.3066533181721172,0.2844869096051089
4of12_g265,4/12,4,12,1,look to their left when spoken to,0.08,0.33805213026117686,0.39200591417812003,0.37659383439801974
4of12_g265,4/12,4,12,1,paint their hands yellow,0.55,0.34880592219150663,0.36522172391699637,0.34189280543023104
4of12_g265,4/12,4,12,1,play banjos,0.47,0.3011666159461383,0.35044216112361376,0.33507110522823225
4of12_g265,4/12,4,12,1,ride lions,0.06,0.3153627607229206,0.22334026540604285,0.20415023873173685
4of12_g265,4/12,4,12,1,scream out windows,0.23,0.32526075077792393,0.28465406975185736,0.2605908484220403
4of12_g265,4/12,4,12,1,sing beautiful songs,0.82,0.2941115534301169,0.5856833781170783,0.5675301543626052
4of12_g265,4/12,4,12,1,smell garbage for fun,0.04,0.3270480270854986,0.24752927739305783,0.22423244149184451
4of12_g265,4/12,4,12,1,smile when they are sad,0.06,0.340174985788801,0.3626450754143256,0.34726996854296543
4of12_g265,4/12,4,12,1,wash their clothes in ponds,0.57,0.35547882343638576,0.47956049509753074,0.46374281502308823
4of12_g265,4/12,4,12,1,yell at stray cats,0.17,0.32274609858306413,0.22568834821635286,0.2051732736687906
0of12_g266,0/12,0,12,1,chug maple syrup,0.005,0.05207032801134759,0.284471686904543,0.2824801452738092
0of12_g266,0/12,0,12,1,clap three times before entering a room,0.11,0.0517776273537874,0.2990334986012472,0.2965025018404247
0of12_g266,0/12,0,12,1,dance around a fire on their 10th birthday,0.13,0.050424854248896554,0.416526882002996,0.4142485200108743
0of12_g266,0/12,0,12,1,farm potatoes,0.51,0.05127442076532951,0.34450154763699353,0.3429710100654633
0of12_g266,0/12,0,12,1,go to the opera,0.51,0.05247896677823747,0.32339706047943884,0.3219457470531494
0of12_g266,0/12,0,12,1,live in caves,0.08,0.05017132411741292,0.23268447679803436,0.23043143559027873
0of12_g266,0/12,0,12,1,look to their left when spoken to,0.28,0.050737783453224695,0.34074409050381416,0.3391369781932355
0of12_g266,0/12,0,12,1,paint their hands yellow,0.5,0.05018736442837247,0.28596877154799205,0.28359591972674675
0of12_g266,0/12,0,12,1,play banjos,0.66,0.05158045034342342,0.3037647912540048,0.30206656689995337
0of12_g266,0/12,0,12,1,ride lions,0.005,0.05047279712516916,0.16321207249137057,0.1611780218415932
0of12_g266,0/12,0,12,1,scream out windows,0.19,0.05043112914669201,0.20716830029834393,0.2046400661788258
0of12_g266,0/12,0,12,1,sing beautiful songs,0.87,0.052784989562307316,0.5312466709639403,0.5291679332648545
0of12_g266,0/12,0,12,1,smell garbage for fun,0.005,0.05009710190589617,0.17262720069435353,0.17021492068881597
0of12_g266,0/12,0,12,1,smile when they are sad,0.005,0.05136557320227424,0.311100390402051,0.3094796419141564
0of12_g266,0/12,0,12,1,wash their clothes in ponds,0.1,0.05139404258166482,0.42526411876205555,0.423646574750681
0of12_g266,0/12,0,12,1,yell at stray cats,0.04,0.050313095581021997,0.1601000113663364,0.1579450017913144
12of12_g267,12/12,12,12,1,chug maple syrup,0.51,0.9467670137830734,0.47973768708845405,0.47786196696363314
12of12_g267,12/12,12,12,1,clap three times before entering a room,0.45,0.9482206744107508,0.5475766805422644,0.54504662930056
12of12_g267,12/12,12,12,1,dance around a fire on their 10th birthday,0.93,0.9491748772054908,0.6449154650719674,0.6426819119999442
12of12_g267,12/12,12,12,1,farm potatoes,0.9,0.9476770607478355,0.4962516003160477,0.4947872452809368
12of12_g267,12/12,12,12,1,go to the opera,0.3,0.9469027312750332,0.464701552208606,0.46331915255895745
12of12_g267,12/12,12,12,1,live in caves,0.05,0.9491997733811078,0.45955457000596356,0.4573299031139661
12of12_g267,12/12,12,12,1,look to their left when spoken to,0.18,0.949103938212334,0.5010280719055776,0.4994267472516845
12of12_g267,12/12,12,12,1,paint their hands yellow,0.25,0.9495555204265591,0.52465983670966,0.5222829196324255
12of12_g267,12/12,12,12,1,play banjos,0.66,0.9475817597093925,0.4713341131350185,0.46972158715784496
12of12_g267,12/12,12,12,1,ride lions,0.005,0.9487960398610782,0.36712524649513356,0.3651629438382842
12of12_g267,12/12,12,12,1,scream out windows,0.8,0.9491950029154803,0.4605667873414919,0.45808399400322786
12of12_g267,12/12,12,12,1,sing beautiful songs,0.96,0.9464769881265174,0.7328392715928169,0.7308744352431417
12of12_g267,12/12,12,12,1,smell garbage for fun,0.01,0.9492135509800674,0.4157955135856956,0.4134441890114963
12of12_g267,12/12,12,12,1,smile when they are sad,0.005,0.9485901040108085,0.4712307525382095,0.469610162787136
12of12_g267,12/12,12,12,1,wash their clothes in ponds,0.74,0.9478196894528641,0.5853269280301859,0.5837270840011574
12of12_g267,12/12,12,12,1,yell at stray cats,0.05,0.9492251021288823,0.37651337844852983,0.3744057036417118
8of12_g268,8/12,8,12,1,chug maple syrup,0.13,0.6430189909188336,0.4134452078251475,0.4064868876044002
8of12_g268,8/12,8,12,1,clap three times before entering a room,0.4,0.6584934906980422,0.4672484138763839,0.45705249448570484
8of12_g268,8/12,8,12,1,dance around a fire on their 10th birthday,0.94,0.653795768356945,0.5698543085602051,0.5608903375324505
8of12_g268,8/12,8,12,1,farm potatoes,0.76,0.6523949215754284,0.44626392940125537,0.44082588984396454
8of12_g268,8/12,8,12,1,go to the opera,0.1,0.6360944837098396,0.415598874942264,0.41012944842136745
8of12_g268,8/12,8,12,1,live in caves,0.05,0.665764651496522,0.3880296337561475,0.37954911035392347
8of12_g268,8/12,8,12,1,look to their left when spoken to,0.4,0.6601984531070807,0.44948236177818,0.44304017802050183
8of12_g268,8/12,8,12,1,paint their hands yellow,0.64,0.6671761537142229,0.44971674319370425,0.4403413964434387
8of12_g268,8/12,8,12,1,play banjos,0.66,0.6401964470580557,0.4138472011643023,0.40757370451003716
8of12_g268,8/12,8,12,1,ride lions,0.43,0.6501740577551611,0.2993401182677279,0.2916637513575405
8of12_g268,8/12,8,12,1,scream out windows,0.5,0.6544624326976074,0.37746955840818874,0.3674953220658191
8of12_g268,8/12,8,12,1,sing beautiful songs,0.89,0.6332780702194841,0.662190116764905,0.6544995485811429
8of12_g268,8/12,8,12,1,smell garbage for fun,0.09,0.6573121941744902,0.33685005492103,0.32772042284141245
8of12_g268,8/12,8,12,1,smile when they are sad,0.05,0.6599148042954112,0.41971000305364703,0.41318379451815335
8of12_g268,8/12,8,12,1,wash their clothes in ponds,0.79,0.6707114248872698,0.5358473895401874,0.5300598437787944
8of12_g268,8/12,8,12,1,yell at stray cats,0.05,0.653587304223652,0.30533847944240616,0.29690983371177293
12of12_g269,12/12,12,12,1,chug maple syrup,0.995,0.9471452595211565,0.479820238564878,0.4843658502758204
12of12_g269,12/12,12,12,1,clap three times before entering a room,0.995,0.9478155246868253,0.547464350816603,0.5531430577373295
12of12_g269,12/12,12,12,1,dance around a fire on their 10th birthday,0.995,0.9490527730197109,0.6448844361971249,0.6500191722232139
12of12_g269,12/12,12,12,1,farm potatoes,0.98,0.9480161209853738,0.49630899908598974,0.49978639156773547
12of12_g269,12/12,12,12,1,go to the opera,0.25,0.9468472859679196,0.4646927927466468,0.4679937362725618
12of12_g269,12/12,12,12,1,live in caves,0.995,0.9492921083559499,0.4595778707639829,0.46464942561572664
12of12_g269,12/12,12,12,1,look to their left when spoken to,0.995,0.9488281536376005,0.5009788671916496,0.5045856713435414
12of12_g269,12/12,12,12,1,paint their hands yellow,0.995,0.9493827688070017,0.5246139886686708,0.5299318214660483
12of12_g269,12/12,12,12,1,play banjos,0.995,0.9477141167905593,0.4713588664318111,0.47522331540667767
12of12_g269,12/12,12,12,1,ride lions,0.99,0.9489011535177938,0.3671491065694947,0.3717548544301186
12of12_g269,12/12,12,12,1,scream out windows,0.995,0.9490562205945838,0.4605276588994507,0.4662228335624432
12of12_g269,12/12,12,12,1,sing beautiful songs,0.26,0.9464942123657246,0.7328431569125705,0.7375823261564286
12of12_g269,12/12,12,12,1,smell garbage for fun,0.995,0.9493191102610608,0.4158240623596565,0.4212707655530201
12of12_g269,12/12,12,12,1,smile when they are sad,0.98,0.9482251197196347,0.47116561269337387,0.47480095114021886
12of12_g269,12/12,12,12,1,wash their clothes in ponds,0.995,0.948034132677003,0.5853652183055746,0.5890104463929795
12of12_g269,12/12,12,12,1,yell at stray cats,0.99,0.9491480949395222,0.37649483894186225,0.3813546748715493
12of12_g270,12/12,12,12,1,chug maple syrup,0.17,0.9467949835593312,0.47974379144362017,0.4633861525792911
12of12_g270,12/12,12,12,1,clap three times before entering a room,0.17,0.9477397587153441,0.547443344333596,0.5281233496836324
12of12_g270,12/12,12,12,1,dance around a fire on their 10th birthday,0.57,0.9488743795721803,0.6448391032061155,0.6267919644317587
12of12_g270,12/12,12,12,1,farm potatoes,0.19,0.9478029268454268,0.49627290791387046,0.48420971824419057
12of12_g270,12/12,12,12,1,go to the opera,0.4,0.9464229851437518,0.4646257600774813,0.45229334452388226
12of12_g270,12/12,12,12,1,live in caves,0.41,0.9492825383489977,0.4595754557699178,0.4428611959173215
12of12_g270,12/12,12,12,1,look to their left when spoken to,0.65,0.9487578412647969,0.5009663222543821,0.48869548448844874
12of12_g270,12/12,12,12,1,paint their hands yellow,0.35,0.9494066984914558,0.5246203395738405,0.507115853874114
12of12_g270,12/12,12,12,1,play banjos,0.35,0.9473315795530759,0.47128732467756446,0.4570444834772704
12of12_g270,12/12,12,12,1,ride lions,0.04,0.9486573233814317,0.3670937588119637,0.35070724930013586
12of12_g270,12/12,12,12,1,scream out windows,0.39,0.9488887033654669,0.4604804289053991,0.4405241043268609
12of12_g270,12/12,12,12,1,sing beautiful songs,0.61,0.9460259819060745,0.7327375368597937,0.7148858736472046
12of12_g270,12/12,12,12,1,smell garbage for fun,0.21,0.9491778717354382,0.41578586404393636,0.3970099183410836
12of12_g270,12/12,12,12,1,smile when they are sad,0.31,0.9481635167035007,0.4711546182176952,0.45883115145075926
12of12_g270,12/12,12,12,1,wash their clothes in ponds,0.7,0.948119770985993,0.5853805095998005,0.5738929359912337
12of12_g270,12/12,12,12,1,yell at stray cats,0.54,0.9489629112890395,0.37645025591589576,0.35934824890326483
8of12_g271,8/12,8,12,1,chug maple syrup,0.995,0.6497120836003644,0.41490596369645755,0.45740231458593206
8of12_g271,8/12,8,12,1,clap three times before entering a room,0.995,0.66009069733835,0.4676912471627847,0.5193730755225523
8of12_g271,8/12,8,12,1,dance around a fire on their 10th birthday,0.995,0.6577744479031236,0.5708653627586217,0.6193005950232312
8of12_g271,8/12,8,12,1,farm potatoes,0.5,0.6557455903521113,0.4468311568286329,0.478454239149807
8of12_g271,8/12,8,12,1,go to the opera,0.995,0.6462217721047685,0.4171988227478159,0.4494910419516912
8of12_g271,8/12,8,12,1,live in caves,0.995,0.6649235521452789,0.38781738208783834,0.4324272235801154
8of12_g271,8/12,8,12,1,look to their left when spoken to,0.5,0.6616131813546452,0.4497347736426741,0.48274911888964034
8of12_g271,8/12,8,12,1,paint their hands yellow,0.995,0.6661318580849721,0.44943958857751387,0.496597740291261
8of12_g271,8/12,8,12,1,play banjos,0.995,0.6488073154536956,0.41545759767017915,0.4528866977945938
8of12_g271,8/12,8,12,1,ride lions,0.995,0.6552893597121742,0.3005012564955059,0.3441190089463868
8of12_g271,8/12,8,12,1,scream out windows,0.995,0.6581878270840538,0.3785199002484833,0.43210936012620094
8of12_g271,8/12,8,12,1,sing beautiful songs,0.995,0.6443575095280456,0.6646893368399545,0.7111716788308405
8of12_g271,8/12,8,12,1,smell garbage for fun,0.995,0.6597622816459904,0.3375126872613619,0.38768820252260705
8of12_g271,8/12,8,12,1,smile when they are sad,0.995,0.6611589770875589,0.41993205431609637,0.45298576657700396
8of12_g271,8/12,8,12,1,wash their clothes in ponds,0.995,0.6672013945068558,0.5352206500830261,0.5653048415865587
8of12_g271,8/12,8,12,1,yell at stray cats,0.995,0.6576604928005388,0.30631910095848763,0.3521995841942469
8of12_g272,8/12,8,12,1,chug maple syrup,0.61,0.6593453751430204,0.41700841287063484,0.41481149729045713
8of12_g272,8/12,8,12,1,clap three times before entering a room,0.83,0.6501348475039519,0.4649309395170375,0.4637819382709144
8of12_g272,8/12,8,12,1,dance around a fire on their 10th birthday,0.49,0.6545798171667144,0.5700535494972246,0.5683769589472112
8of12_g272,8/12,8,12,1,farm potatoes,0.65,0.6654008364823383,0.4484656724397424,0.4472658651942574
8of12_g272,8/12,8,12,1,go to the opera,0.5,0.6428444318106724,0.4166652575938062,0.41474208142353064
8of12_g272,8/12,8,12,1,live in caves,0.55,0.6692461651927198,0.388908194759871,0.38823329494015457
8of12_g272,8/12,8,12,1,look to their left when spoken to,0.63,0.6551105899978226,0.4485745994457959,0.44785070973490404
8of12_g272,8/12,8,12,1,paint their hands yellow,0.73,0.6632989636107217,0.4486877423007253,0.44818437027257696
8of12_g272,8/12,8,12,1,play banjos,0.45,0.6511535487288808,0.41589638800986695,0.41381399371958666
8of12_g272,8/12,8,12,1,ride lions,0.38,0.6580518076936711,0.30112831311513844,0.29930814590392174
8of12_g272,8/12,8,12,1,scream out windows,0.5,0.6546171108036494,0.3775131685255885,0.3757260953747267
8of12_g272,8/12,8,12,1,sing beautiful songs,0.66,0.6426716392128766,0.664309050363513,0.6613547187334475
8of12_g272,8/12,8,12,1,smell garbage for fun,0.62,0.6634049609575607,0.3384978590747692,0.33696879611606395
8of12_g272,8/12,8,12,1,smile when they are sad,0.47,0.6523646671444412,0.41836250735480224,0.41767805747376385
8of12_g272,8/12,8,12,1,wash their clothes in ponds,0.61,0.6755213138484594,0.5367062274617517,0.5365910396562441
8of12_g272,8/12,8,12,1,yell at stray cats,0.38,0.6556872722335272,0.3058440474451379,0.3042202344818665
12of12_g273,12/12,12,12,1,chug maple syrup,0.2,0.9468953047558997,0.4797656863708051,0.4596347616648741
12of12_g273,12/12,12,12,1,clap three times before entering a room,0.7,0.9479862485491047,0.5475116848353156,0.5245704545622705
12of12_g273,12/12,12,12,1,dance around a fire on their 10th birthday,0.8,0.9490679083396485,0.6448882823547734,0.6231394730609237
12of12_g273,12/12,12,12,1,farm potatoes,0.17,0.9478636964771485,0.4962831954726122,0.4815115930468534
12of12_g273,12/12,12,12,1,go to the opera,0.2,0.9466927439252993,0.4646683776028972,0.4496644986456677
12of12_g273,12/12,12,12,1,live in caves,0.75,0.9493465841217718,0.45959161773948703,0.4394256210723777
12of12_g273,12/12,12,12,1,look to their left when spoken to,0.5,0.9489601989091583,0.5010024263403758,0.486359321193146
12of12_g273,12/12,12,12,1,paint their hands yellow,0.1,0.9495418557116202,0.5246562101132076,0.5037639678238661
12of12_g273,12/12,12,12,1,play banjos,0.15,0.947523009940265,0.47132312580847063,0.45390227376895426
12of12_g273,12/12,12,12,1,ride lions,0.05,0.948803075229959,0.3671268434752967,0.3471785261609149
12of12_g273,12/12,12,12,1,scream out windows,0.35,0.9490834591049845,0.460535338555394,0.436509339919401
12of12_g273,12/12,12,12,1,sing beautiful songs,0.4,0.946289991290559,0.7327970901941575,0.7110024796473982
12of12_g273,12/12,12,12,1,smell garbage for fun,0.3,0.9492849454496773,0.41581482240019085,0.39303594374254064
12of12_g273,12/12,12,12,1,smile when they are sad,0.25,0.9483915657968855,0.4711953188256865,0.45654627499154754
12of12_g273,12/12,12,12,1,wash their clothes in ponds,0.3,0.9481143237046455,0.585379536951195,0.5715225075740935
12of12_g273,12/12,12,12,1,yell at stray cats,0.1,0.9491445023608879,0.376493974027351,0.35584408323128613
12of12_g274,12/12,12,12,1,chug maple syrup,0.8,0.9473625617158294,0.47986766439204354,0.4820170401640892
12of12_g274,12/12,12,12,1,clap three times before entering a room,0.8,0.9478905627294099,0.5474851554777934,0.5502222033890538
12of12_g274,12/12,12,12,1,dance around a fire on their 10th birthday,0.83,0.9491776677995813,0.6449161742122332,0.6473803566182499
12of12_g274,12/12,12,12,1,farm potatoes,0.8,0.9482191881164069,0.4963433758788028,0.4979578370494731
12of12_g274,12/12,12,12,1,go to the opera,0.5,0.9470047041181868,0.4647176622688972,0.4663488622937175
12of12_g274,12/12,12,12,1,live in caves,0.25,0.9494464362624339,0.45961681545650873,0.46194053470807683
12of12_g274,12/12,12,12,1,look to their left when spoken to,0.8,0.9489227016060119,0.5009957361762281,0.5027171209595076
12of12_g274,12/12,12,12,1,paint their hands yellow,0.8,0.9494906444254364,0.5246426187086577,0.5271208019358009
12of12_g274,12/12,12,12,1,play banjos,0.8,0.9478948281129139,0.47139266289329684,0.47326623640649845
12of12_g274,12/12,12,12,1,ride lions,0.75,0.9490664340479782,0.3671866241087362,0.36937958680583854
12of12_g274,12/12,12,12,1,scream out windows,0.8,0.9491778017429436,0.4605619376237592,0.4632939742848957
12of12_g274,12/12,12,12,1,sing beautiful songs,0.8,0.9466671168756222,0.7328821594658738,0.7352251417766825
12of12_g274,12/12,12,12,1,smell garbage for fun,0.75,0.9494789940534443,0.4158673033348301,0.4184180691601198
12of12_g274,12/12,12,12,1,smile when they are sad,0.8,0.9483054195676615,0.4711799440489069,0.4729235537841262
12of12_g274,12/12,12,12,1,wash their clothes in ponds,0.3,0.94821179771014,0.5853969415883832,0.5870193751534734
12of12_g274,12/12,12,12,1,yell at stray cats,0.11,0.9492804918965404,0.3765267135536719,0.3788533276952271
12of12_g275,12/12,12,12,1,chug maple syrup,0.21,0.9475101525123739,0.4798998758274534,0.47666377496002493
12of12_g275,12/12,12,12,1,clap three times before entering a room,0.6,0.9479525420461484,0.5475023395439171,0.5436457649622727
12of12_g275,12/12,12,12,1,dance around a fire on their 10th birthday,0.86,0.9492783426683953,0.6449417575113173,0.6413793296143737
12of12_g275,12/12,12,12,1,farm potatoes,0.21,0.94822902028617,0.4963450403454307,0.49386571734826595
12of12_g275,12/12,12,12,1,go to the opera,0.8,0.9473523388857245,0.4647725829408249,0.4624935157150954
12of12_g275,12/12,12,12,1,live in caves,0.54,0.9493000932299124,0.4595798857492724,0.45600101367270207
12of12_g275,12/12,12,12,1,look to their left when spoken to,0.33,0.9489448982818248,0.5009996964451612,0.49852156130036596
12of12_g275,12/12,12,12,1,paint their hands yellow,0.15,0.9493795947674063,0.5246131462829505,0.520923819702825
12of12_g275,12/12,12,12,1,play banjos,0.35,0.9481466484334043,0.47143975809271155,0.46872925820100164
12of12_g275,12/12,12,12,1,ride lions,0.31,0.9491763158523507,0.3672115665196958,0.36397033122658173
12of12_g275,12/12,12,12,1,scream out windows,0.54,0.9492710278216842,0.4605882218881753,0.4566409025004325
12of12_g275,12/12,12,12,1,sing beautiful songs,0.86,0.9470415019974534,0.7329666105636434,0.7296834530135622
12of12_g275,12/12,12,12,1,smell garbage for fun,0.07,0.9494761518918496,0.41586653466505363,0.41202409438626186
12of12_g275,12/12,12,12,1,smile when they are sad,0.04,0.9483412486904446,0.4711863385802748,0.46870754992188257
12of12_g275,12/12,12,12,1,wash their clothes in ponds,0.92,0.9479220953010106,0.5853452132809449,0.5827607359200252
12of12_g275,12/12,12,12,1,yell at stray cats,0.44,0.9493764217694929,0.3765498087027612,0.3731670357989809
4of12_g276,4/12,4,12,1,chug maple syrup,0.005,0.3235278936164873,0.34371682986565305,0.3255999696664355
4of12_g276,4/12,4,12,1,clap three times before entering a room,0.4,0.3481730634533482,0.38121057057791147,0.3546424931344745
4of12_g276,4/12,4,12,1,dance around a fire on their 10th birthday,0.1,0.33722938152975795,0.48940908275995276,0.46605760144633157
4of12_g276,4/12,4,12,1,farm potatoes,0.75,0.3248053016843143,0.39080699536482943,0.37722325539670815
4of12_g276,4/12,4,12,1,go to the opera,0.2,0.33482469544576277,0.3680031200061688,0.35280260153865556
4of12_g276,4/12,4,12,1,live in caves,0.4,0.3322238881530797,0.3038605241686314,0.2834661709758524
4of12_g276,4/12,4,12,1,look to their left when spoken to,0.4,0.3433175563546191,0.3929453568024472,0.3764172363909046
4of12_g276,4/12,4,12,1,paint their hands yellow,0.25,0.3405465486475973,0.36302969759761244,0.3399351586248991
4of12_g276,4/12,4,12,1,play banjos,0.2,0.329142400135032,0.3556741659617984,0.3387450609893253
4of12_g276,4/12,4,12,1,ride lions,0.1,0.33002100721100747,0.22666758615710353,0.20677012959327554
4of12_g276,4/12,4,12,1,scream out windows,0.2,0.3378469044002954,0.2882026239146185,0.26225954943942487
4of12_g276,4/12,4,12,1,sing beautiful songs,0.75,0.33270032929437837,0.5943879560858406,0.5728772636579057
4of12_g276,4/12,4,12,1,smell garbage for fun,0.5,0.33056774367450603,0.24848119362780796,0.22558781701466324
4of12_g276,4/12,4,12,1,smile when they are sad,0.1,0.34672848216738933,0.3638146976352157,0.3469479761237796
4of12_g276,4/12,4,12,1,wash their clothes in ponds,0.6,0.33082811101842347,0.4751589451264301,0.4619176405931279
4of12_g276,4/12,4,12,1,yell at stray cats,0.3,0.335705158776434,0.2288082463045298,0.20692154007218166
12of12_g277,12/12,12,12,1,chug maple syrup,0.25,0.9475264270473137,0.47990342771648253,0.4752311503862491
12of12_g277,12/12,12,12,1,clap three times before entering a room,0.65,0.9479619127978173,0.5475049376302591,0.5416391958976575
12of12_g277,12/12,12,12,1,dance around a fire on their 10th birthday,0.75,0.9492908645958946,0.6449449395588343,0.6396184268256229
12of12_g277,12/12,12,12,1,farm potatoes,0.66,0.9482324728921471,0.496345624829585,0.4928019078805444
12of12_g277,12/12,12,12,1,go to the opera,0.15,0.9473881989310151,0.46477824824811476,0.4613098647906206
12of12_g277,12/12,12,12,1,live in caves,0.5,0.9492891301345606,0.4595771192089406,0.45444108018858403
12of12_g277,12/12,12,12,1,look to their left when spoken to,0.37,0.9489502346743912,0.5010006485494255,0.4972807430148717
12of12_g277,12/12,12,12,1,paint their hands yellow,0.24,0.9493721698893872,0.5246111757305897,0.5191880093906035
12of12_g277,12/12,12,12,1,play banjos,0.66,0.9481730448306517,0.4714446947220899,0.4674150964661271
12of12_g277,12/12,12,12,1,ride lions,0.31,0.9491893659206158,0.36721452879509325,0.3624496522135936
12of12_g277,12/12,12,12,1,scream out windows,0.35,0.9492828718005354,0.4605915611927569,0.4546862243099004
12of12_g277,12/12,12,12,1,sing beautiful songs,0.71,0.947079744999004,0.7329752371443344,0.7279952262959196
12of12_g277,12/12,12,12,1,smell garbage for fun,0.35,0.9494786086258936,0.41586719909497627,0.41028048216836704
12of12_g277,12/12,12,12,1,smile when they are sad,0.64,0.9483480447838614,0.47118755149951913,0.46743754349890443
12of12_g277,12/12,12,12,1,wash their clothes in ponds,0.66,0.9478977695675519,0.5853408697581457,0.5817165806639684
12of12_g277,12/12,12,12,1,yell at stray cats,0.39,0.9493884201371068,0.3765526973137887,0.3715147337359112
12of12_g278,12/12,12,12,1,chug maple syrup,0.76,0.9472425427528627,0.4798414704614999,0.4777471220507801
12of12_g278,12/12,12,12,1,clap three times before entering a room,0.24,0.9479267757898995,0.5474951957244232,0.5448111649130691
12of12_g278,12/12,12,12,1,dance around a fire on their 10th birthday,0.99,0.9491554007967573,0.6449105157653969,0.6425018083546283
12of12_g278,12/12,12,12,1,farm potatoes,0.34,0.94813893918147,0.49632979071119954,0.49468046261127985
12of12_g278,12/12,12,12,1,go to the opera,0.64,0.9469100276431165,0.46470270491677895,0.46323609091664136
12of12_g278,12/12,12,12,1,live in caves,0.23,0.9494456172401773,0.45961660877600174,0.4571266488836286
12of12_g278,12/12,12,12,1,look to their left when spoken to,0.49,0.948946023946426,0.5009998972830968,0.4992804229993042
12of12_g278,12/12,12,12,1,paint their hands yellow,0.64,0.9495276852050382,0.5246524492803525,0.5220522333225263
12of12_g278,12/12,12,12,1,play banjos,0.42,0.9477916577478829,0.47137336806869584,0.46962346047121545
12of12_g278,12/12,12,12,1,ride lions,0.5,0.9490026363301897,0.3671721424672629,0.3650209129312643
12of12_g278,12/12,12,12,1,scream out windows,0.51,0.9491602282879213,0.46055698294428804,0.4578809631237761
12of12_g278,12/12,12,12,1,sing beautiful songs,0.88,0.9465532309672439,0.7328564699033826,0.7307652654825921
12of12_g278,12/12,12,12,1,smell garbage for fun,0.005,0.9494421458251378,0.415857337638485,0.4132543730237331
12of12_g278,12/12,12,12,1,smile when they are sad,0.12,0.9483409649785726,0.47118628794536316,0.469458628672925
12of12_g278,12/12,12,12,1,wash their clothes in ponds,0.24,0.9482226997219622,0.5853988882156859,0.5835709463078909
12of12_g278,12/12,12,12,1,yell at stray cats,0.49,0.9492515655137216,0.37651974951730605,0.3742383761758338
4of12_g279,4/12,4,12,1,chug maple syrup,0.9,0.33276478915188445,0.34573276629863303,0.4088912525937112
4of12_g279,4/12,4,12,1,clap three times before entering a room,0.96,0.34210900274530126,0.3795292803399989,0.45999007756145643
4of12_g279,4/12,4,12,1,dance around a fire on their 10th birthday,0.995,0.3373046515616608,0.48942821023199146,0.5640635260419277
4of12_g279,4/12,4,12,1,farm potatoes,0.91,0.3324524222509962,0.3921015597682316,0.43839386590146084
4of12_g279,4/12,4,12,1,go to the opera,0.5,0.33866478951483003,0.3686097927737769,0.4190883713279093
4of12_g279,4/12,4,12,1,live in caves,0.25,0.33459397396378043,0.3044586160190337,0.36952676799326006
4of12_g279,4/12,4,12,1,look to their left when spoken to,0.92,0.33956274247601,0.392275433392379,0.4431398119384629
4of12_g279,4/12,4,12,1,paint their hands yellow,0.51,0.33788871583276486,0.3623243124431983,0.43310157404866967
4of12_g279,4/12,4,12,1,play banjos,0.79,0.33534193035571863,0.3568335962708863,0.41426880387100445
4of12_g279,4/12,4,12,1,ride lions,0.76,0.33448854669008754,0.22768168677459602,0.2938450956816815
4of12_g279,4/12,4,12,1,scream out windows,0.5,0.33752177318808435,0.28811095605872294,0.37070658372483223
4of12_g279,4/12,4,12,1,sing beautiful songs,0.995,0.33811619463613735,0.595609627960105,0.6680359091127669
4of12_g279,4/12,4,12,1,smell garbage for fun,0.4,0.3341486769207675,0.2494496660620144,0.32440803864338963
4of12_g279,4/12,4,12,1,smile when they are sad,0.98,0.34124893605441936,0.3628367465501947,0.4140639703325728
4of12_g279,4/12,4,12,1,wash their clothes in ponds,0.88,0.33467090526029925,0.47584510180204603,0.5178480542096169
4of12_g279,4/12,4,12,1,yell at stray cats,0.78,0.3366256117638471,0.22902984566998041,0.29948163906126407
4of12_g280,4/12,4,12,1,chug maple syrup,0.69,0.3099664389403404,0.34075706589938504,0.330551313741147
4of12_g280,4/12,4,12,1,clap three times before entering a room,0.35,0.3566424741476174,0.38355875576383014,0.3651358497950441
4of12_g280,4/12,4,12,1,dance around a fire on their 10th birthday,0.39,0.337309036979107,0.48942932464562283,0.47430231590965743
4of12_g280,4/12,4,12,1,farm potatoes,0.77,0.3156871890919712,0.3892634099217426,0.38116763072068116
4of12_g280,4/12,4,12,1,go to the opera,0.51,0.3264276245874157,0.36667651859333616,0.35767641000566996
4of12_g280,4/12,4,12,1,live in caves,0.02,0.333543374061605,0.3041934968251684,0.2905359667472126
4of12_g280,4/12,4,12,1,look to their left when spoken to,0.35,0.3496480555980994,0.3940748268048851,0.3827459868071554
4of12_g280,4/12,4,12,1,paint their hands yellow,0.15,0.347954903277254,0.3649958646737477,0.34880552977691814
4of12_g280,4/12,4,12,1,play banjos,0.56,0.3186620652764823,0.35371414359690273,0.34386627495899136
4of12_g280,4/12,4,12,1,ride lions,0.04,0.3239856892389169,0.22529761064576886,0.21311288049740804
4of12_g280,4/12,4,12,1,scream out windows,0.6,0.3385733962396305,0.28840745183250616,0.27150269441077723
4of12_g280,4/12,4,12,1,sing beautiful songs,0.75,0.32185420500328626,0.5919413655310432,0.579519072773228
4of12_g280,4/12,4,12,1,smell garbage for fun,0.13,0.3276094304586897,0.2476811103522379,0.23313091498741034
4of12_g280,4/12,4,12,1,smile when they are sad,0.5,0.3549463329569094,0.36528136219656127,0.3535763592118245
4of12_g280,4/12,4,12,1,wash their clothes in ponds,0.26,0.332723751358618,0.47549742441835186,0.4664356193445892
4of12_g280,4/12,4,12,1,yell at stray cats,0.3,0.3347433614463612,0.22857669327471652,0.21451933442633547
4of12_g281,4/12,4,12,1,chug maple syrup,0.75,0.3288584371506091,0.34488021174832584,0.38725309689198767
4of12_g281,4/12,4,12,1,clap three times before entering a room,0.98,0.31928088780225955,0.37320007477107187,0.445289948165546
4of12_g281,4/12,4,12,1,dance around a fire on their 10th birthday,0.995,0.3203912999989959,0.485130222694103,0.5458172656187267
4of12_g281,4/12,4,12,1,farm potatoes,0.5,0.34082786009617716,0.39351941941915936,0.4259463657966532
4of12_g281,4/12,4,12,1,go to the opera,0.5,0.3011165290746279,0.36267777478921215,0.4006553398077533
4of12_g281,4/12,4,12,1,live in caves,0.25,0.35028091494338387,0.3084172201823443,0.360538177214508
4of12_g281,4/12,4,12,1,look to their left when spoken to,0.98,0.32496719405439,0.3896713363887616,0.4339866651181318
4of12_g281,4/12,4,12,1,paint their hands yellow,0.995,0.34033967591753705,0.3629747938610707,0.42476769227651273
4of12_g281,4/12,4,12,1,play banjos,0.5,0.312885963142556,0.3526339024102214,0.393986203412405
4of12_g281,4/12,4,12,1,ride lions,0.25,0.3247439442890027,0.22546972930708334,0.27505867443700494
4of12_g281,4/12,4,12,1,scream out windows,0.995,0.3207511326455896,0.2833826229956765,0.35103854629705156
4of12_g281,4/12,4,12,1,sing beautiful songs,0.8,0.30068084634284886,0.5871652318706064,0.64008827485685
4of12_g281,4/12,4,12,1,smell garbage for fun,0.25,0.335726427184372,0.24987637260281859,0.30753832359514904
4of12_g281,4/12,4,12,1,smile when they are sad,0.95,0.3222615915874388,0.3594480180423354,0.40512717385752534
4of12_g281,4/12,4,12,1,wash their clothes in ponds,0.9,0.36872447220125437,0.481925594488968,0.5151606229162445
4of12_g281,4/12,4,12,1,yell at stray cats,0.98,0.321770952130962,0.22545358138093352,0.2819432672826444
8of12_g282,8/12,8,12,1,chug maple syrup,0.09,0.6667207263355848,0.41861807047887944,0.37222461989906014
8of12_g282,8/12,8,12,1,clap three times before entering a room,0.01,0.6446277742851688,0.46340407676153716,0.40821902058921056
8of12_g282,8/12,8,12,1,dance around a fire on their 10th birthday,0.09,0.6538780875321782,0.5698752273466426,0.517369583211495
8of12_g282,8/12,8,12,1,farm potatoes,0.08,0.6736202434379014,0.44985711796083283,0.41531298222300417
8of12_g282,8/12,8,12,1,go to the opera,0.13,0.6408435703231147,0.4163491538332147,0.3815193996494502
8of12_g282,8/12,8,12,1,live in caves,0.05,0.6750250436760523,0.39036649644234245,0.34185066706164374
8of12_g282,8/12,8,12,1,look to their left when spoken to,0.43,0.6523951363911238,0.44809011579390434,0.4125523735227086
8of12_g282,8/12,8,12,1,paint their hands yellow,0.04,0.6639300860033982,0.44885524131117016,0.39792465279689926
8of12_g282,8/12,8,12,1,play banjos,0.08,0.6534030856853742,0.4163170942950092,0.3755943486616311
8of12_g282,8/12,8,12,1,ride lions,0.02,0.6613393506086523,0.30187456265937346,0.2542913760370217
8of12_g282,8/12,8,12,1,scream out windows,0.18,0.6536871368493556,0.37725097063370017,0.31919332745843876
8of12_g282,8/12,8,12,1,sing beautiful songs,0.38,0.641683465885065,0.6640861453455138,0.6139051891499594
8of12_g282,8/12,8,12,1,smell garbage for fun,0.05,0.667906929670923,0.3397154278756127,0.28497388140981017
8of12_g282,8/12,8,12,1,smile when they are sad,0.04,0.6478599721575695,0.4175585408839896,0.38216836489990913
8of12_g282,8/12,8,12,1,wash their clothes in ponds,0.14,0.6847226410796363,0.5383491861284944,0.5057760771653664
8of12_g282,8/12,8,12,1,yell at stray cats,0.12,0.6558622996214325,0.30588618534748235,0.2560627050033769
8of12_g283,8/12,8,12,1,chug maple syrup,0.45,0.6514347927626027,0.41528194198378104,0.4404668890686268
8of12_g283,8/12,8,12,1,clap three times before entering a room,0.8,0.6449152013973106,0.46348376732220625,0.4982931677873633
8of12_g283,8/12,8,12,1,dance around a fire on their 10th birthday,0.95,0.6479856083358194,0.5683778421560503,0.5996489552575439
8of12_g283,8/12,8,12,1,farm potatoes,0.75,0.662530787514766,0.4479798080941967,0.466509848085877
8of12_g283,8/12,8,12,1,go to the opera,0.65,0.6271626895817995,0.41418779589943205,0.43527002130963
8of12_g283,8/12,8,12,1,live in caves,0.25,0.6719781522696056,0.3895976125010821,0.4164211249615446
8of12_g283,8/12,8,12,1,look to their left when spoken to,0.75,0.6514000340288676,0.4479125724084153,0.4696128459058291
8of12_g283,8/12,8,12,1,paint their hands yellow,0.995,0.6645849639811762,0.4490290450210572,0.47900980025068846
8of12_g283,8/12,8,12,1,play banjos,0.6,0.6390782483741033,0.413638076698479,0.4371156636103071
8of12_g283,8/12,8,12,1,ride lions,0.45,0.6512501032855953,0.2995843731740299,0.32664947753477414
8of12_g283,8/12,8,12,1,scream out windows,0.7,0.6482968628586908,0.3757312307845061,0.4104026479514118
8of12_g283,8/12,8,12,1,sing beautiful songs,0.9,0.6260791068100809,0.6605662264784693,0.6906208785459302
8of12_g283,8/12,8,12,1,smell garbage for fun,0.85,0.6608503702523689,0.3378069635711345,0.36850107228976325
8of12_g283,8/12,8,12,1,smile when they are sad,0.8,0.6481159425660612,0.41760422469311476,0.4396761725332824
8of12_g283,8/12,8,12,1,wash their clothes in ponds,0.85,0.6832467198731946,0.53808565050188,0.5553681125543175
8of12_g283,8/12,8,12,1,yell at stray cats,0.4,0.6492927798899357,0.30430457126862936,0.3336785431709175
4of12_g284,4/12,4,12,1,chug maple syrup,0.51,0.37787988780951315,0.3555790583469589,0.38895786589451165
4of12_g284,4/12,4,12,1,clap three times before entering a room,0.005,0.3144981087144149,0.37187402607571246,0.4088496543669647
4of12_g284,4/12,4,12,1,dance around a fire on their 10th birthday,0.995,0.33550244531882484,0.4889702371363744,0.5253675858082041
4of12_g284,4/12,4,12,1,farm potatoes,0.005,0.3739512365524607,0.3991268037551173,0.42277185289640185
4of12_g284,4/12,4,12,1,go to the opera,0.005,0.34405275646807587,0.36946100442758434,0.39585192648941014
4of12_g284,4/12,4,12,1,live in caves,0.24,0.35236163566514017,0.3089422906675677,0.33962389054915126
4of12_g284,4/12,4,12,1,look to their left when spoken to,0.22,0.3231583396256822,0.3893486056312931,0.41296613912771607
4of12_g284,4/12,4,12,1,paint their hands yellow,0.005,0.33046182489335557,0.3603532258560824,0.39246655598540725
4of12_g284,4/12,4,12,1,play banjos,0.005,0.35791147896317527,0.36105453201704973,0.3911787108944462
4of12_g284,4/12,4,12,1,ride lions,0.005,0.35430257354481937,0.23217933407295493,0.2656679019912145
4of12_g284,4/12,4,12,1,scream out windows,0.005,0.33412042413439663,0.2871519759202624,0.3272364982647234
4of12_g284,4/12,4,12,1,sing beautiful songs,0.995,0.35020511499373447,0.5983365594953528,0.6367536814455388
4of12_g284,4/12,4,12,1,smell garbage for fun,0.005,0.35370994252409843,0.2547400597142265,0.29161892506251647
4of12_g284,4/12,4,12,1,smile when they are sad,0.995,0.3169641302242854,0.3585025641705831,0.38201917792019363
4of12_g284,4/12,4,12,1,wash their clothes in ponds,0.005,0.3632658601530116,0.48095092271089446,0.500347289312987
4of12_g284,4/12,4,12,1,yell at stray cats,0.005,0.3390610315567708,0.22961617380199562,0.2641764798830925
4of12_g285,4/12,4,12,1,chug maple syrup,0.75,0.3285764891628249,0.3448186770889155,0.33779335836362684
4of12_g285,4/12,4,12,1,clap three times before entering a room,0.05,0.3450523472827849,0.38034533688625305,0.3628425972145889
4of12_g285,4/12,4,12,1,dance around a fire on their 10th birthday,0.85,0.3372588264842815,0.4894165652537168,0.4760650676406393
4of12_g285,4/12,4,12,1,farm potatoes,0.8,0.3299384082200388,0.3916759678025039,0.38664555325892813
4of12_g285,4/12,4,12,1,go to the opera,0.5,0.3350856885131119,0.3680443526904852,0.3592133852289576
4of12_g285,4/12,4,12,1,live in caves,0.5,0.33525292442469545,0.3046249023613732,0.29563152908232093
4of12_g285,4/12,4,12,1,look to their left when spoken to,0.5,0.3417361302035392,0.3926632031633712,0.38252100717635906
4of12_g285,4/12,4,12,1,paint their hands yellow,0.05,0.34043186581179696,0.3629992609315482,0.3501303217594365
4of12_g285,4/12,4,12,1,play banjos,0.25,0.331525189954753,0.3561197930720513,0.3475846254189978
4of12_g285,4/12,4,12,1,ride lions,0.25,0.3325085499214493,0.2272322411781751,0.21749326053512383
4of12_g285,4/12,4,12,1,scream out windows,0.05,0.33770360270492666,0.2881622212751077,0.2732041612117809
4of12_g285,4/12,4,12,1,sing beautiful songs,0.75,0.33363660625137226,0.5945991546945029,0.5825328326403845
4of12_g285,4/12,4,12,1,smell garbage for fun,0.15,0.33336321724097007,0.24923723650922713,0.23854489373184617
4of12_g285,4/12,4,12,1,smile when they are sad,0.35,0.34409887873950534,0.36334538439786795,0.35248541724322763
4of12_g285,4/12,4,12,1,wash their clothes in ponds,0.9,0.3355454804235597,0.47600126306097046,0.47140705024762075
4of12_g285,4/12,4,12,1,yell at stray cats,0.1,0.33624897849106145,0.22893917108322998,0.21678838539677964
4of12_g286,4/12,4,12,1,chug maple syrup,0.56,0.3162933532984547,0.34213790398659616,0.40259166595861884
4of12_g286,4/12,4,12,1,clap three times before entering a room,0.995,0.35320421911234196,0.38260548288208085,0.4629943804750659
4of12_g286,4/12,4,12,1,dance around a fire on their 10th birthday,0.995,0.3375569721811348,0.48949232945011534,0.5628525498131878
4of12_g286,4/12,4,12,1,farm potatoes,0.995,0.3193007334933142,0.38987513899169784,0.43652490288668894
4of12_g286,4/12,4,12,1,go to the opera,0.51,0.33170013990610314,0.3675094907557659,0.41330330234428364
4of12_g286,4/12,4,12,1,live in caves,0.74,0.3317229840805721,0.30373412087882323,0.373905754229741
4of12_g286,4/12,4,12,1,look to their left when spoken to,0.995,0.3468141522830566,0.3935692096867018,0.445074187906329
4of12_g286,4/12,4,12,1,paint their hands yellow,0.995,0.34380397327689977,0.3638942135906088,0.43928752934572524
4of12_g286,4/12,4,12,1,play banjos,0.61,0.3242656845020433,0.3547621271923409,0.40816163282760237
4of12_g286,4/12,4,12,1,ride lions,0.62,0.3268622336237399,0.2259505663612255,0.29051429532944034
4of12_g286,4/12,4,12,1,scream out windows,0.81,0.338505287760157,0.28838824925198736,0.36980703948762805
4of12_g286,4/12,4,12,1,sing beautiful songs,0.66,0.32830480552775243,0.5933964455109851,0.6584829968964862
4of12_g286,4/12,4,12,1,smell garbage for fun,0.995,0.3284896152162988,0.24791915854139168,0.3241931478230874
4of12_g286,4/12,4,12,1,smile when they are sad,0.76,0.3514370386002,0.36465504787178926,0.4162972128587708
4of12_g286,4/12,4,12,1,wash their clothes in ponds,0.76,0.3298275643241151,0.4749802908060701,0.5231000832033412
4of12_g286,4/12,4,12,1,yell at stray cats,0.76,0.3353956762583318,0.2287337382844926,0.2980503706487322
0of12_g287,0/12,0,12,1,chug maple syrup,0.09,0.05230590066904556,0.2845231002285811,0.2810406333295005
0of12_g287,0/12,0,12,1,clap three times before entering a room,0.25,0.05151663612969777,0.29896113751873693,0.29465254588290635
0of12_g287,0/12,0,12,1,dance around a fire on their 10th birthday,0.76,0.05034246945758932,0.41650594654233114,0.412591028206066
0of12_g287,0/12,0,12,1,farm potatoes,0.11,0.05152158875439333,0.34454339016811514,0.3418949484006076
0of12_g287,0/12,0,12,1,go to the opera,0.09,0.05237814005731121,0.32338113148792635,0.320838367243077
0of12_g287,0/12,0,12,1,live in caves,0.22,0.050298925160753086,0.23271667695879644,0.2288861062063967
0of12_g287,0/12,0,12,1,look to their left when spoken to,0.16,0.05057371972344681,0.3407148187111569,0.3379786541724564
0of12_g287,0/12,0,12,1,paint their hands yellow,0.15,0.05012831321662934,0.2859530994380379,0.28193886811602914
0of12_g287,0/12,0,12,1,play banjos,0.12,0.051627284634310766,0.3037735501590228,0.30080346650562306
0of12_g287,0/12,0,12,1,ride lions,0.06,0.05053854725784394,0.16322699731754345,0.1597077429885818
0of12_g287,0/12,0,12,1,scream out windows,0.29,0.05033961230349496,0.2071424979376996,0.20280234503217343
0of12_g287,0/12,0,12,1,sing beautiful songs,0.55,0.05272548200956979,0.531233247679036,0.5275771060197996
0of12_g287,0/12,0,12,1,smell garbage for fun,0.08,0.050193490301729225,0.1726532691792769,0.16851166468808929
0of12_g287,0/12,0,12,1,smile when they are sad,0.1,0.051138291640874016,0.3110598267778029,0.30830332990048576
0of12_g287,0/12,0,12,1,wash their clothes in ponds,0.26,0.051644344910137224,0.42530881192093767,0.4225726357246854
0of12_g287,0/12,0,12,1,yell at stray cats,0.03,0.05026190650422039,0.16008768757892697,0.15638155288200106
4of12_g288,4/12,4,12,1,chug maple syrup,0.48,0.349583720891815,0.3494034689853091,0.3667277427253406
4of12_g288,4/12,4,12,1,clap three times before entering a room,0.37,0.3668769641249115,0.3863963177404121,0.4045948827885127
4of12_g288,4/12,4,12,1,dance around a fire on their 10th birthday,0.88,0.3600992570119533,0.4952207304071593,0.513563529629291
4of12_g288,4/12,4,12,1,farm potatoes,0.84,0.33417419298771944,0.3923930345903094,0.4036611923079407
4of12_g288,4/12,4,12,1,go to the opera,0.84,0.3886799375611255,0.3765113774073392,0.3914976181794072
4of12_g288,4/12,4,12,1,live in caves,0.005,0.3230885791698215,0.3015552262637515,0.3143391588953923
4of12_g288,4/12,4,12,1,look to their left when spoken to,0.85,0.35654105103721034,0.3953046558082508,0.40660885248333856
4of12_g288,4/12,4,12,1,paint their hands yellow,0.17,0.3364179871310235,0.3619339830791428,0.3757010453917361
4of12_g288,4/12,4,12,1,play banjos,0.75,0.3699520647568322,0.3633063510438779,0.3797526627753416
4of12_g288,4/12,4,12,1,ride lions,0.07,0.3530469475642825,0.23189431564431773,0.2488664123574393
4of12_g288,4/12,4,12,1,scream out windows,0.59,0.3598139530948478,0.29439603807651743,0.314507591778772
4of12_g288,4/12,4,12,1,sing beautiful songs,0.9,0.38935881558640933,0.6071685691132105,0.6291980041743045
4of12_g288,4/12,4,12,1,smell garbage for fun,0.12,0.3392362284796063,0.25082560722134306,0.26816867597898636
4of12_g288,4/12,4,12,1,smile when they are sad,0.08,0.36197017421427663,0.3665349282834309,0.3779012093233196
4of12_g288,4/12,4,12,1,wash their clothes in ponds,0.21,0.30505535910576165,0.4705570474809202,0.4775221113915725
4of12_g288,4/12,4,12,1,yell at stray cats,0.19,0.3577835494461403,0.23412362626361688,0.2514877686981012
0of12_g289,0/12,0,12,1,chug maple syrup,0.62,0.05242937573038826,0.28455004844660214,0.28293297903773984
0of12_g289,0/12,0,12,1,clap three times before entering a room,0.39,0.05165384604547469,0.29899917963326167,0.2970184844020278
0of12_g289,0/12,0,12,1,dance around a fire on their 10th birthday,0.29,0.05047796354953973,0.41654037803371846,0.4147324657957004
0of12_g289,0/12,0,12,1,farm potatoes,0.24,0.05154490895486142,0.34454733799411624,0.3433126096016539
0of12_g289,0/12,0,12,1,go to the opera,0.39,0.05269150322925656,0.32343063780193104,0.3222652797538851
0of12_g289,0/12,0,12,1,live in caves,0.05,0.050229609092283314,0.23269918502856063,0.23091067688960498
0of12_g289,0/12,0,12,1,look to their left when spoken to,0.51,0.050667428363583754,0.34073153794512767,0.33946858117343187
0of12_g289,0/12,0,12,1,paint their hands yellow,0.26,0.050112848548286036,0.28594899513644056,0.2840848105289006
0of12_g289,0/12,0,12,1,play banjos,0.19,0.05185118573699646,0.3038154239325913,0.30244531880421704
0of12_g289,0/12,0,12,1,ride lions,0.12,0.05065848859596612,0.16325422317321234,0.16162341547378867
0of12_g289,0/12,0,12,1,scream out windows,0.66,0.050471290984503085,0.20717962357160313,0.2051756385250872
0of12_g289,0/12,0,12,1,sing beautiful songs,0.86,0.05305220381499043,0.5313069472293763,0.5296310111258236
0of12_g289,0/12,0,12,1,smell garbage for fun,0.15,0.05022929100565981,0.17266295157001071,0.1707368243373353
0of12_g289,0/12,0,12,1,smile when they are sad,0.26,0.05125183066611276,0.3110800904293236,0.3098107104913834
0of12_g289,0/12,0,12,1,wash their clothes in ponds,0.75,0.051456869013990915,0.4252753368427625,0.42399122695708746
0of12_g289,0/12,0,12,1,yell at stray cats,0.11,0.050389294111231296,0.16011835618804218,0.1584051993545814
0of12_g290,0/12,0,12,1,chug maple syrup,0.28,0.05188027695332036,0.2844302085906945,0.28089156457969755
0of12_g290,0/12,0,12,1,clap three times before entering a room,0.07,0.05190563969617338,0.2990689906439474,0.2945551905877002
0of12_g290,0/12,0,12,1,dance around a fire on their 10th birthday,0.41,0.05043271714106671,0.41652888010564487,0.41247332801090664
0of12_g290,0/12,0,12,1,farm potatoes,0.42,0.05114780163441082,0.3444801125597971,0.3417847352412952
0of12_g290,0/12,0,12,1,go to the opera,0.21,0.05236892099565928,0.32337967502526,0.3207548512997843
0of12_g290,0/12,0,12,1,live in caves,0.08,0.050190208829815224,0.23268924236075533,0.2287523476242417
0of12_g290,0/12,0,12,1,look to their left when spoken to,0.13,0.0508322125535812,0.34076093828028603,0.33790829279407397
0of12_g290,0/12,0,12,1,paint their hands yellow,0.04,0.05029246154831224,0.28599666417831987,0.28182688451042603
0of12_g290,0/12,0,12,1,play banjos,0.08,0.05143946737846681,0.3037384247525414,0.3006933633052084
0of12_g290,0/12,0,12,1,ride lions,0.005,0.05039426506236147,0.16319424625530501,0.1595812523129682
0of12_g290,0/12,0,12,1,scream out windows,0.12,0.05044793375033853,0.20717303820700234,0.20267388337796685
0of12_g290,0/12,0,12,1,sing beautiful songs,0.13,0.05263870315301253,0.5312136727299471,0.5274501653069492
0of12_g290,0/12,0,12,1,smell garbage for fun,0.1,0.05005958364696135,0.17261705378653397,0.1683640978376786
0of12_g290,0/12,0,12,1,smile when they are sad,0.07,0.051488390419497806,0.3111223099604172,0.3082386117026439
0of12_g290,0/12,0,12,1,wash their clothes in ponds,0.22,0.05141797582127572,0.42526839220244667,0.4224689450810459
0of12_g290,0/12,0,12,1,yell at stray cats,0.14,0.050306141185427915,0.16009833709326454,0.15626588964466148
0of12_g291,0/12,0,12,1,chug maple syrup,0.68,0.052285922616712346,0.2845187400533032,0.2994815158178051
0of12_g291,0/12,0,12,1,clap three times before entering a room,0.77,0.05144451092984307,0.29894114045731857,0.3172631571967412
0of12_g291,0/12,0,12,1,dance around a fire on their 10th birthday,0.35,0.05028667093946604,0.41649176713296704,0.43334388763537574
0of12_g291,0/12,0,12,1,farm potatoes,0.4,0.05155809573664147,0.3445495703557142,0.35599611739053616
0of12_g291,0/12,0,12,1,go to the opera,0.75,0.0522237459761004,0.3233567397196869,0.334149585967784
0of12_g291,0/12,0,12,1,live in caves,0.6,0.05037564734639829,0.23273603782487662,0.249363329699072
0of12_g291,0/12,0,12,1,look to their left when spoken to,0.51,0.05053375778188914,0.3407076888131042,0.3524443305765316
0of12_g291,0/12,0,12,1,paint their hands yellow,0.73,0.05015794383292102,0.28596096336263527,0.30329489641583607
0of12_g291,0/12,0,12,1,play banjos,0.25,0.05153466713976871,0.30375622892233206,0.3164841052644538
0of12_g291,0/12,0,12,1,ride lions,0.1,0.05050461471102045,0.16321929486368758,0.1784215345361841
0of12_g291,0/12,0,12,1,scream out windows,0.53,0.050285104020130506,0.20712712981161105,0.22580574035084114
0of12_g291,0/12,0,12,1,sing beautiful songs,0.5,0.05256746189319827,0.5311976026399596,0.5467011297386293
0of12_g291,0/12,0,12,1,smell garbage for fun,0.92,0.05020882505027098,0.1726574165007227,0.1906169618851332
0of12_g291,0/12,0,12,1,smile when they are sad,0.81,0.05108200818735245,0.31104978170047254,0.3228110876674494
0of12_g291,0/12,0,12,1,wash their clothes in ponds,0.35,0.051799104396924846,0.4253364452648771,0.43717362519598507
0of12_g291,0/12,0,12,1,yell at stray cats,0.3,0.0502133201487282,0.16007599039754578,0.17605341732807256
8of12_g292,8/12,8,12,1,chug maple syrup,0.8,0.6940557029898665,0.42458388173233036,0.43394427798609697
8of12_g292,8/12,8,12,1,clap three times before entering a room,0.8,0.6264316837085684,0.45835912241040166,0.4751850117463426
8of12_g292,8/12,8,12,1,dance around a fire on their 10th birthday,0.75,0.653380706921762,0.569748833966996,0.5836704230308024
8of12_g292,8/12,8,12,1,farm potatoes,0.25,0.6934756803175327,0.45321840167203264,0.45968456972949884
8of12_g292,8/12,8,12,1,go to the opera,0.7,0.6550723693063197,0.4185970739892376,0.4285303340638489
8of12_g292,8/12,8,12,1,live in caves,0.4,0.6755951992231221,0.3905103753620949,0.4000625117216935
8of12_g292,8/12,8,12,1,look to their left when spoken to,0.8,0.6396157566533297,0.4458100545367348,0.4557224709356481
8of12_g292,8/12,8,12,1,paint their hands yellow,0.75,0.651088671993034,0.445447147786985,0.45783599344774306
8of12_g292,8/12,8,12,1,play banjos,0.6,0.6732486519552735,0.4200285934272426,0.43010153433162607
8of12_g292,8/12,8,12,1,ride lions,0.6,0.6736736418543112,0.30467436161518047,0.3157463219150355
8of12_g292,8/12,8,12,1,scream out windows,0.25,0.6519129957965587,0.37675076733036234,0.39223627139966594
8of12_g292,8/12,8,12,1,sing beautiful songs,0.95,0.6608280170545309,0.6684046352327744,0.6823495759079856
8of12_g292,8/12,8,12,1,smell garbage for fun,0.5,0.675347671725336,0.34172779534358017,0.3535935846979329
8of12_g292,8/12,8,12,1,smile when they are sad,0.75,0.6306858613802533,0.414493425649501,0.42493672073082644
8of12_g292,8/12,8,12,1,wash their clothes in ponds,0.5,0.6860050247869819,0.5385781643370875,0.5436678875557381
8of12_g292,8/12,8,12,1,yell at stray cats,0.25,0.6576707508131804,0.30632157057847176,0.319156343509988
0of12_g293,0/12,0,12,1,chug maple syrup,0.62,0.052176713595054006,0.28449490537370464,0.2867806914736159
0of12_g293,0/12,0,12,1,clap three times before entering a room,0.59,0.051605532776149494,0.2989857845450545,0.30189072434722664
0of12_g293,0/12,0,12,1,dance around a fire on their 10th birthday,0.77,0.050353460433395676,0.41650873954742357,0.41912919096342316
0of12_g293,0/12,0,12,1,farm potatoes,0.64,0.05138782514229287,0.3445207456172433,0.34628781277734916
0of12_g293,0/12,0,12,1,go to the opera,0.69,0.052395071642877496,0.32338380640465775,0.3250334665138396
0of12_g293,0/12,0,12,1,live in caves,0.78,0.050218153772706234,0.23269629427530103,0.23531400009579545
0of12_g293,0/12,0,12,1,look to their left when spoken to,0.82,0.0506206755469337,0.34072319643809884,0.34257466875548553
0of12_g293,0/12,0,12,1,paint their hands yellow,0.51,0.050129642725420046,0.2859534522878328,0.2887036403830684
0of12_g293,0/12,0,12,1,play banjos,0.61,0.05158057926127786,0.3037648153641006,0.3057062013800399
0of12_g293,0/12,0,12,1,ride lions,0.07,0.05048454910092068,0.16321474010872955,0.16555564841026732
0of12_g293,0/12,0,12,1,scream out windows,0.42,0.05035463129111562,0.20714673240778797,0.2100551049662138
0of12_g293,0/12,0,12,1,sing beautiful songs,0.42,0.05272406348573027,0.5312329276986509,0.5335931643278561
0of12_g293,0/12,0,12,1,smell garbage for fun,0.48,0.05012643490762028,0.17263513387870208,0.17542427703763785
0of12_g293,0/12,0,12,1,smile when they are sad,0.61,0.051212677973703,0.3110731027304824,0.31293664869765675
0of12_g293,0/12,0,12,1,wash their clothes in ponds,0.56,0.05150873879285705,0.4252845985395362,0.4271696071601618
0of12_g293,0/12,0,12,1,yell at stray cats,0.19,0.05025928476177922,0.1600870563935549,0.1625669899523875
0of12_g294,0/12,0,12,1,chug maple syrup,0.5,0.051936120741413544,0.2844423964006076,0.2961569505831866
0of12_g294,0/12,0,12,1,clap three times before entering a room,0.5,0.051848786303008834,0.2990532277649918,0.31282763589716367
0of12_g294,0/12,0,12,1,dance around a fire on their 10th birthday,0.5,0.050419315214167634,0.41652547443441623,0.42944685821833506
0of12_g294,0/12,0,12,1,farm potatoes,0.5,0.05117324592236064,0.3444844199679467,0.3527373393715221
0of12_g294,0/12,0,12,1,go to the opera,0.6,0.05241108741169565,0.323386336637152,0.33292103656191324
0of12_g294,0/12,0,12,1,live in caves,0.5,0.05015602566953116,0.23268061623021838,0.24355180150349437
0of12_g294,0/12,0,12,1,look to their left when spoken to,0.5,0.050784170724137725,0.34075236679119303,0.3493440358328479
0of12_g294,0/12,0,12,1,paint their hands yellow,0.5,0.050231610558915,0.2859805144098646,0.29761335526850186
0of12_g294,0/12,0,12,1,play banjos,0.5,0.0514858962369174,0.3037471078339666,0.3143775972214667
0of12_g294,0/12,0,12,1,ride lions,0.51,0.050410523808723226,0.16319793687847742,0.17488254664005337
0of12_g294,0/12,0,12,1,scream out windows,0.3,0.05043101289648135,0.20716826752263015,0.22142794727672788
0of12_g294,0/12,0,12,1,sing beautiful songs,0.995,0.05269465859794519,0.5312262947559712,0.5451067567294345
0of12_g294,0/12,0,12,1,smell garbage for fun,0.5,0.05005444334407855,0.17261566357864594,0.18548583734154897
0of12_g294,0/12,0,12,1,smile when they are sad,0.5,0.05143157107476191,0.31111216924096896,0.3198077519427497
0of12_g294,0/12,0,12,1,wash their clothes in ponds,0.5,0.05137162339306197,0.4252601156656227,0.43231476903043253
0of12_g294,0/12,0,12,1,yell at stray cats,0.5,0.05029742705709612,0.16009623916394583,0.17230392266707617
12of12_g295,12/12,12,12,1,chug maple syrup,0.005,0.9468529713343367,0.47975644717495897,0.47814293517201667
12of12_g295,12/12,12,12,1,clap three times before entering a room,0.005,0.9482168777970826,0.5475756279127139,0.5456371818807817
12of12_g295,12/12,12,12,1,dance around a fire on their 10th birthday,0.25,0.9492043361120703,0.6449229511112003,0.6431321949595432
12of12_g295,12/12,12,12,1,farm potatoes,0.005,0.9477372428114844,0.49626178840666874,0.4950782197240404
12of12_g295,12/12,12,12,1,go to the opera,0.005,0.9469796546913217,0.4647137048645082,0.4634784183049599
12of12_g295,12/12,12,12,1,live in caves,0.005,0.9492111399435058,0.45955743836132296,0.4579202896323929
12of12_g295,12/12,12,12,1,look to their left when spoken to,0.005,0.9491059587764114,0.5010284324089795,0.49980663399942993
12of12_g295,12/12,12,12,1,paint their hands yellow,0.005,0.9495462999008385,0.5246573895948817,0.5229281185113388
12of12_g295,12/12,12,12,1,play banjos,0.5,0.9476606250611886,0.4713488624589115,0.4699350708524877
12of12_g295,12/12,12,12,1,ride lions,0.005,0.948849014418224,0.3671372713538649,0.36552030637773275
12of12_g295,12/12,12,12,1,scream out windows,0.5,0.9492216472535889,0.4605742994758378,0.45859360873467403
12of12_g295,12/12,12,12,1,sing beautiful songs,0.5,0.9465653736693228,0.7328592089666109,0.7310713557281655
12of12_g295,12/12,12,12,1,smell garbage for fun,0.005,0.9492485596328737,0.4158049817642038,0.41395947321941967
12of12_g295,12/12,12,12,1,smile when they are sad,0.005,0.9485858469505442,0.4712299927678529,0.4699971623296193
12of12_g295,12/12,12,12,1,wash their clothes in ponds,0.005,0.9478216859318805,0.5853272845148996,0.5842073746026215
12of12_g295,12/12,12,12,1,yell at stray cats,0.005,0.9492581316667438,0.3765213303208485,0.37482721074345476
12of12_g296,12/12,12,12,1,chug maple syrup,0.05,0.9472253567911909,0.479837719655167,0.4707487110723541
12of12_g296,12/12,12,12,1,clap three times before entering a room,0.39,0.9481607808631427,0.5475600747657466,0.5370972549698304
12of12_g296,12/12,12,12,1,dance around a fire on their 10th birthday,0.6,0.9493028938551242,0.6449479964104622,0.6351262387929765
12of12_g296,12/12,12,12,1,farm potatoes,0.54,0.9480263776306518,0.4963107354111542,0.4893782198982943
12of12_g296,12/12,12,12,1,go to the opera,0.74,0.9472273561153658,0.4647528376841117,0.4584133582169621
12of12_g296,12/12,12,12,1,live in caves,0.15,0.9493069698865747,0.4595816210756007,0.44970699443226875
12of12_g296,12/12,12,12,1,look to their left when spoken to,0.41,0.9490943538045589,0.5010263618822988,0.4942647040203065
12of12_g296,12/12,12,12,1,paint their hands yellow,0.85,0.9495265975661861,0.524652160622505,0.5145818399637595
12of12_g296,12/12,12,12,1,play banjos,0.35,0.9479565921288663,0.47140421394145,0.4638261268573968
12of12_g296,12/12,12,12,1,ride lions,0.2,0.9490648190622043,0.3671862575181155,0.3581625729440899
12of12_g296,12/12,12,12,1,scream out windows,0.25,0.9493086247117176,0.46059882199720287,0.44972698938147454
12of12_g296,12/12,12,12,1,sing beautiful songs,0.9,0.9468624663967518,0.7329262250030605,0.7237643972898342
12of12_g296,12/12,12,12,1,smell garbage for fun,0.21,0.9494136127938929,0.4158496208081716,0.4051881568408661
12of12_g296,12/12,12,12,1,smile when they are sad,0.77,0.948537350766302,0.47122133750790596,0.46448766905800665
12of12_g296,12/12,12,12,1,wash their clothes in ponds,0.3,0.9479184575455858,0.5853445637353247,0.5782227541951565
12of12_g296,12/12,12,12,1,yell at stray cats,0.05,0.9493767600599398,0.37654989014629975,0.36720532922770255
12of12_g297,12/12,12,12,1,chug maple syrup,0.83,0.9475156504625101,0.4799010757455367,0.48340689801646447
12of12_g297,12/12,12,12,1,clap three times before entering a room,0.88,0.9479720673729276,0.5475077530354514,0.5520433319827007
12of12_g297,12/12,12,12,1,dance around a fire on their 10th birthday,0.92,0.9492910345597122,0.6449449827497042,0.6489999545691973
12of12_g297,12/12,12,12,1,farm potatoes,0.34,0.9482467819183411,0.4963480471734982,0.4990117809961619
12of12_g297,12/12,12,12,1,go to the opera,0.5,0.9473441597496965,0.4647712907695913,0.46740532561858955
12of12_g297,12/12,12,12,1,live in caves,0.99,0.9493320363529101,0.45958794660574226,0.4634847104431812
12of12_g297,12/12,12,12,1,look to their left when spoken to,0.87,0.9489657320529024,0.501003413548436,0.5038600209619927
12of12_g297,12/12,12,12,1,paint their hands yellow,0.76,0.9494101229358731,0.5246212484166543,0.5287759231508785
12of12_g297,12/12,12,12,1,play banjos,0.75,0.9481444217654875,0.4714393416633727,0.4744781550021649
12of12_g297,12/12,12,12,1,ride lions,0.76,0.9491862673138615,0.36721382543275305,0.3708102686341031
12of12_g297,12/12,12,12,1,scream out windows,0.96,0.9492845087749887,0.4605920227231565,0.46509137396476247
12of12_g297,12/12,12,12,1,sing beautiful songs,0.9,0.9470302458267689,0.7329640714777782,0.7367375779682738
12of12_g297,12/12,12,12,1,smell garbage for fun,0.995,0.9494956957230755,0.4158718203435344,0.42009442943766684
12of12_g297,12/12,12,12,1,smile when they are sad,0.74,0.9483622162189592,0.47119008071818885,0.47408385696037403
12of12_g297,12/12,12,12,1,wash their clothes in ponds,0.44,0.9479665340066665,0.5853531481097758,0.5881068169900182
12of12_g297,12/12,12,12,1,yell at stray cats,0.76,0.9493890350646731,0.37655284535780653,0.3803808436243582
4of12_g298,4/12,4,12,1,chug maple syrup,0.45,0.338333138736968,0.3469480489395508,0.3249531098311075
4of12_g298,4/12,4,12,1,clap three times before entering a room,0.2,0.3368311822489957,0.37806597901352657,0.35197282272323804
4of12_g298,4/12,4,12,1,dance around a fire on their 10th birthday,0.8,0.3357718799761601,0.48903870534004246,0.46431418407461106
4of12_g298,4/12,4,12,1,farm potatoes,0.15,0.33900239170376506,0.3932103898465581,0.376536279062866
4of12_g298,4/12,4,12,1,go to the opera,0.1,0.3350845833479049,0.3680441780922533,0.35206506762419576
4of12_g298,4/12,4,12,1,live in caves,0.25,0.3390323836259546,0.30557865000080275,0.2817419753972968
4of12_g298,4/12,4,12,1,look to their left when spoken to,0.1,0.336615561435903,0.39174960557872235,0.3748549093027646
4of12_g298,4/12,4,12,1,paint their hands yellow,0.55,0.3379403543983703,0.36233801724711595,0.3376006414265258
4of12_g298,4/12,4,12,1,play banjos,0.5,0.33588777447092655,0.3569356795237588,0.33801552676686875
4of12_g298,4/12,4,12,1,ride lions,0.01,0.3363701034951311,0.22810878717891853,0.20563384058761563
4of12_g298,4/12,4,12,1,scream out windows,0.05,0.3358213059824086,0.2876315244418536,0.26027018950000136
4of12_g298,4/12,4,12,1,sing beautiful songs,0.75,0.33530207230954184,0.594974838525694,0.5719827771702504
4of12_g298,4/12,4,12,1,smell garbage for fun,0.04,0.33732814392079863,0.2503095609366854,0.22402999136070517
4of12_g298,4/12,4,12,1,smile when they are sad,0.61,0.33684209519094305,0.36205024439926825,0.34526019919573925
4of12_g298,4/12,4,12,1,wash their clothes in ponds,0.5,0.3420939860631906,0.47717054264689707,0.4606926896206546
4of12_g298,4/12,4,12,1,yell at stray cats,0.02,0.3358448235159626,0.22884187063741657,0.2053511196885361
4of12_g299,4/12,4,12,1,chug maple syrup,0.01,0.3119792928822746,0.34119636778173956,0.31757791963710524
4of12_g299,4/12,4,12,1,clap three times before entering a room,0.02,0.3493541888373859,0.38153804331829777,0.34947009061981904
4of12_g299,4/12,4,12,1,dance around a fire on their 10th birthday,0.14,0.33350185402095034,0.4884618508218811,0.4595409434723178
4of12_g299,4/12,4,12,1,farm potatoes,0.16,0.31957960608671615,0.38992234872631026,0.37171810291107665
4of12_g299,4/12,4,12,1,go to the opera,0.11,0.3195292545223853,0.36558668767147195,0.34749035579426074
4of12_g299,4/12,4,12,1,live in caves,0.02,0.33717830897097967,0.30511077371709544,0.2776887549525012
4of12_g299,4/12,4,12,1,look to their left when spoken to,0.05,0.3449820767343072,0.3932423358818208,0.37283624523429093
4of12_g299,4/12,4,12,1,paint their hands yellow,0.02,0.34726601997125983,0.3648130359967669,0.3351306065006284
4of12_g299,4/12,4,12,1,play banjos,0.02,0.31586182514993577,0.35319044532302246,0.3322435963407886
4of12_g299,4/12,4,12,1,ride lions,0.03,0.3232101553917466,0.22512156981681045,0.1998360437463768
4of12_g299,4/12,4,12,1,scream out windows,0.1,0.33465478148020605,0.28730263322516797,0.25518818026697043
4of12_g299,4/12,4,12,1,sing beautiful songs,0.15,0.3155684391414212,0.5905234677664069,0.5648462336534554
4of12_g299,4/12,4,12,1,smell garbage for fun,0.01,0.3288317480890614,0.24801168924032393,0.2181763999999412
4of12_g299,4/12,4,12,1,smile when they are sad,0.23,0.34871358967815463,0.36416898574667833,0.34361906356699123
4of12_g299,4/12,4,12,1,wash their clothes in ponds,0.16,0.34036024011166693,0.4768609706834813,0.45810294039540145
4of12_g299,4/12,4,12,1,yell at stray cats,0.02,0.33167071880630805,0.2278369535285228,0.20055646712038416
4of12_g300,4/12,4,12,1,chug maple syrup,0.5,0.30033760905579315,0.338655590474353,0.326487652247205
4of12_g300,4/12,4,12,1,clap three times before entering a room,0.995,0.368285582541506,0.3867868640272627,0.38202577924617376
4of12_g300,4/12,4,12,1,dance around a fire on their 10th birthday,0.11,0.34074240783455173,0.4903018060751595,0.48178338622838957
4of12_g300,4/12,4,12,1,farm potatoes,0.23,0.3065171085750844,0.3877110269417729,0.37869311936112277
4of12_g300,4/12,4,12,1,go to the opera,0.27,0.3282316406289193,0.3669615239564924,0.3606600434470685
4of12_g300,4/12,4,12,1,live in caves,0.01,0.3302888027287926,0.303372204793496,0.2929472004881605
4of12_g300,4/12,4,12,1,look to their left when spoken to,0.07,0.35747560503953496,0.39547139632439116,0.3911884213649659
4of12_g300,4/12,4,12,1,paint their hands yellow,0.51,0.3524642681478943,0.366192643875899,0.3587639481588236
4of12_g300,4/12,4,12,1,play banjos,0.52,0.31535601718595063,0.35309584959348383,0.34425100747211507
4of12_g300,4/12,4,12,1,ride lions,0.01,0.3210686785512978,0.2246354693589602,0.2144823661009675
4of12_g300,4/12,4,12,1,scream out windows,0.06,0.3424789712892034,0.28950859400953344,0.28033358867729796
4of12_g300,4/12,4,12,1,sing beautiful songs,0.37,0.32175257278631086,0.5919184400679521,0.5821089410453408
4of12_g300,4/12,4,12,1,smell garbage for fun,0.005,0.32439188634125954,0.24681091742506517,0.23503422985768258
4of12_g300,4/12,4,12,1,smile when they are sad,0.83,0.3654069493828133,0.3671482998904493,0.3637408311218401
4of12_g300,4/12,4,12,1,wash their clothes in ponds,0.16,0.32577509158483176,0.47425669462896813,0.46618230724862153
4of12_g300,4/12,4,12,1,yell at stray cats,0.07,0.3368722122900428,0.22908921482937478,0.22046946012638635
0of12_g301,0/12,0,12,1,chug maple syrup,0.5,0.05237020871258235,0.284537135347567,0.28695800977603064
0of12_g301,0/12,0,12,1,clap three times before entering a room,0.75,0.05132220351081242,0.29890723013228376,0.3019744776700216
0of12_g301,0/12,0,12,1,dance around a fire on their 10th birthday,0.5,0.050238443734636345,0.41647951173080283,0.4192542981622934
0of12_g301,0/12,0,12,1,farm potatoes,0.02,0.05165634388561816,0.3445662025711025,0.34638971365323984
0of12_g301,0/12,0,12,1,go to the opera,0.75,0.05215074307690885,0.32334520644209025,0.3251735328904913
0of12_g301,0/12,0,12,1,live in caves,0.005,0.050433542986595324,0.23275064780668375,0.2353825475051425
0of12_g301,0/12,0,12,1,look to their left when spoken to,0.5,0.050455869005416695,0.34069379211504475,0.3426298243661832
0of12_g301,0/12,0,12,1,paint their hands yellow,0.85,0.05013408829292153,0.28595463213530137,0.28875314249177647
0of12_g301,0/12,0,12,1,play banjos,0.65,0.05153155367947505,0.3037556466459172,0.30586286725108297
0of12_g301,0/12,0,12,1,ride lions,0.005,0.050519113109698026,0.16322258590008926,0.16569625228711304
0of12_g301,0/12,0,12,1,scream out windows,0.15,0.05023347015950127,0.20711257210346823,0.21018865547325874
0of12_g301,0/12,0,12,1,sing beautiful songs,0.9,0.052510421466828903,0.531184735871642,0.5338106967283621
0of12_g301,0/12,0,12,1,smell garbage for fun,0.05,0.050243914927897794,0.1726669066466886,0.17554998119084197
0of12_g301,0/12,0,12,1,smile when they are sad,0.1,0.05097602072728625,0.31103086579951406,0.312987569293875
0of12_g301,0/12,0,12,1,wash their clothes in ponds,0.7,0.05191828986822154,0.42535772662984733,0.4271982690886182
0of12_g301,0/12,0,12,1,yell at stray cats,0.03,0.05017877914159785,0.1600676746384937,0.16268935339967786
0of12_g302,0/12,0,12,1,chug maple syrup,0.36,0.05267354952172527,0.28460333895314177,0.28169945601353014
0of12_g302,0/12,0,12,1,clap three times before entering a room,0.05,0.05135867625380764,0.29891734237714745,0.2953441668767036
0of12_g302,0/12,0,12,1,dance around a fire on their 10th birthday,0.67,0.05037483302772018,0.41651417070893637,0.41325872925604623
0of12_g302,0/12,0,12,1,farm potatoes,0.48,0.05182704137298401,0.34459509957736345,0.3423983788894363
0of12_g302,0/12,0,12,1,go to the opera,0.13,0.05252273034560648,0.323403974415415,0.32127036124020675
0of12_g302,0/12,0,12,1,live in caves,0.69,0.05040604466688035,0.2327437085976277,0.22958818648080884
0of12_g302,0/12,0,12,1,look to their left when spoken to,0.07,0.050487493712253716,0.3406994345069532,0.3384325228766216
0of12_g302,0/12,0,12,1,paint their hands yellow,0.2,0.05007428926330906,0.2859387615555187,0.2826295856691778
0of12_g302,0/12,0,12,1,play banjos,0.38,0.05186495338287928,0.30381799874477106,0.3013326364667562
0of12_g302,0/12,0,12,1,ride lions,0.05,0.050719240869009675,0.16326801351975456,0.16033853449861163
0of12_g302,0/12,0,12,1,scream out windows,0.1,0.05035932483468891,0.20714805571068767,0.20354026952231571
0of12_g302,0/12,0,12,1,sing beautiful songs,0.76,0.05292470766877059,0.5312781875675152,0.5282070226083517
0of12_g302,0/12,0,12,1,smell garbage for fun,0.13,0.0503447957952645,0.1726941901318766,0.1692619230198728
0of12_g302,0/12,0,12,1,smile when they are sad,0.07,0.05099897229538255,0.3110349620349431,0.3087508564443542
0of12_g302,0/12,0,12,1,wash their clothes in ponds,0.25,0.051796592649269564,0.42533599677549344,0.4230951991415513
0of12_g302,0/12,0,12,1,yell at stray cats,0.17,0.050321859233419676,0.16010212121859058,0.15702035762319932
16of16_g303,16/16,16,16,35,chug maple syrup,0.5519999999999999,0.9572096987072558,0.4820167849645874,0.4674585105749238
16of16_g303,16/16,16,16,35,clap three times before entering a room,0.46785714285714286,0.9577981571400058,0.5502320840732853,0.5260572128816169
16of16_g303,16/16,16,16,35,dance around a fire on their 10th birthday,0.5644285714285715,0.9588885347709997,0.6473838805725375,0.6274663266004296
16of16_g303,16/16,16,16,35,farm potatoes,0.4472857142857143,0.9579547568074339,0.4979914891214776,0.48637003870247797
16of16_g303,16/16,16,16,35,go to the opera,0.505,0.9569910204563511,0.46629533876903456,0.45449158730148775
16of16_g303,16/16,16,16,35,live in caves,0.34285714285714297,0.9590571283215091,0.46204207642018663,0.4429610641822246
16of16_g303,16/16,16,16,35,look to their left when spoken to,0.40042857142857147,0.9586805602037471,0.5027367060666397,0.487818672529571
16of16_g303,16/16,16,16,35,paint their hands yellow,0.5265714285714286,0.9591457849647315,0.5272050796588701,0.5054156066125588
16of16_g303,16/16,16,16,35,play banjos,0.42357142857142865,0.9577336622324396,0.47323271239353176,0.4599804594032001
16of16_g303,16/16,16,16,35,ride lions,0.3645714285714286,0.9587532776682354,0.36938547073177236,0.3529140216349912
16of16_g303,16/16,16,16,35,scream out windows,0.4008571428571429,0.9588905673450898,0.46330036556954207,0.4410519167371388
16of16_g303,16/16,16,16,35,sing beautiful songs,0.7582857142857143,0.9566835445166425,0.7351415930295717,0.7187264873554131
16of16_g303,16/16,16,16,35,smell garbage for fun,0.33242857142857146,0.9591020550404219,0.4184698844659654,0.3985520782431892
16of16_g303,16/16,16,16,35,smile when they are sad,0.4701428571428572,0.9581537904784366,0.4729376124432078,0.4575537213050448
16of16_g303,16/16,16,16,35,wash their clothes in ponds,0.5948571428571428,0.9579298824398677,0.5871321707710545,0.5737777266977171
16of16_g303,16/16,16,16,35,yell at stray cats,0.3681428571428572,0.9589707674492284,0.37885965064321536,0.3602720867355142
12of16_g304,12/16,12,16,1,chug maple syrup,0.76,0.7160274163881352,0.4293791700805447,0.4490656795649499
12of16_g304,12/16,12,16,1,clap three times before entering a room,0.01,0.7439988207892664,0.4909551812873864,0.5142131473650545
12of16_g304,12/16,12,16,1,dance around a fire on their 10th birthday,0.995,0.7352457234728494,0.5905522104960041,0.6126632749275709
12of16_g304,12/16,12,16,1,farm potatoes,0.24,0.7300964023186478,0.45941784402633296,0.4733710630758708
12of16_g304,12/16,12,16,1,go to the opera,0.995,0.7086947026376605,0.4270685355687273,0.44306417414811083
12of16_g304,12/16,12,16,1,live in caves,0.01,0.7511886697817461,0.40958640985865796,0.42814052077743636
12of16_g304,12/16,12,16,1,look to their left when spoken to,0.995,0.7456113973913775,0.46472150085372216,0.47936977945667664
12of16_g304,12/16,12,16,1,paint their hands yellow,0.995,0.7549943326921275,0.4730235664795804,0.49292334614145683
12of16_g304,12/16,12,16,1,play banjos,0.01,0.7134928457518463,0.42755502468760737,0.4455436598478551
12of16_g304,12/16,12,16,1,ride lions,0.995,0.7283813073165001,0.3170926239688915,0.33706987580808895
12of16_g304,12/16,12,16,1,scream out windows,0.995,0.7363336364860179,0.40055241674047803,0.4249507711641133
12of16_g304,12/16,12,16,1,sing beautiful songs,0.995,0.704005115507756,0.6781442139453271,0.7013536432541386
12of16_g304,12/16,12,16,1,smell garbage for fun,0.01,0.7388160116502264,0.3588929680611317,0.3809438901421543
12of16_g304,12/16,12,16,1,smile when they are sad,0.01,0.7457973400378866,0.43503771766397,0.44977565223339855
12of16_g304,12/16,12,16,1,wash their clothes in ponds,0.995,0.757618596931565,0.5513652477713868,0.5631904548475704
12of16_g304,12/16,12,16,1,yell at stray cats,0.01,0.7346304171077741,0.32484963605208417,0.3457595606892042
12of16_g305,12/16,12,16,1,chug maple syrup,0.63,0.755542803196581,0.4380033347281982,0.44566445086086864
12of16_g305,12/16,12,16,1,clap three times before entering a room,0.41,0.7224725124408398,0.4849869079097008,0.492735202932849
12of16_g305,12/16,12,16,1,dance around a fire on their 10th birthday,0.88,0.7366843309659236,0.5909177865945223,0.598813065384294
12of16_g305,12/16,12,16,1,farm potatoes,0.87,0.7611217261493592,0.46467005359790126,0.4702454843313879
12of16_g305,12/16,12,16,1,go to the opera,0.14,0.7258025577530262,0.4297713000385567,0.43531381858492163
12of16_g305,12/16,12,16,1,live in caves,0.6,0.7586669104132695,0.4114735460783121,0.41882008984713187
12of16_g305,12/16,12,16,1,look to their left when spoken to,0.14,0.7322256854518764,0.4623332594977957,0.467433309360451
12of16_g305,12/16,12,16,1,paint their hands yellow,0.68,0.744351032888276,0.47019884942675494,0.47751316772332425
12of16_g305,12/16,12,16,1,play banjos,0.69,0.7404232993732904,0.4325915327865595,0.43916211303475117
12of16_g305,12/16,12,16,1,ride lions,0.37,0.7472466045536122,0.32137491619415776,0.3288489975860025
12of16_g305,12/16,12,16,1,scream out windows,0.6,0.7361932440513862,0.40051283434117796,0.4092028567171904
12of16_g305,12/16,12,16,1,sing beautiful songs,0.86,0.7277114117082061,0.6834917094023807,0.6916107455344218
12of16_g305,12/16,12,16,1,smell garbage for fun,0.4,0.7529807013165842,0.3627238441310161,0.37118514819195964
12of16_g305,12/16,12,16,1,smile when they are sad,0.005,0.7262511787357436,0.43154925543382633,0.43653921300864973
12of16_g305,12/16,12,16,1,wash their clothes in ponds,0.69,0.768216193096959,0.5532575196175157,0.558247912462572
12of16_g305,12/16,12,16,1,yell at stray cats,0.53,0.7392987407703822,0.32597353653966843,0.3335256291831243
12of16_g306,12/16,12,16,1,chug maple syrup,0.18,0.730885492768932,0.43262191948539214,0.39766592472231366
12of16_g306,12/16,12,16,1,clap three times before entering a room,0.24,0.7528914462297359,0.49342070481399536,0.44907894629243833
12of16_g306,12/16,12,16,1,dance around a fire on their 10th birthday,0.22,0.7470987243524124,0.5935642716997338,0.552397237712262
12of16_g306,12/16,12,16,1,farm potatoes,0.75,0.7349353391709127,0.46023701711829995,0.4347825617257384
12of16_g306,12/16,12,16,1,go to the opera,0.37,0.7389784032316012,0.43185287056737587,0.40356693887412864
12of16_g306,12/16,12,16,1,live in caves,0.12,0.7452020038291559,0.4080756729472941,0.3725445878024307
12of16_g306,12/16,12,16,1,look to their left when spoken to,0.34,0.7517106064561192,0.46580970470815236,0.4378617088721413
12of16_g306,12/16,12,16,1,paint their hands yellow,0.33,0.7516528958926134,0.4721367537727627,0.43348061533898385
12of16_g306,12/16,12,16,1,play banjos,0.31,0.7365737294964478,0.4318715898500335,0.39990532219259034
12of16_g306,12/16,12,16,1,ride lions,0.01,0.7408428925749182,0.3199213177867465,0.28340457847756906
12of16_g306,12/16,12,16,1,scream out windows,0.26,0.7476330409488491,0.40373818341283385,0.35819819180107915
12of16_g306,12/16,12,16,1,sing beautiful songs,0.63,0.736278188315266,0.6854241411327737,0.6447779030373508
12of16_g306,12/16,12,16,1,smell garbage for fun,0.16,0.7429584635678751,0.3600133046372063,0.31887045491463534
12of16_g306,12/16,12,16,1,smile when they are sad,0.22,0.7528504755978626,0.436296511993185,0.4081143048197265
12of16_g306,12/16,12,16,1,wash their clothes in ponds,0.26,0.742210863529965,0.5486140936725252,0.5257071790600428
12of16_g306,12/16,12,16,1,yell at stray cats,0.25,0.7461331189410121,0.3276189153765794,0.2887723408395966
12of16_g307,12/16,12,16,1,chug maple syrup,0.82,0.7526082641532544,0.4373628766707509,0.4559269716773566
12of16_g307,12/16,12,16,1,clap three times before entering a room,0.995,0.7474259770034721,0.49190537696717235,0.515854654861664
12of16_g307,12/16,12,16,1,dance around a fire on their 10th birthday,0.98,0.7517455256212594,0.5947451076724594,0.6166628874467014
12of16_g307,12/16,12,16,1,farm potatoes,0.74,0.7495395983557929,0.46270934038219325,0.4765641536079772
12of16_g307,12/16,12,16,1,go to the opera,0.5,0.7564164883698962,0.434607806040924,0.4490405983658662
12of16_g307,12/16,12,16,1,live in caves,0.66,0.7453296400517536,0.40810788198555215,0.4279936241622139
12of16_g307,12/16,12,16,1,look to their left when spoken to,0.5,0.748205903635455,0.4651844054148184,0.48033825314222967
12of16_g307,12/16,12,16,1,paint their hands yellow,0.89,0.7452399386460834,0.4704347637859018,0.49193354506773146
12of16_g307,12/16,12,16,1,play banjos,0.995,0.7555799867111379,0.4354261221924198,0.4519945606600253
12of16_g307,12/16,12,16,1,ride lions,0.65,0.7528510741160256,0.3226470920911084,0.34204864023803205
12of16_g307,12/16,12,16,1,scream out windows,0.51,0.7514371949640642,0.404810730830536,0.4290967991248075
12of16_g307,12/16,12,16,1,sing beautiful songs,0.995,0.756983230896178,0.6900946354269192,0.7107546545479538
12of16_g307,12/16,12,16,1,smell garbage for fun,0.51,0.7499349317219991,0.36190010805708084,0.3842501085082625
12of16_g307,12/16,12,16,1,smile when they are sad,0.87,0.7473632557078248,0.4353171913460771,0.45059538701331264
12of16_g307,12/16,12,16,1,wash their clothes in ponds,0.51,0.7398334266764628,0.5481895863829832,0.5614136191006202
12of16_g307,12/16,12,16,1,yell at stray cats,0.51,0.7519438734939409,0.3290178564841933,0.3497093886366516
12of16_g308,12/16,12,16,1,chug maple syrup,0.14,0.7609137158069557,0.4391755270917595,0.41094938932058805
12of16_g308,12/16,12,16,1,clap three times before entering a room,0.04,0.7237110423647187,0.48533029633713154,0.4449125781916816
12of16_g308,12/16,12,16,1,dance around a fire on their 10th birthday,0.51,0.7395371025667055,0.5916427272866835,0.5556372292664717
12of16_g308,12/16,12,16,1,farm potatoes,0.74,0.7634707522982018,0.4650677151240189,0.4447555455742184
12of16_g308,12/16,12,16,1,go to the opera,0.23,0.7344893315908073,0.4311436698375685,0.4061541410835523
12of16_g308,12/16,12,16,1,live in caves,0.27,0.7566865140074612,0.4109737924636825,0.38190505265968716
12of16_g308,12/16,12,16,1,look to their left when spoken to,0.11,0.7328138487195887,0.46243819794607066,0.43754050233283365
12of16_g308,12/16,12,16,1,paint their hands yellow,0.01,0.7421340416515649,0.46961046301767945,0.43621441663778926
12of16_g308,12/16,12,16,1,play banjos,0.2,0.7473854662451415,0.43389359068462674,0.40668894140691036
12of16_g308,12/16,12,16,1,ride lions,0.09,0.7509716219884177,0.32222046943403293,0.29147300655863395
12of16_g308,12/16,12,16,1,scream out windows,0.15,0.738825758425382,0.40125504837420606,0.3613404845423487
12of16_g308,12/16,12,16,1,sing beautiful songs,0.75,0.7371245291902307,0.6856150526081777,0.650010452070382
12of16_g308,12/16,12,16,1,smell garbage for fun,0.49,0.7541867065039121,0.36305001127771075,0.3288641254829893
12of16_g308,12/16,12,16,1,smile when they are sad,0.46,0.726949460911926,0.4316738799552319,0.40618644281792726
12of16_g308,12/16,12,16,1,wash their clothes in ponds,0.08,0.7638908155243405,0.5524851944527515,0.5345448198230635
12of16_g308,12/16,12,16,1,yell at stray cats,0.07,0.7421665051119543,0.3266639517667842,0.2929593358225632
12of16_g309,12/16,12,16,1,chug maple syrup,0.995,0.7585264081543749,0.4386545013363932,0.444216063531209
12of16_g309,12/16,12,16,1,clap three times before entering a room,0.995,0.7196384481853183,0.4842011498515563,0.4902388611457349
12of16_g309,12/16,12,16,1,dance around a fire on their 10th birthday,0.5,0.7360815799365553,0.5907646166918525,0.5967106140970426
12of16_g309,12/16,12,16,1,farm potatoes,0.5,0.7636887399740158,0.4651046177833962,0.46926180492250485
12of16_g309,12/16,12,16,1,go to the opera,0.64,0.7259381991494251,0.42979272918583156,0.43374959961189496
12of16_g309,12/16,12,16,1,live in caves,0.5,0.7594517186739378,0.4116715926733826,0.4174182716556616
12of16_g309,12/16,12,16,1,look to their left when spoken to,0.5,0.7303839443197996,0.46200466118652045,0.4659664243138011
12of16_g309,12/16,12,16,1,paint their hands yellow,0.14,0.7432474391038736,0.4699059571621712,0.47571454366275423
12of16_g309,12/16,12,16,1,play banjos,0.11,0.7418691393538369,0.4328619324194128,0.4375910765571707
12of16_g309,12/16,12,16,1,ride lions,0.5,0.7483522540775959,0.32162589100260713,0.3271616703812251
12of16_g309,12/16,12,16,1,scream out windows,0.5,0.7354562033558691,0.4003050322670358,0.40686955640023
12of16_g309,12/16,12,16,1,sing beautiful songs,0.1,0.728431264769485,0.6836540886683101,0.689401184919588
12of16_g309,12/16,12,16,1,smell garbage for fun,0.995,0.7539821167757501,0.3629946794693746,0.36940784233947005
12of16_g309,12/16,12,16,1,smile when they are sad,0.5,0.7237205686905478,0.4310976098433994,0.43499382517650476
12of16_g309,12/16,12,16,1,wash their clothes in ponds,0.9,0.7696691243302812,0.553516950230295,0.5575054776129058
12of16_g309,12/16,12,16,1,yell at stray cats,0.75,0.7390388911512773,0.32591097765671223,0.33158724377046606
12of16_g310,12/16,12,16,1,chug maple syrup,0.45,0.7264042130018311,0.4316438879471708,0.41673156184737925
12of16_g310,12/16,12,16,1,clap three times before entering a room,0.2,0.7382361546244163,0.48935745414813553,0.47149703909008844
12of16_g310,12/16,12,16,1,dance around a fire on their 10th birthday,0.8,0.7355322314217018,0.5906250173308359,0.573675805558201
12of16_g310,12/16,12,16,1,farm potatoes,0.75,0.7391294279173801,0.4609470252773896,0.4505707998280445
12of16_g310,12/16,12,16,1,go to the opera,0.5,0.7112511881236611,0.42747241893649035,0.4149126513804523
12of16_g310,12/16,12,16,1,live in caves,0.005,0.7549321623960484,0.4105310813193058,0.3970275100627457
12of16_g310,12/16,12,16,1,look to their left when spoken to,0.15,0.7424439769396808,0.46415637853908254,0.45301418280278893
12of16_g310,12/16,12,16,1,paint their hands yellow,0.995,0.7536125062269796,0.47265683164620326,0.45794552687525464
12of16_g310,12/16,12,16,1,play banjos,0.25,0.7196067145348997,0.42869843467522295,0.41478000905868545
12of16_g310,12/16,12,16,1,ride lions,0.33,0.7333976917165959,0.31823130859418425,0.30301742122212416
12of16_g310,12/16,12,16,1,scream out windows,0.15,0.7362446445060651,0.40052732624258736,0.38183377780456895
12of16_g310,12/16,12,16,1,sing beautiful songs,0.75,0.7081880346235848,0.679087766695195,0.6608749061371436
12of16_g310,12/16,12,16,1,smell garbage for fun,0.1,0.7433902255707415,0.36013007576058614,0.3436299673414076
12of16_g310,12/16,12,16,1,smile when they are sad,0.65,0.7408088038052306,0.4341473985899421,0.4228873384410563
12of16_g310,12/16,12,16,1,wash their clothes in ponds,0.5,0.7630000241944639,0.5523261376885575,0.5440321448917815
12of16_g310,12/16,12,16,1,yell at stray cats,0.005,0.7358483227504559,0.32514284724405984,0.3091477853974117
12of16_g311,12/16,12,16,1,chug maple syrup,0.5,0.7762305979731178,0.4425184100636518,0.4286119269937033
12of16_g311,12/16,12,16,1,clap three times before entering a room,0.31,0.7286366728740429,0.4866959512818292,0.47038850892297135
12of16_g311,12/16,12,16,1,dance around a fire on their 10th birthday,0.66,0.7493998299961667,0.5941490241270441,0.5785541842494253
12of16_g311,12/16,12,16,1,farm potatoes,0.32,0.7700454499374066,0.46618073138322763,0.4557170323536782
12of16_g311,12/16,12,16,1,go to the opera,0.49,0.7609995708062787,0.4353318589562558,0.4250442739791389
12of16_g311,12/16,12,16,1,live in caves,0.1,0.7516401023826609,0.4097003290080803,0.394943520749777
12of16_g311,12/16,12,16,1,look to their left when spoken to,0.71,0.7361108194332208,0.4630264342567848,0.4524812897852999
12of16_g311,12/16,12,16,1,paint their hands yellow,0.85,0.7372019972211062,0.46830150524473685,0.45304435795077547
12of16_g311,12/16,12,16,1,play banjos,0.73,0.7685466356076602,0.43785113266946574,0.4257844760760388
12of16_g311,12/16,12,16,1,ride lions,0.4,0.7628357626206582,0.3249135474465523,0.31071998697587194
12of16_g311,12/16,12,16,1,scream out windows,0.71,0.7480637407616516,0.4038596153974955,0.38661866610963247
12of16_g311,12/16,12,16,1,sing beautiful songs,0.36,0.7655942425091433,0.6920370453711641,0.677220511602801
12of16_g311,12/16,12,16,1,smell garbage for fun,0.2,0.7586277211909722,0.3642510949083017,0.34779404161672905
12of16_g311,12/16,12,16,1,smile when they are sad,0.34,0.7304235859666067,0.4322939175088317,0.4218212008852308
12of16_g311,12/16,12,16,1,wash their clothes in ponds,0.35,0.7509385013626669,0.5501724719213548,0.5400469653754547
12of16_g311,12/16,12,16,1,yell at stray cats,0.13,0.7520184510271344,0.3290358110503238,0.31422093997104006
12of16_g312,12/16,12,16,1,chug maple syrup,0.55,0.7600317784746098,0.4389830457983349,0.4133574682846893
12of16_g312,12/16,12,16,1,clap three times before entering a room,0.26,0.7500212039045048,0.49262491621058463,0.4586096632236625
12of16_g312,12/16,12,16,1,dance around a fire on their 10th birthday,0.51,0.7563367693147428,0.5959118254637197,0.5649305031332579
12of16_g312,12/16,12,16,1,farm potatoes,0.42,0.7527284407895749,0.4632491725800559,0.44415816594792795
12of16_g312,12/16,12,16,1,go to the opera,0.2,0.7682512279438098,0.43647750352283277,0.4160149077266373
12of16_g312,12/16,12,16,1,live in caves,0.11,0.7427443787979162,0.40745549054887925,0.3798460708509922
12of16_g312,12/16,12,16,1,look to their left when spoken to,0.45,0.7499260676249865,0.46549131227172236,0.4440397539242326
12of16_g312,12/16,12,16,1,paint their hands yellow,0.29,0.7429919004410529,0.4698381375543589,0.4396409758309582
12of16_g312,12/16,12,16,1,play banjos,0.35,0.7653357085306176,0.4372506281084957,0.4139911066497489
12of16_g312,12/16,12,16,1,ride lions,0.13,0.7583976147841704,0.32390611852900597,0.2967294773556178
12of16_g312,12/16,12,16,1,scream out windows,0.5,0.7557512793976434,0.4060270485980284,0.3716891077894676
12of16_g312,12/16,12,16,1,sing beautiful songs,0.7,0.7697214267108988,0.69296802584077,0.6637541543744652
12of16_g312,12/16,12,16,1,smell garbage for fun,0.6,0.7519956700265996,0.36245743993256396,0.3312721794728567
12of16_g312,12/16,12,16,1,smile when they are sad,0.4,0.7492644293541947,0.43565649952816904,0.41398641446390294
12of16_g312,12/16,12,16,1,wash their clothes in ponds,0.09,0.7330630283685059,0.5469806863734641,0.5288381289311541
12of16_g312,12/16,12,16,1,yell at stray cats,0.14,0.7565248025132751,0.3301207166820962,0.3009219213838662
12of16_g313,12/16,12,16,1,chug maple syrup,0.02,0.7351871075931283,0.43356073946138,0.41204905967124994
12of16_g313,12/16,12,16,1,clap three times before entering a room,0.4,0.7492133988491837,0.49240094834168685,0.4671368926865423
12of16_g313,12/16,12,16,1,dance around a fire on their 10th birthday,0.2,0.7461328080101353,0.5933188149440831,0.5691957800925885
12of16_g313,12/16,12,16,1,farm potatoes,0.6,0.738498877714024,0.46084028080530953,0.4454537693678772
12of16_g313,12/16,12,16,1,go to the opera,0.3,0.7392407949166995,0.4318943242106807,0.41476037484367695
12of16_g313,12/16,12,16,1,live in caves,0.15,0.7459180641532462,0.4082563709803785,0.3876831622560196
12of16_g313,12/16,12,16,1,look to their left when spoken to,0.5,0.7491293957196254,0.46534917229440276,0.4493451171139917
12of16_g313,12/16,12,16,1,paint their hands yellow,0.04,0.7498372212019123,0.4716548762201496,0.44972517135651274
12of16_g313,12/16,12,16,1,play banjos,0.45,0.7385561211137649,0.43224233486518476,0.41277610512722124
12of16_g313,12/16,12,16,1,ride lions,0.05,0.7422136651106727,0.3202324736884369,0.29838270495000946
12of16_g313,12/16,12,16,1,scream out windows,0.5,0.7464875520000318,0.4034152229834857,0.37679363448103775
12of16_g313,12/16,12,16,1,sing beautiful songs,0.5,0.7373534141612927,0.6856666828304863,0.6608394346515
12of16_g313,12/16,12,16,1,smell garbage for fun,0.02,0.7440902294419371,0.360319393574259,0.3360249780491735
12of16_g313,12/16,12,16,1,smile when they are sad,0.5,0.7494842680768276,0.43569573480658375,0.4196447099337235
12of16_g313,12/16,12,16,1,wash their clothes in ponds,0.85,0.7438675977256951,0.5489099146706243,0.5357397463108009
12of16_g313,12/16,12,16,1,yell at stray cats,0.8,0.745607757236758,0.3274924343700677,0.3046569624835388
8of16_g314,8/16,8,16,1,chug maple syrup,0.13,0.4983383358734586,0.3818689057509643,0.39298281411287544
8of16_g314,8/16,8,16,1,clap three times before entering a room,0.5,0.47358137854520727,0.4159806340829182,0.42210268857827726
8of16_g314,8/16,8,16,1,dance around a fire on their 10th birthday,0.8,0.4817871361109218,0.5261438142171098,0.5346762448091625
8of16_g314,8/16,8,16,1,farm potatoes,0.82,0.5093589971474988,0.42204968894859546,0.42915450841330294
8of16_g314,8/16,8,16,1,go to the opera,0.76,0.4630640250982684,0.38826286042846314,0.3961365264642066
8of16_g314,8/16,8,16,1,live in caves,0.37,0.5138269605473168,0.3496881128224387,0.3561342369974552
8of16_g314,8/16,8,16,1,look to their left when spoken to,0.5,0.48245003170217265,0.4177689846437792,0.42203215865542165
8of16_g314,8/16,8,16,1,paint their hands yellow,0.64,0.4991692668142091,0.4051279476918752,0.4102451113496044
8of16_g314,8/16,8,16,1,play banjos,0.72,0.47894617586252647,0.3836903271565123,0.39308122094472575
8of16_g314,8/16,8,16,1,ride lions,0.75,0.4905977000355581,0.2631173867936295,0.27248011055878074
8of16_g314,8/16,8,16,1,scream out windows,0.33,0.4817595701891825,0.3287775211057261,0.3379658277875435
8of16_g314,8/16,8,16,1,sing beautiful songs,0.93,0.4638148508298755,0.6239638249746933,0.6360287972158605
8of16_g314,8/16,8,16,1,smell garbage for fun,0.23,0.5010787672543542,0.2945963303000179,0.30393402169689365
8of16_g314,8/16,8,16,1,smile when they are sad,0.09,0.4775218290092181,0.38715777985779887,0.3910532386359078
8of16_g314,8/16,8,16,1,wash their clothes in ponds,0.76,0.5313805200208513,0.5109689223425684,0.5147105607060337
8of16_g314,8/16,8,16,1,yell at stray cats,0.01,0.48413608634858524,0.26454304190302663,0.2729073270558748
12of16_g315,12/16,12,16,1,chug maple syrup,0.8,0.7486676329582322,0.4365028407458518,0.4151312510497859
12of16_g315,12/16,12,16,1,clap three times before entering a room,0.05,0.7408236666586002,0.49007485440730214,0.4565875395560088
12of16_g315,12/16,12,16,1,dance around a fire on their 10th birthday,0.75,0.7459136927968892,0.5932631338182931,0.5644030527709061
12of16_g315,12/16,12,16,1,farm potatoes,0.1,0.7499557346646425,0.4627797871925583,0.4470676582784876
12of16_g315,12/16,12,16,1,go to the opera,0.24,0.7428317685890512,0.4324616399839483,0.41315250196640746
12of16_g315,12/16,12,16,1,live in caves,0.05,0.749711620477337,0.40921367603289477,0.3855863182632989
12of16_g315,12/16,12,16,1,look to their left when spoken to,0.5,0.7440013025465607,0.46443423222634284,0.443946913335394
12of16_g315,12/16,12,16,1,paint their hands yellow,0.25,0.746599995436739,0.4707957209777668,0.4430384588725898
12of16_g315,12/16,12,16,1,play banjos,0.61,0.746502624511518,0.43372848245422,0.4128688893952496
12of16_g315,12/16,12,16,1,ride lions,0.1,0.7483479543652569,0.3216249149975917,0.29756543571323735
12of16_g315,12/16,12,16,1,scream out windows,0.15,0.7457425047309747,0.40320516352708696,0.3711249578799551
12of16_g315,12/16,12,16,1,sing beautiful songs,0.75,0.7431221135432837,0.6869679444648413,0.6597270605176675
12of16_g315,12/16,12,16,1,smell garbage for fun,0.01,0.7493570248563158,0.36174381168670383,0.3345784475061353
12of16_g315,12/16,12,16,1,smile when they are sad,0.14,0.741993359248765,0.434358809764771,0.41324508451314584
12of16_g315,12/16,12,16,1,wash their clothes in ponds,0.86,0.7497588060127588,0.5499618294074486,0.5352655739541298
12of16_g315,12/16,12,16,1,yell at stray cats,0.06,0.7466124502620067,0.32773431455288227,0.3008214620136942
8of16_g316,8/16,8,16,1,chug maple syrup,0.74,0.5019409082946279,0.38265516093469487,0.39400804230651987
8of16_g316,8/16,8,16,1,clap three times before entering a room,0.8,0.49234264955448653,0.42118228744975805,0.43281135319145847
8of16_g316,8/16,8,16,1,dance around a fire on their 10th birthday,0.92,0.49573014797640025,0.5296869848900794,0.5413719483100945
8of16_g316,8/16,8,16,1,farm potatoes,0.5,0.5044177942640898,0.4212132034627095,0.4302675056108574
8of16_g316,8/16,8,16,1,go to the opera,0.45,0.49135867835725966,0.3927329581115946,0.3995445834689405
8of16_g316,8/16,8,16,1,live in caves,0.76,0.5043755323032858,0.3473030421292615,0.3605201669492284
8of16_g316,8/16,8,16,1,look to their left when spoken to,0.42,0.4951419160315113,0.4200334352144294,0.4279973377309054
8of16_g316,8/16,8,16,1,paint their hands yellow,0.96,0.49965936991765497,0.40525802037792746,0.4180176830263043
8of16_g316,8/16,8,16,1,play banjos,0.58,0.4961852819882212,0.38691436856484646,0.39577355088681915
8of16_g316,8/16,8,16,1,ride lions,0.71,0.49893608982289145,0.2650101437064277,0.27617869556131336
8of16_g316,8/16,8,16,1,scream out windows,0.16,0.4956430745840891,0.3326918517894617,0.34561035278625857
8of16_g316,8/16,8,16,1,sing beautiful songs,0.59,0.4918649348472501,0.6302911607839046,0.6401572625871383
8of16_g316,8/16,8,16,1,smell garbage for fun,0.71,0.5014539327878409,0.2946977947654127,0.3084361687521855
8of16_g316,8/16,8,16,1,smile when they are sad,0.18,0.4935037065911377,0.39001011364597826,0.39767924943754984
8of16_g316,8/16,8,16,1,wash their clothes in ponds,0.58,0.5089154676368283,0.5069576366241231,0.5168237572065344
8of16_g316,8/16,8,16,1,yell at stray cats,0.24,0.4965198243950248,0.26752443099136025,0.27877725422981814
12of16_g317,12/16,12,16,1,chug maple syrup,0.02,0.7413994151261811,0.4349165648077601,0.42688446124325885
12of16_g317,12/16,12,16,1,clap three times before entering a room,0.02,0.741165293618016,0.4901695721384606,0.47981929156279274
12of16_g317,12/16,12,16,1,dance around a fire on their 10th birthday,0.995,0.7431780245217893,0.5925679511922706,0.5830869290308212
12of16_g317,12/16,12,16,1,farm potatoes,0.02,0.7452152129858791,0.4619772745911981,0.45570860119866163
12of16_g317,12/16,12,16,1,go to the opera,0.02,0.7355979341656985,0.4313188111180138,0.42552126485323155
12of16_g317,12/16,12,16,1,live in caves,0.03,0.7493481618322068,0.40912195713705174,0.39968970261062153
12of16_g317,12/16,12,16,1,look to their left when spoken to,0.02,0.7438595057057977,0.4644089332298621,0.4577313107193411
12of16_g317,12/16,12,16,1,paint their hands yellow,0.02,0.7477553684865945,0.4711023553878133,0.46114461604622625
12of16_g317,12/16,12,16,1,play banjos,0.02,0.7392669831178109,0.43237527960837185,0.4254812216991918
12of16_g317,12/16,12,16,1,ride lions,0.02,0.7436213460052584,0.3205520075327636,0.3121121529063035
12of16_g317,12/16,12,16,1,scream out windows,0.02,0.7432701294989555,0.40250809930200915,0.3919820312016646
12of16_g317,12/16,12,16,1,sing beautiful songs,0.02,0.7348869949032985,0.6851103257485621,0.6768589998411649
12of16_g317,12/16,12,16,1,smell garbage for fun,0.02,0.7465027052879044,0.36097185375553925,0.35087928149946856
12of16_g317,12/16,12,16,1,smile when they are sad,0.03,0.7424020241622804,0.43443174542172924,0.42775953986922954
12of16_g317,12/16,12,16,1,wash their clothes in ponds,0.02,0.7508340736101946,0.5501538256460227,0.5435178823221216
12of16_g317,12/16,12,16,1,yell at stray cats,0.02,0.7435763975070084,0.3270033838337882,0.3180203332888194
12of16_g318,12/16,12,16,1,chug maple syrup,0.995,0.7515999617917294,0.43714281642883646,0.4642197577387506
12of16_g318,12/16,12,16,1,clap three times before entering a room,0.995,0.7546750892212737,0.4939152284828653,0.5269336099217397
12of16_g318,12/16,12,16,1,dance around a fire on their 10th birthday,0.995,0.7561611168916015,0.5958671890164216,0.6265859440610472
12of16_g318,12/16,12,16,1,farm potatoes,0.995,0.7461710473794283,0.46213908571613677,0.4831697526922473
12of16_g318,12/16,12,16,1,go to the opera,0.8,0.7644002740083519,0.4358691150719417,0.4549078191693341
12of16_g318,12/16,12,16,1,live in caves,0.995,0.7418400875068777,0.40722729237600386,0.4382351810752135
12of16_g318,12/16,12,16,1,look to their left when spoken to,0.91,0.7530979631204663,0.46605723301118096,0.48747332534231846
12of16_g318,12/16,12,16,1,paint their hands yellow,0.87,0.746113511303972,0.47066660876152927,0.5027720216343557
12of16_g318,12/16,12,16,1,play banjos,0.83,0.7596221298723844,0.43618208000341374,0.4590127033042385
12of16_g318,12/16,12,16,1,ride lions,0.995,0.7545164071081466,0.3230251111827244,0.35080906674215107
12of16_g318,12/16,12,16,1,scream out windows,0.86,0.7559247847997647,0.40607596690424264,0.4401322275555539
12of16_g318,12/16,12,16,1,sing beautiful songs,0.8,0.76455068277627,0.6918016466870542,0.719068101277145
12of16_g318,12/16,12,16,1,smell garbage for fun,0.995,0.7493008990437499,0.36172863231904195,0.3949211503375702
12of16_g318,12/16,12,16,1,smile when they are sad,0.995,0.7536407610346971,0.4364375566133953,0.45774803527872676
12of16_g318,12/16,12,16,1,wash their clothes in ponds,0.995,0.731648006465898,0.5467280247258441,0.5688016572861595
12of16_g318,12/16,12,16,1,yell at stray cats,0.75,0.7556880679409352,0.3299192725531547,0.3590991654707477
8of16_g319,8/16,8,16,1,chug maple syrup,0.58,0.4789310595513002,0.3776333013476429,0.3503670753772741
8of16_g319,8/16,8,16,1,clap three times before entering a room,0.17,0.49449646114497864,0.4217794421577562,0.38525153199714857
8of16_g319,8/16,8,16,1,dance around a fire on their 10th birthday,0.53,0.4881733838501972,0.5277666748958805,0.49450601108262326
8of16_g319,8/16,8,16,1,farm potatoes,0.59,0.49052436527035037,0.4188612150953685,0.3984497700530575
8of16_g319,8/16,8,16,1,go to the opera,0.42,0.46723464799987424,0.3889217514068765,0.36722477855089347
8of16_g319,8/16,8,16,1,live in caves,0.11,0.5064483802687554,0.3478261259221238,0.3180970149275809
8of16_g319,8/16,8,16,1,look to their left when spoken to,0.3,0.4965073255397714,0.4202770477671378,0.3971925036460343
8of16_g319,8/16,8,16,1,paint their hands yellow,0.29,0.5066389493645405,0.40711039111336744,0.37452669309160835
8of16_g319,8/16,8,16,1,play banjos,0.5,0.47290003586088586,0.3825595837418743,0.3578037587997692
8of16_g319,8/16,8,16,1,ride lions,0.05,0.4848505525743943,0.26181282399872235,0.23269974493276435
8of16_g319,8/16,8,16,1,scream out windows,0.26,0.4889913072725198,0.33081644510912117,0.29393940626701137
8of16_g319,8/16,8,16,1,sing beautiful songs,0.65,0.4644230509954807,0.6241010183850452,0.5931890204745772
8of16_g319,8/16,8,16,1,smell garbage for fun,0.08,0.4943252458210634,0.29276982338347796,0.2592548681358358
8of16_g319,8/16,8,16,1,smile when they are sad,0.37,0.49627849231251625,0.39050533800416,0.3672072999685212
8of16_g319,8/16,8,16,1,wash their clothes in ponds,0.4,0.5161535477473496,0.5082500443550281,0.4887698040938605
8of16_g319,8/16,8,16,1,yell at stray cats,0.15,0.48806690815591425,0.26548938857158555,0.23414226427290685
8of16_g320,8/16,8,16,1,chug maple syrup,0.32,0.46503008816902736,0.37459943844901583,0.36723133601588887
8of16_g320,8/16,8,16,1,clap three times before entering a room,0.37,0.5246568115461269,0.43014154556384254,0.41585052797473254
8of16_g320,8/16,8,16,1,dance around a fire on their 10th birthday,0.83,0.5025490325222823,0.5314197863807782,0.5198328512345494
8of16_g320,8/16,8,16,1,farm potatoes,0.75,0.47020946570271765,0.4154221499453393,0.4096278952156416
8of16_g320,8/16,8,16,1,go to the opera,0.64,0.491582498595686,0.3927683180900353,0.385809724750269
8of16_g320,8/16,8,16,1,live in caves,0.05,0.49133980243747116,0.34401347186915143,0.3340548312635293
8of16_g320,8/16,8,16,1,look to their left when spoken to,0.5,0.5161029268707163,0.42377324025240326,0.41506394781023015
8of16_g320,8/16,8,16,1,paint their hands yellow,0.41,0.5111674580368945,0.4083122510540258,0.39611410188846174
8of16_g320,8/16,8,16,1,play banjos,0.4,0.480146912501005,0.38391488779293587,0.3764759670485299
8of16_g320,8/16,8,16,1,ride lions,0.08,0.4851247513986914,0.26187506523874665,0.2527407126389557
8of16_g320,8/16,8,16,1,scream out windows,0.13,0.5039989960071867,0.3350477295770118,0.32208695624305217
8of16_g320,8/16,8,16,1,sing beautiful songs,0.95,0.48574596882327326,0.628910888524653,0.6193586797194066
8of16_g320,8/16,8,16,1,smell garbage for fun,0.29,0.48745414998338593,0.2909115181725309,0.28012928891183425
8of16_g320,8/16,8,16,1,smile when they are sad,0.03,0.5223963255262348,0.3951666662972637,0.3861193240614932
8of16_g320,8/16,8,16,1,wash their clothes in ponds,0.9,0.4848160546815823,0.5026545248682368,0.49631151682677027
8of16_g320,8/16,8,16,1,yell at stray cats,0.1,0.49921856145321725,0.26817415284330864,0.2574481605622296
8of16_g321,8/16,8,16,1,chug maple syrup,0.5,0.4539886067916604,0.3721896542853427,0.38597853608235955
8of16_g321,8/16,8,16,1,clap three times before entering a room,0.5,0.5188177210806014,0.42852262941662306,0.4421986309511294
8of16_g321,8/16,8,16,1,dance around a fire on their 10th birthday,0.25,0.4944036068797154,0.529349886883163,0.5432655930889523
8of16_g321,8/16,8,16,1,farm potatoes,0.8,0.4664458970876619,0.41478502360264236,0.4263709372650337
8of16_g321,8/16,8,16,1,go to the opera,0.35,0.4706969531639103,0.3894687396364331,0.3966705138472195
8of16_g321,8/16,8,16,1,live in caves,0.995,0.49630893175469953,0.3452674331117407,0.36287321190075705
8of16_g321,8/16,8,16,1,look to their left when spoken to,0.5,0.5122692402148116,0.4230892445815957,0.4327589376178965
8of16_g321,8/16,8,16,1,paint their hands yellow,0.75,0.5144124001808197,0.40917345421266094,0.4256440706305413
8of16_g321,8/16,8,16,1,play banjos,0.25,0.4638408491892471,0.38086534317381726,0.3909318149046286
8of16_g321,8/16,8,16,1,ride lions,0.03,0.476258733902361,0.2598625404787911,0.273380878397867
8of16_g321,8/16,8,16,1,scream out windows,0.77,0.4962685273040246,0.33286819262555256,0.3482874211473546
8of16_g321,8/16,8,16,1,sing beautiful songs,0.5,0.46348690887504906,0.6238898501918431,0.6342589171937171
8of16_g321,8/16,8,16,1,smell garbage for fun,0.89,0.48466763730147805,0.2901578987849559,0.30757169673962315
8of16_g321,8/16,8,16,1,smile when they are sad,0.65,0.517891482586528,0.3943626734208633,0.40353283080289754
8of16_g321,8/16,8,16,1,wash their clothes in ponds,0.75,0.49701506846585014,0.5048327405668013,0.518627269171478
8of16_g321,8/16,8,16,1,yell at stray cats,0.76,0.49127955798023226,0.26626283509435117,0.2797576652346691
8of16_g322,8/16,8,16,1,chug maple syrup,0.005,0.47723757163527325,0.3772637005466327,0.3669744178518138
8of16_g322,8/16,8,16,1,clap three times before entering a room,0.005,0.5345750263640041,0.4328914187187549,0.4244785314248798
8of16_g322,8/16,8,16,1,dance around a fire on their 10th birthday,0.005,0.5141758397700639,0.5343743677049616,0.5249096892708225
8of16_g322,8/16,8,16,1,farm potatoes,0.05,0.47268032097651536,0.4158404356589651,0.40846244604436055
8of16_g322,8/16,8,16,1,go to the opera,0.04,0.5208343823123172,0.3973896427068122,0.39047767235433006
8of16_g322,8/16,8,16,1,live in caves,0.005,0.4835715284561458,0.34205314564849465,0.3330202333282224
8of16_g322,8/16,8,16,1,look to their left when spoken to,0.005,0.5225663838398794,0.424926432201085,0.4191764185304153
8of16_g322,8/16,8,16,1,paint their hands yellow,0.005,0.5072532327471779,0.407273421073829,0.3989490893975191
8of16_g322,8/16,8,16,1,play banjos,0.01,0.5015427601565243,0.3879163190913364,0.379429152212436
8of16_g322,8/16,8,16,1,ride lions,0.005,0.4962601449282004,0.2644027226902757,0.25488965696335153
8of16_g322,8/16,8,16,1,scream out windows,0.03,0.5151463205703014,0.3381906186731515,0.3278319265887994
8of16_g322,8/16,8,16,1,sing beautiful songs,0.63,0.5164713336493763,0.6358416948992389,0.6255439459660744
8of16_g322,8/16,8,16,1,smell garbage for fun,0.005,0.4901747717792936,0.2916473172036881,0.2809967352667647
8of16_g322,8/16,8,16,1,smile when they are sad,0.005,0.530246271436778,0.3965676697676791,0.3911026012484452
8of16_g322,8/16,8,16,1,wash their clothes in ponds,0.04,0.46668790357450624,0.49941762194922357,0.4932349192349831
8of16_g322,8/16,8,16,1,yell at stray cats,0.05,0.5102742788638224,0.27083582051813115,0.2616695206208539
12of16_g323,12/16,12,16,1,chug maple syrup,0.005,0.779483119753034,0.44322826730194864,0.4288953324530206
12of16_g323,12/16,12,16,1,clap three times before entering a room,0.25,0.7066372168497168,0.48059649541655314,0.4563430593295182
12of16_g323,12/16,12,16,1,dance around a fire on their 10th birthday,0.1,0.736953932134619,0.5909862971117288,0.5705400010359104
12of16_g323,12/16,12,16,1,farm potatoes,0.03,0.7786094085865295,0.4676305053109026,0.45719009128209015
12of16_g323,12/16,12,16,1,go to the opera,0.03,0.7394966609098897,0.4319347469001861,0.4180954459005415
12of16_g323,12/16,12,16,1,live in caves,0.1,0.7600119394163509,0.4118129645422621,0.3958887563702587
12of16_g323,12/16,12,16,1,look to their left when spoken to,0.05,0.7214956416965211,0.46041883504556924,0.44578218635955036
12of16_g323,12/16,12,16,1,paint their hands yellow,0.5,0.7338676982919741,0.4674165869188499,0.44803632107394276
12of16_g323,12/16,12,16,1,play banjos,0.005,0.7585618521365803,0.4359837878588186,0.4214413122082674
12of16_g323,12/16,12,16,1,ride lions,0.005,0.7586477815427813,0.32396290465603883,0.307343738377724
12of16_g323,12/16,12,16,1,scream out windows,0.04,0.7353288192515763,0.4002691174508719,0.37751667444762244
12of16_g323,12/16,12,16,1,sing beautiful songs,0.15,0.745762586856058,0.6875635634061192,0.6681475026343806
12of16_g323,12/16,12,16,1,smell garbage for fun,0.005,0.7601077870537105,0.3646513824563504,0.34609144424586974
12of16_g323,12/16,12,16,1,smile when they are sad,0.01,0.71143163653442,0.42890436713897384,0.4136902018150783
12of16_g323,12/16,12,16,1,wash their clothes in ponds,0.005,0.7703989265159928,0.5536472613034585,0.5440565250373883
12of16_g323,12/16,12,16,1,yell at stray cats,0.25,0.7416009325194353,0.32652778997543547,0.30756236209900883
8of16_g324,8/16,8,16,1,chug maple syrup,0.08,0.49241801930613155,0.3805768069265148,0.3551377982422215
8of16_g324,8/16,8,16,1,clap three times before entering a room,0.08,0.48585494366802195,0.41938353953173557,0.3906030554290407
8of16_g324,8/16,8,16,1,dance around a fire on their 10th birthday,0.49,0.4874655856807502,0.5275868106211771,0.4996808107078262
8of16_g324,8/16,8,16,1,farm potatoes,0.5,0.5012738404233389,0.4206809703571,0.40189775815569295
8of16_g324,8/16,8,16,1,go to the opera,0.25,0.47199125320460045,0.3896732181136989,0.3708599063528377
8of16_g324,8/16,8,16,1,live in caves,0.04,0.5081726404258504,0.34826124347916576,0.32256810595469965
8of16_g324,8/16,8,16,1,look to their left when spoken to,0.5,0.4904804868367556,0.4192017560306135,0.40058846564532247
8of16_g324,8/16,8,16,1,paint their hands yellow,0.12,0.5013508356388191,0.4057069330417532,0.37914954224724096
8of16_g324,8/16,8,16,1,play banjos,0.07,0.4812316951739884,0.38411776282782695,0.361996814945837
8of16_g324,8/16,8,16,1,ride lions,0.07,0.4905144932083797,0.26309849941832675,0.23745396637025445
8of16_g324,8/16,8,16,1,scream out windows,0.5,0.48771794398485135,0.33045743164633207,0.29964709246942545
8of16_g324,8/16,8,16,1,sing beautiful songs,0.5,0.4714015343853895,0.6256751743775766,0.5984474001815707
8of16_g324,8/16,8,16,1,smell garbage for fun,0.02,0.49842052908916884,0.2938774030792368,0.26456272720954016
8of16_g324,8/16,8,16,1,smile when they are sad,0.06,0.48819795035380814,0.389063179363069,0.3706036972139784
8of16_g324,8/16,8,16,1,wash their clothes in ponds,0.5,0.5195068240832267,0.5088487943265915,0.4916615841651054
8of16_g324,8/16,8,16,1,yell at stray cats,0.5,0.48851297784312825,0.2655967799983994,0.23905596948029373
4of16_g325,4/16,4,16,1,chug maple syrup,0.16,0.2530984737276719,0.3283457311059657,0.31373720296550006
4of16_g325,4/16,4,16,1,clap three times before entering a room,0.16,0.26526841517445887,0.35822485481093236,0.3403347123389688
4of16_g325,4/16,4,16,1,dance around a fire on their 10th birthday,0.46,0.2591461197582849,0.46956671829611163,0.45282835747484507
4of16_g325,4/16,4,16,1,farm potatoes,0.39,0.24812724534020564,0.3778263340296809,0.366961691830481
4of16_g325,4/16,4,16,1,go to the opera,0.65,0.26908127557913836,0.35761672275517775,0.3464208745160117
4of16_g325,4/16,4,16,1,live in caves,0.35,0.2461611610778515,0.2821425697153806,0.2667781901204852
4of16_g325,4/16,4,16,1,look to their left when spoken to,0.6,0.25996103532482673,0.3780731190231449,0.3666580041953458
4of16_g325,4/16,4,16,1,paint their hands yellow,0.33,0.2526159979583989,0.3396930510149208,0.32341332521003185
4of16_g325,4/16,4,16,1,play banjos,0.58,0.2608260749962018,0.3428977111092745,0.3299741093295951
4of16_g325,4/16,4,16,1,ride lions,0.11,0.2549451348117521,0.20962588145244831,0.19459133018649577
4of16_g325,4/16,4,16,1,scream out windows,0.41,0.2592336863938998,0.2660383257203873,0.2475176208084912
4of16_g325,4/16,4,16,1,sing beautiful songs,0.4,0.2689418077579639,0.5800057682745725,0.5638952137706321
4of16_g325,4/16,4,16,1,smell garbage for fun,0.04,0.250552512387403,0.22684087237939726,0.20956246093136505
4of16_g325,4/16,4,16,1,smile when they are sad,0.61,0.263044317481257,0.3488793329231335,0.3374430131362585
4of16_g325,4/16,4,16,1,wash their clothes in ponds,0.2,0.24116573172629333,0.4591491261690469,0.44877651332720037
4of16_g325,4/16,4,16,1,yell at stray cats,0.15,0.2579157203946922,0.21008041292262108,0.1942337505821929
4of16_g326,4/16,4,16,1,chug maple syrup,0.65,0.24950219552869213,0.32756084962531323,0.351010598557951
4of16_g326,4/16,4,16,1,clap three times before entering a room,0.2,0.24841209279856946,0.35355135769041657,0.3823355762959092
4of16_g326,4/16,4,16,1,dance around a fire on their 10th birthday,0.64,0.24644710963345473,0.4663396708917095,0.49330168147850595
4of16_g326,4/16,4,16,1,farm potatoes,0.21,0.25316084059188626,0.3786784604185796,0.39659621463226635
4of16_g326,4/16,4,16,1,go to the opera,0.6,0.24101288866129128,0.3531823714951625,0.3703316766415758
4of16_g326,4/16,4,16,1,live in caves,0.7,0.25625626151477676,0.2846900712754752,0.3107736936239532
4of16_g326,4/16,4,16,1,look to their left when spoken to,0.47,0.24901241194391283,0.3761196962043257,0.39472127851661315
4of16_g326,4/16,4,16,1,paint their hands yellow,0.75,0.253675205426241,0.33997416321245666,0.367299759529529
4of16_g326,4/16,4,16,1,play banjos,0.3,0.24392911694201547,0.33973765791136623,0.3600090993015595
4of16_g326,4/16,4,16,1,ride lions,0.5,0.24728697881235984,0.20788753291312292,0.23217134818775514
4of16_g326,4/16,4,16,1,scream out windows,0.8,0.24664680946532447,0.2624895676278699,0.2923605083253008
4of16_g326,4/16,4,16,1,sing beautiful songs,0.7,0.24089460861447803,0.573679083214423,0.5982563711383427
4of16_g326,4/16,4,16,1,smell garbage for fun,0.82,0.2508967056172085,0.22693396030709184,0.25548899000241726
4of16_g326,4/16,4,16,1,smile when they are sad,0.7,0.24896730050460444,0.3463669653396961,0.36489401115391307
4of16_g326,4/16,4,16,1,wash their clothes in ponds,0.77,0.26367078875790356,0.463167554985527,0.4811948252706245
4of16_g326,4/16,4,16,1,yell at stray cats,0.8,0.24667946760522833,0.20737528129478464,0.2329593374867206
12of16_g327,12/16,12,16,1,chug maple syrup,0.85,0.7288295587719731,0.4321732154557332,0.4372922990548304
12of16_g327,12/16,12,16,1,clap three times before entering a room,0.65,0.7698732099512939,0.49812898115590376,0.49914442764693395
12of16_g327,12/16,12,16,1,dance around a fire on their 10th birthday,0.9,0.7578702321055779,0.5963015060034048,0.5989551409312681
12of16_g327,12/16,12,16,1,farm potatoes,0.65,0.7262679752414442,0.45876973793568726,0.46284674065034853
12of16_g327,12/16,12,16,1,go to the opera,0.25,0.7601471048528295,0.4351971831202036,0.4367475426608492
12of16_g327,12/16,12,16,1,live in caves,0.7,0.7355776663026605,0.40564696854590515,0.410459049082843
12of16_g327,12/16,12,16,1,look to their left when spoken to,0.5,0.7630094164326268,0.4678256068417565,0.4691134550356726
12of16_g327,12/16,12,16,1,paint their hands yellow,0.75,0.7527168839960707,0.47241913474438124,0.47542030003134095
12of16_g327,12/16,12,16,1,play banjos,0.4,0.7476144273233924,0.43393641077006484,0.4368639120837933
12of16_g327,12/16,12,16,1,ride lions,0.6,0.7451279844905853,0.3208940040669772,0.3246369243835642
12of16_g327,12/16,12,16,1,scream out windows,0.05,0.75851709006089,0.4068068443352287,0.40964639973826883
12of16_g327,12/16,12,16,1,sing beautiful songs,0.9,0.7567165591345154,0.6900344815326982,0.692609881790933
12of16_g327,12/16,12,16,1,smell garbage for fun,0.8,0.7409791296957249,0.3594779887959323,0.36428883078361174
12of16_g327,12/16,12,16,1,smile when they are sad,0.4,0.7674255284099912,0.43889776553097737,0.439765679338508
12of16_g327,12/16,12,16,1,wash their clothes in ponds,0.8,0.720553030485836,0.5447469423791602,0.5490523942082364
12of16_g327,12/16,12,16,1,yell at stray cats,0.1,0.7552907088252335,0.32982360821277046,0.33263706082784794
12of16_g328,12/16,12,16,1,chug maple syrup,0.5,0.7099724011409392,0.4280576735027936,0.40213669879794217
12of16_g328,12/16,12,16,1,clap three times before entering a room,0.05,0.7737698310381814,0.4992093382482288,0.47133909458302026
12of16_g328,12/16,12,16,1,dance around a fire on their 10th birthday,0.5,0.7539407627631542,0.5953029570049004,0.5677632093372555
12of16_g328,12/16,12,16,1,farm potatoes,0.25,0.7136573922740761,0.4566349197811479,0.4372610159140504
12of16_g328,12/16,12,16,1,go to the opera,0.35,0.7458214523517287,0.43293396167449927,0.4146001855901099
12of16_g328,12/16,12,16,1,live in caves,0.05,0.735477129212166,0.4056215979815921,0.3789760842453829
12of16_g328,12/16,12,16,1,look to their left when spoken to,0.76,0.7655244916647622,0.4682743395434462,0.4499778967750295
12of16_g328,12/16,12,16,1,paint their hands yellow,0.25,0.7577138036958457,0.4737453103241057,0.446913627287855
12of16_g328,12/16,12,16,1,play banjos,0.35,0.7315987142011149,0.4309411671702089,0.40894615895338315
12of16_g328,12/16,12,16,1,ride lions,0.005,0.7349977750693562,0.31859451646815423,0.2928427084447182
12of16_g328,12/16,12,16,1,scream out windows,0.05,0.7552688282113824,0.40589102577352604,0.37550231856332283
12of16_g328,12/16,12,16,1,sing beautiful songs,0.9,0.7395769032939784,0.6861682414854237,0.6595189881553761
12of16_g328,12/16,12,16,1,smell garbage for fun,0.25,0.7350775632424887,0.35788189525395864,0.3280683520157489
12of16_g328,12/16,12,16,1,smile when they are sad,0.2,0.7713900984477914,0.43960533427666804,0.4216183441684678
12of16_g328,12/16,12,16,1,wash their clothes in ponds,0.65,0.7227535860802985,0.5451398663340133,0.5267271905655992
12of16_g328,12/16,12,16,1,yell at stray cats,0.005,0.7504076392906239,0.32864800758447354,0.30234307085188816
12of16_g329,12/16,12,16,1,chug maple syrup,0.06,0.7443113014507541,0.43555207894862136,0.40942382744124994
12of16_g329,12/16,12,16,1,clap three times before entering a room,0.5,0.7577117624059796,0.49475716084914295,0.46898483646089123
12of16_g329,12/16,12,16,1,dance around a fire on their 10th birthday,0.75,0.7553539247940084,0.5956620669527499,0.5692827991343404
12of16_g329,12/16,12,16,1,farm potatoes,0.05,0.740683882496285,0.461210175511129,0.44259831417662865
12of16_g329,12/16,12,16,1,go to the opera,0.25,0.7603343798808919,0.4352267695463523,0.4161257092976492
12of16_g329,12/16,12,16,1,live in caves,0.35,0.7409567550236702,0.40700438316443993,0.3834676809232892
12of16_g329,12/16,12,16,1,look to their left when spoken to,0.5,0.7550021360353988,0.46639697022686516,0.4495898917477583
12of16_g329,12/16,12,16,1,paint their hands yellow,0.65,0.7481543375091884,0.4712082412148067,0.4477545469859309
12of16_g329,12/16,12,16,1,play banjos,0.15,0.754202158991569,0.4351684421486256,0.41265641035431627
12of16_g329,12/16,12,16,1,ride lions,0.25,0.7508098858686608,0.32218375645148756,0.2970419892318539
12of16_g329,12/16,12,16,1,scream out windows,0.04,0.7554013275569368,0.40592838278650534,0.37693300840783134
12of16_g329,12/16,12,16,1,sing beautiful songs,0.25,0.7593717557514432,0.6906334216508233,0.6625596760891939
12of16_g329,12/16,12,16,1,smell garbage for fun,0.01,0.7467451957694818,0.3610374359182926,0.3330912684590388
12of16_g329,12/16,12,16,1,smile when they are sad,0.86,0.7564756798540283,0.43694351310653423,0.420441770294339
12of16_g329,12/16,12,16,1,wash their clothes in ponds,0.75,0.7307779960978099,0.5465726785417019,0.5310918087947167
12of16_g329,12/16,12,16,1,yell at stray cats,0.1,0.7543708572650443,0.3296021536411257,0.3043693279450286
12of16_g330,12/16,12,16,1,chug maple syrup,0.13,0.7638901802720645,0.43982513529980827,0.3998621221774507
12of16_g330,12/16,12,16,1,clap three times before entering a room,0.26,0.736317691078942,0.4888255508268978,0.4394198589802465
12of16_g330,12/16,12,16,1,dance around a fire on their 10th birthday,0.61,0.7491295597236407,0.594080343578492,0.5477920041897241
12of16_g330,12/16,12,16,1,farm potatoes,0.21,0.760297650792898,0.46453054767369184,0.4351214307183249
12of16_g330,12/16,12,16,1,go to the opera,0.27,0.7553721637892267,0.4344428196441742,0.403073965720517
12of16_g330,12/16,12,16,1,live in caves,0.15,0.7498002065111558,0.40923603074454584,0.36808858112896825
12of16_g330,12/16,12,16,1,look to their left when spoken to,0.45,0.7410857787615105,0.46391405261175717,0.43252061107551415
12of16_g330,12/16,12,16,1,paint their hands yellow,0.37,0.7416342756129649,0.469477825801997,0.4254374446628886
12of16_g330,12/16,12,16,1,play banjos,0.34,0.7600039457111244,0.4362534868423461,0.4003567754358261
12of16_g330,12/16,12,16,1,ride lions,0.11,0.7568916541410676,0.32356427586029735,0.28216167941201187
12of16_g330,12/16,12,16,1,scream out windows,0.18,0.7483345017431998,0.4039359540500349,0.3527365103609409
12of16_g330,12/16,12,16,1,sing beautiful songs,0.62,0.7579512956308802,0.6903130044933976,0.6452040206125031
12of16_g330,12/16,12,16,1,smell garbage for fun,0.21,0.7543234543270094,0.36308699507159903,0.31600415249556724
12of16_g330,12/16,12,16,1,smile when they are sad,0.36,0.7375052088515823,0.43355779605666966,0.4020528734176072
12of16_g330,12/16,12,16,1,wash their clothes in ponds,0.21,0.7482332285433844,0.5496894273221709,0.5226241074041799
12of16_g330,12/16,12,16,1,yell at stray cats,0.14,0.7506896839027689,0.3287159099194485,0.2849429070843362
4of16_g331,4/16,4,16,1,chug maple syrup,0.995,0.25355553350158977,0.3284454836090399,0.4172884200967644
4of16_g331,4/16,4,16,1,clap three times before entering a room,0.995,0.2492524703898425,0.3537843564528619,0.4602568260936507
4of16_g331,4/16,4,16,1,dance around a fire on their 10th birthday,0.995,0.24862702748006266,0.46689362731504935,0.567857504875248
4of16_g331,4/16,4,16,1,farm potatoes,0.995,0.25522601666427536,0.3790280695828082,0.4445694542715986
4of16_g331,4/16,4,16,1,go to the opera,0.995,0.24681271469733496,0.3540986502241851,0.4221901698966334
4of16_g331,4/16,4,16,1,live in caves,0.995,0.25536538776301115,0.2844652590225758,0.3754980021389219
4of16_g331,4/16,4,16,1,look to their left when spoken to,0.995,0.2496030459029957,0.3762250754664578,0.44433099708319573
4of16_g331,4/16,4,16,1,paint their hands yellow,0.995,0.25253016007565016,0.3396702697595162,0.4358743739833733
4of16_g331,4/16,4,16,1,play banjos,0.995,0.24887066414917924,0.34066182142082957,0.4194547130926322
4of16_g331,4/16,4,16,1,ride lions,0.995,0.2501903005493588,0.20854656690265047,0.2997424562027347
4of16_g331,4/16,4,16,1,scream out windows,0.995,0.24867219903291699,0.2630606082171503,0.37467119946535504
4of16_g331,4/16,4,16,1,sing beautiful songs,0.995,0.24720077793376177,0.575101583443946,0.6732055321866941
4of16_g331,4/16,4,16,1,smell garbage for fun,0.995,0.2521643095573057,0.22727678699193926,0.3312738968780229
4of16_g331,4/16,4,16,1,smile when they are sad,0.995,0.24952213155315664,0.34646598770664916,0.4145166373894485
4of16_g331,4/16,4,16,1,wash their clothes in ponds,0.995,0.26108994580888273,0.4627067281739091,0.5229303518356755
4of16_g331,4/16,4,16,1,yell at stray cats,0.995,0.2489097303477914,0.20791221779811336,0.30359626492481606
12of16_g332,12/16,12,16,1,chug maple syrup,0.2,0.7420398922051515,0.4350563478195997,0.42408389079684605
12of16_g332,12/16,12,16,1,clap three times before entering a room,0.5,0.7445443785302748,0.4911064398166683,0.4782082742541377
12of16_g332,12/16,12,16,1,dance around a fire on their 10th birthday,0.75,0.745514262406264,0.5931616313552951,0.5808668081010067
12of16_g332,12/16,12,16,1,farm potatoes,0.5,0.7453153487060201,0.4619942263494021,0.4541943127612249
12of16_g332,12/16,12,16,1,go to the opera,0.5,0.7383540790630863,0.43175423744423225,0.42291411577826704
12of16_g332,12/16,12,16,1,live in caves,0.75,0.7494514506188922,0.4091480220927068,0.3988038764947678
12of16_g332,12/16,12,16,1,look to their left when spoken to,0.5,0.7465149290385032,0.4648827064478517,0.4567453468501733
12of16_g332,12/16,12,16,1,paint their hands yellow,0.005,0.749247121178613,0.47149826448982113,0.4604419958030102
12of16_g332,12/16,12,16,1,play banjos,0.005,0.7411355825768903,0.43272474332115,0.4227460652365068
12of16_g332,12/16,12,16,1,ride lions,0.005,0.7450836209623367,0.3208839338523542,0.30976012905144923
12of16_g332,12/16,12,16,1,scream out windows,0.5,0.7456456735630631,0.4031778628398169,0.3896121931004095
12of16_g332,12/16,12,16,1,sing beautiful songs,0.5,0.7374256789585696,0.6856829838026783,0.6728648230244028
12of16_g332,12/16,12,16,1,smell garbage for fun,0.5,0.7474167422944493,0.36121905737085586,0.34891925525133033
12of16_g332,12/16,12,16,1,smile when they are sad,0.5,0.7455038881220664,0.43498534441743436,0.4268077295911077
12of16_g332,12/16,12,16,1,wash their clothes in ponds,0.5,0.7494164126997217,0.5499006927858553,0.5433143465226099
12of16_g332,12/16,12,16,1,yell at stray cats,0.005,0.7457074726777383,0.3275164408959294,0.3158843013572976
12of16_g333,12/16,12,16,1,chug maple syrup,0.88,0.7526093468480648,0.4373631129670158,0.44590583371383835
12of16_g333,12/16,12,16,1,clap three times before entering a room,0.76,0.7484665341763097,0.49219387648934243,0.5009575043070718
12of16_g333,12/16,12,16,1,dance around a fire on their 10th birthday,0.05,0.7523839467702451,0.5949073419955678,0.603723362394244
12of16_g333,12/16,12,16,1,farm potatoes,0.94,0.7489308974495821,0.4626062947300909,0.46864169207859335
12of16_g333,12/16,12,16,1,go to the opera,0.75,0.7579811057145897,0.4348549902811225,0.441303488280651
12of16_g333,12/16,12,16,1,live in caves,0.25,0.7444025653406239,0.4078739344099254,0.4154305934861309
12of16_g333,12/16,12,16,1,look to their left when spoken to,0.5,0.7488136688243305,0.4652928411831455,0.4709263891242799
12of16_g333,12/16,12,16,1,paint their hands yellow,0.995,0.7450404110981578,0.4703818094505433,0.478048680689147
12of16_g333,12/16,12,16,1,play banjos,0.62,0.7564425386841729,0.4355874358508907,0.4430655994675886
12of16_g333,12/16,12,16,1,ride lions,0.01,0.7531132286754976,0.32270659936617196,0.330999281722473
12of16_g333,12/16,12,16,1,scream out windows,0.94,0.752075127138297,0.4049905901378631,0.41468686160363427
12of16_g333,12/16,12,16,1,sing beautiful songs,0.995,0.7585445261399154,0.6904468211564996,0.6998880824962541
12of16_g333,12/16,12,16,1,smell garbage for fun,0.09,0.7496658318911288,0.3618273293286531,0.3709556929805066
12of16_g333,12/16,12,16,1,smile when they are sad,0.04,0.748214825264446,0.4354691735275752,0.44104635735304404
12of16_g333,12/16,12,16,1,wash their clothes in ponds,0.76,0.7379905221038314,0.5478605234159228,0.5526958776248527
12of16_g333,12/16,12,16,1,yell at stray cats,0.24,0.7524752834077885,0.3291457935991934,0.3375493997284057
8of16_g334,8/16,8,16,1,chug maple syrup,0.2,0.5038917490866327,0.38308092855461384,0.3664038913363068
8of16_g334,8/16,8,16,1,clap three times before entering a room,0.03,0.5100116057550934,0.426081091238903,0.40639220717013147
8of16_g334,8/16,8,16,1,dance around a fire on their 10th birthday,0.22,0.5085435186930076,0.5329430933824901,0.5142446061870704
8of16_g334,8/16,8,16,1,farm potatoes,0.32,0.4984530386420582,0.4202034429605777,0.4070428299156558
8of16_g334,8/16,8,16,1,go to the opera,0.52,0.5182105385514956,0.39697511782082795,0.38580148251540364
8of16_g334,8/16,8,16,1,live in caves,0.23,0.4947457889760914,0.3448729735724786,0.32529097173413535
8of16_g334,8/16,8,16,1,look to their left when spoken to,0.51,0.5068611544710135,0.42212434902070883,0.4091203709875662
8of16_g334,8/16,8,16,1,paint their hands yellow,0.13,0.49965087119424106,0.40525576482848347,0.38531550256450037
8of16_g334,8/16,8,16,1,play banjos,0.4,0.5117959514084542,0.38983386127262853,0.3760593277157358
8of16_g334,8/16,8,16,1,ride lions,0.02,0.5060140869779122,0.26661680019354494,0.24951192322133
8of16_g334,8/16,8,16,1,scream out windows,0.24,0.5084163531469871,0.3362931641662559,0.31556788087208043
8of16_g334,8/16,8,16,1,sing beautiful songs,0.99,0.5183553761803619,0.6362666836359927,0.620276861641615
8of16_g334,8/16,8,16,1,smell garbage for fun,0.01,0.5009758790162118,0.2945685039163374,0.2738602260237986
8of16_g334,8/16,8,16,1,smile when they are sad,0.01,0.5084473050809727,0.39267714263997844,0.37987190972661167
8of16_g334,8/16,8,16,1,wash their clothes in ponds,0.76,0.487147721482124,0.5030708596079607,0.488976348559482
8of16_g334,8/16,8,16,1,yell at stray cats,0.31,0.5077722388874444,0.27023345355460415,0.25240569457515655
8of16_g335,8/16,8,16,1,chug maple syrup,0.35,0.5099280661219008,0.384398344280036,0.35715240325116926
8of16_g335,8/16,8,16,1,clap three times before entering a room,0.05,0.4975963634601656,0.42263890510707836,0.3887923127092696
8of16_g335,8/16,8,16,1,dance around a fire on their 10th birthday,0.05,0.5024636307290544,0.5313980842455364,0.4996706591174498
8of16_g335,8/16,8,16,1,farm potatoes,0.08,0.5077190588203924,0.4217720673571044,0.4020192888350612
8of16_g335,8/16,8,16,1,go to the opera,0.07,0.5063037489596254,0.39509403760114936,0.37318798863592256
8of16_g335,8/16,8,16,1,live in caves,0.48,0.5021423696610837,0.34673950288064287,0.31950811700144
8of16_g335,8/16,8,16,1,look to their left when spoken to,0.04,0.4990447274888475,0.42072976393933553,0.399338032330371
8of16_g335,8/16,8,16,1,paint their hands yellow,0.28,0.49872516818956125,0.40501008453089155,0.3755194741769462
8of16_g335,8/16,8,16,1,play banjos,0.12,0.5079654166933066,0.38911747827413357,0.36427290088186787
8of16_g335,8/16,8,16,1,ride lions,0.03,0.5059279042775404,0.26659723731557305,0.2382966702256734
8of16_g335,8/16,8,16,1,scream out windows,0.03,0.5021116835174192,0.3345156185927559,0.2994395245931819
8of16_g335,8/16,8,16,1,sing beautiful songs,0.28,0.5075948574284918,0.6338394033618151,0.6023064773768152
8of16_g335,8/16,8,16,1,smell garbage for fun,0.47,0.5044293546918764,0.29550250512889153,0.26373009000572356
8of16_g335,8/16,8,16,1,smile when they are sad,0.27,0.4978585675044631,0.3907873387787719,0.3692664311490521
8of16_g335,8/16,8,16,1,wash their clothes in ponds,0.51,0.5016209756251939,0.5056551561700651,0.4882437556844682
8of16_g335,8/16,8,16,1,yell at stray cats,0.09,0.503084908421777,0.26910497717280824,0.23913401425590153
4of16_g336,4/16,4,16,1,chug maple syrup,0.01,0.26313868754336023,0.3305369903605919,0.35146171959768957
4of16_g336,4/16,4,16,1,clap three times before entering a room,0.5,0.2546874075744256,0.35529121914306905,0.3770640779840595
4of16_g336,4/16,4,16,1,dance around a fire on their 10th birthday,0.995,0.25595992572924653,0.4687570489541505,0.49033967934834694
4of16_g336,4/16,4,16,1,farm potatoes,0.25,0.25882235025058065,0.3796368850713301,0.39717618094638096
4of16_g336,4/16,4,16,1,go to the opera,0.25,0.2645729086020347,0.35690447367424394,0.3682363622064018
4of16_g336,4/16,4,16,1,live in caves,0.995,0.25191382295478626,0.283594255629528,0.3104649624257848
4of16_g336,4/16,4,16,1,look to their left when spoken to,0.01,0.2534142927965906,0.37690506749751806,0.39205683090326077
4of16_g336,4/16,4,16,1,paint their hands yellow,0.25,0.250544518456642,0.3391432832191218,0.3646641148848181
4of16_g336,4/16,4,16,1,play banjos,0.25,0.26284461720509195,0.3432752169740497,0.35876418064056953
4of16_g336,4/16,4,16,1,ride lions,0.25,0.25807063829747456,0.2103353491649751,0.2310013404604334
4of16_g336,4/16,4,16,1,scream out windows,0.25,0.2556680725400375,0.26503303258131167,0.2889601561755479
4of16_g336,4/16,4,16,1,sing beautiful songs,0.25,0.26609499847877943,0.5793636055529556,0.5956274167056066
4of16_g336,4/16,4,16,1,smell garbage for fun,0.995,0.2550744772528764,0.22806384919004663,0.2546096127511061
4of16_g336,4/16,4,16,1,smile when they are sad,0.01,0.25386936228937607,0.34724185105877237,0.36175314788066876
4of16_g336,4/16,4,16,1,wash their clothes in ponds,0.995,0.2515487942046121,0.46100309158702313,0.48206615099715455
4of16_g336,4/16,4,16,1,yell at stray cats,0.25,0.25606930445488346,0.20963588766580227,0.23047810759704077
4of16_g337,4/16,4,16,1,chug maple syrup,0.19,0.21924860473179586,0.3209580558963802,0.32349150643752234
4of16_g337,4/16,4,16,1,clap three times before entering a room,0.84,0.2849539636853642,0.3636827685972208,0.3719779939388201
4of16_g337,4/16,4,16,1,dance around a fire on their 10th birthday,0.25,0.2573144214687009,0.4691012507397474,0.4748531860816562
4of16_g337,4/16,4,16,1,farm potatoes,0.54,0.22272842811638305,0.3735266235203768,0.37585374023077106
4of16_g337,4/16,4,16,1,go to the opera,0.35,0.24990200686055855,0.354586708431329,0.3574109041990963
4of16_g337,4/16,4,16,1,live in caves,0.77,0.24263659519167788,0.28125314447887273,0.2864432001168348
4of16_g337,4/16,4,16,1,look to their left when spoken to,0.74,0.27279003986265266,0.3803620341986008,0.38524120727878075
4of16_g337,4/16,4,16,1,paint their hands yellow,0.27,0.26509157037364056,0.3430040506855624,0.3500283290089027
4of16_g337,4/16,4,16,1,play banjos,0.29,0.23529162459288552,0.3381222822187566,0.340954370616215
4of16_g337,4/16,4,16,1,ride lions,0.84,0.23810768085807069,0.20580389565212465,0.20975323264870335
4of16_g337,4/16,4,16,1,scream out windows,0.13,0.2589130610549586,0.2659479282554172,0.2724678480442678
4of16_g337,4/16,4,16,1,sing beautiful songs,0.51,0.2440067037548666,0.5743810872088231,0.5779922892265188
4of16_g337,4/16,4,16,1,smell garbage for fun,0.06,0.23929079541418463,0.2237951126010536,0.22884764508244937
4of16_g337,4/16,4,16,1,smile when they are sad,0.83,0.28135361293700206,0.35214704798342544,0.35737964695061164
4of16_g337,4/16,4,16,1,wash their clothes in ponds,0.7,0.2365056523284366,0.4583170377494028,0.4617609112677936
4of16_g337,4/16,4,16,1,yell at stray cats,0.2,0.25334229663104435,0.20897935961754208,0.2141897694376717
8of16_g338,8/16,8,16,1,chug maple syrup,0.04,0.4695423419646346,0.3755842300152469,0.3485634148799369
8of16_g338,8/16,8,16,1,clap three times before entering a room,0.01,0.5206477023579779,0.4290300005999512,0.3946355610273831
8of16_g338,8/16,8,16,1,dance around a fire on their 10th birthday,0.5,0.501883095892348,0.5312505598779248,0.4992436765883652
8of16_g338,8/16,8,16,1,farm potatoes,0.1,0.47365720628288793,0.4160058104471366,0.3961116532488663
8of16_g338,8/16,8,16,1,go to the opera,0.03,0.49382692676368434,0.39312290144760087,0.37150203707655505
8of16_g338,8/16,8,16,1,live in caves,0.04,0.49149015675643487,0.34405141382569954,0.3159815781669253
8of16_g338,8/16,8,16,1,look to their left when spoken to,0.5,0.5131308850958346,0.42324297685585066,0.40145786691186036
8of16_g338,8/16,8,16,1,paint their hands yellow,0.13,0.5084187963790076,0.40758276005024224,0.37719415688311786
8of16_g338,8/16,8,16,1,play banjos,0.04,0.48322795418917003,0.3844911013106798,0.3599147090805478
8of16_g338,8/16,8,16,1,ride lions,0.01,0.48687926369324497,0.26227332741631365,0.233894994804806
8of16_g338,8/16,8,16,1,scream out windows,0.08,0.5030942495304651,0.33479264434823247,0.29937283860464703
8of16_g338,8/16,8,16,1,sing beautiful songs,0.51,0.48888356382197873,0.6296186445933272,0.5986220798632942
8of16_g338,8/16,8,16,1,smell garbage for fun,0.01,0.488483900313754,0.2911900167483191,0.2589651383914224
8of16_g338,8/16,8,16,1,smile when they are sad,0.1,0.5185765842197838,0.39448494557110697,0.37257513717347635
8of16_g338,8/16,8,16,1,wash their clothes in ponds,0.03,0.4858957688883768,0.5028473150787238,0.4846145963679478
8of16_g338,8/16,8,16,1,yell at stray cats,0.24,0.49899094666560345,0.2681193545068459,0.2378994883644532
8of16_g339,8/16,8,16,1,chug maple syrup,0.1,0.5143645151844022,0.3853665915947191,0.3611728815013917
8of16_g339,8/16,8,16,1,clap three times before entering a room,0.05,0.4671173782220646,0.4141884586472828,0.38457199189125135
8of16_g339,8/16,8,16,1,dance around a fire on their 10th birthday,0.25,0.48370086659269956,0.5266301276323476,0.4986875683497772
8of16_g339,8/16,8,16,1,farm potatoes,0.04,0.520920414306684,0.4240068961060678,0.4063599501756302
8of16_g339,8/16,8,16,1,go to the opera,0.05,0.47308793836582186,0.38984647663549205,0.3708417114677245
8of16_g339,8/16,8,16,1,live in caves,0.005,0.5149803845714216,0.3499791797136714,0.32551276359410486
8of16_g339,8/16,8,16,1,look to their left when spoken to,0.5,0.47823530758634825,0.4170170053330988,0.39815840086430043
8of16_g339,8/16,8,16,1,paint their hands yellow,0.005,0.49419896319882733,0.4038088359841501,0.3774850113775033
8of16_g339,8/16,8,16,1,play banjos,0.02,0.4914914343686658,0.38603652959921114,0.36421370043268564
8of16_g339,8/16,8,16,1,ride lions,0.01,0.49881064392260793,0.2649816683531521,0.2399221652427983
8of16_g339,8/16,8,16,1,scream out windows,0.01,0.4830306858693994,0.3291359008755684,0.29824422979605203
8of16_g339,8/16,8,16,1,sing beautiful songs,0.3,0.476372805864516,0.6267965579722817,0.5994157438811314
8of16_g339,8/16,8,16,1,smell garbage for fun,0.005,0.5063386317252853,0.29601887392131465,0.2676945935886882
8of16_g339,8/16,8,16,1,smile when they are sad,0.05,0.47138269334585875,0.3860621098407399,0.3671654702137802
8of16_g339,8/16,8,16,1,wash their clothes in ponds,0.1,0.5320909293108733,0.5110957706841882,0.4953365584362067
8of16_g339,8/16,8,16,1,yell at stray cats,0.02,0.4871319978326051,0.2652643085976688,0.2388254960503553
8of16_g340,8/16,8,16,1,chug maple syrup,0.58,0.5522101894750521,0.3936263443807977,0.37028698974784735
8of16_g340,8/16,8,16,1,clap three times before entering a room,0.57,0.45763177982679365,0.411558530493436,0.38172772988677095
8of16_g340,8/16,8,16,1,dance around a fire on their 10th birthday,0.7,0.49237235535814866,0.5288337092531017,0.5008764998404139
8of16_g340,8/16,8,16,1,farm potatoes,0.61,0.5455443728492286,0.4281754324750269,0.41154672015852845
8of16_g340,8/16,8,16,1,go to the opera,0.31,0.5065766438264836,0.3951371505773331,0.3753949757856725
8of16_g340,8/16,8,16,1,live in caves,0.06,0.5137479931616454,0.34966818537947253,0.32680359370613704
8of16_g340,8/16,8,16,1,look to their left when spoken to,0.41,0.471852238252376,0.41587815592187305,0.39712016039579656
8of16_g340,8/16,8,16,1,paint their hands yellow,0.36,0.48168177454805344,0.40048679142213567,0.37513626136306344
8of16_g340,8/16,8,16,1,play banjos,0.16,0.5264203656959124,0.39256890547339035,0.37057071313283424
8of16_g340,8/16,8,16,1,ride lions,0.22,0.5202759886215259,0.2698541534013076,0.2451730555129906
8of16_g340,8/16,8,16,1,scream out windows,0.17,0.49015444419755044,0.33114438122852796,0.3002453260079381
8of16_g340,8/16,8,16,1,sing beautiful songs,0.53,0.5157060676479571,0.6356690717095417,0.6072528369178007
8of16_g340,8/16,8,16,1,smell garbage for fun,0.3,0.5180583782018922,0.29918850893484966,0.27191050135115924
8of16_g340,8/16,8,16,1,smile when they are sad,0.35,0.4616241725233808,0.38432047726209373,0.36540324679980685
8of16_g340,8/16,8,16,1,wash their clothes in ponds,0.01,0.5258383115476505,0.5099793238623526,0.49595824013942924
8of16_g340,8/16,8,16,1,yell at stray cats,0.27,0.49778986295094296,0.2678301931996836,0.24147942290900648
4of16_g341,4/16,4,16,1,chug maple syrup,0.2,0.2743537797050497,0.3329846647768866,0.3167350733228076
4of16_g341,4/16,4,16,1,clap three times before entering a room,0.05,0.2310172894435027,0.34872856410715414,0.3318711628085729
4of16_g341,4/16,4,16,1,dance around a fire on their 10th birthday,0.3,0.24398749654062404,0.4657146388640924,0.4489755081902663
4of16_g341,4/16,4,16,1,farm potatoes,0.5,0.274960899638042,0.3823689449855653,0.37006945623711707
4of16_g341,4/16,4,16,1,go to the opera,0.5,0.24491504753021132,0.3537988494975436,0.3429008489960895
4of16_g341,4/16,4,16,1,live in caves,0.2,0.26306411484472064,0.2864080350626893,0.269454974028866
4of16_g341,4/16,4,16,1,look to their left when spoken to,0.1,0.23755131348334166,0.37407483901244876,0.362911357421327
4of16_g341,4/16,4,16,1,paint their hands yellow,0.15,0.24612129696401872,0.337969366350397,0.3212286219599375
4of16_g341,4/16,4,16,1,play banjos,0.25,0.2566120013609078,0.3421095990227837,0.32875454664633286
4of16_g341,4/16,4,16,1,ride lions,0.35,0.25720128663315955,0.21013801233925075,0.19428914878196013
4of16_g341,4/16,4,16,1,scream out windows,0.5,0.24321401945600524,0.2615217229913796,0.2430493670254112
4of16_g341,4/16,4,16,1,sing beautiful songs,0.75,0.24878349978519487,0.5754586024332792,0.5595825128323212
4of16_g341,4/16,4,16,1,smell garbage for fun,0.1,0.25977394337469906,0.22933483166346297,0.21072300302605584
4of16_g341,4/16,4,16,1,smile when they are sad,0.05,0.2331843625088979,0.34355013689816033,0.33262416737287714
4of16_g341,4/16,4,16,1,wash their clothes in ponds,0.2,0.2761028900775419,0.46538739002624985,0.4533260096669548
4of16_g341,4/16,4,16,1,yell at stray cats,0.25,0.24657486841453294,0.2073500990045409,0.19131532112458516
8of16_g342,8/16,8,16,1,chug maple syrup,0.49,0.5023401929310414,0.3827423041141961,0.368962057401112
8of16_g342,8/16,8,16,1,clap three times before entering a room,0.36,0.4955721231644767,0.4220776746688978,0.4022239924833594
8of16_g342,8/16,8,16,1,dance around a fire on their 10th birthday,0.5,0.4977778782533111,0.5302073500689447,0.5125767958660493
8of16_g342,8/16,8,16,1,farm potatoes,0.69,0.5031531665428142,0.4209991173871412,0.4106191054955836
8of16_g342,8/16,8,16,1,go to the opera,0.68,0.4961442472000879,0.3934890006048877,0.38209715125584864
8of16_g342,8/16,8,16,1,live in caves,0.1,0.5019514053678155,0.3466913129851522,0.3310886331687892
8of16_g342,8/16,8,16,1,look to their left when spoken to,0.5,0.49703494015686217,0.4203711832942,0.40793528267489687
8of16_g342,8/16,8,16,1,paint their hands yellow,0.44,0.49909872895589474,0.4051092270418022,0.38759724320652744
8of16_g342,8/16,8,16,1,play banjos,0.62,0.49889669330158526,0.3874214541576593,0.37462788851676676
8of16_g342,8/16,8,16,1,ride lions,0.15,0.4999413102550328,0.26523832180439955,0.2501269640653796
8of16_g342,8/16,8,16,1,scream out windows,0.23,0.49768490700181256,0.3332675282942117,0.31368698695381836
8of16_g342,8/16,8,16,1,sing beautiful songs,0.54,0.49659382652966155,0.6313578700907811,0.6152242251585837
8of16_g342,8/16,8,16,1,smell garbage for fun,0.25,0.5009356736876281,0.2945576302837495,0.2771068957967444
8of16_g342,8/16,8,16,1,smile when they are sad,0.5,0.4961344827344949,0.39047963618138565,0.37784305810835195
8of16_g342,8/16,8,16,1,wash their clothes in ponds,0.71,0.5041028824530441,0.506098317273938,0.49591162437665903
8of16_g342,8/16,8,16,1,yell at stray cats,0.51,0.4982565413555353,0.2679425461821187,0.2513929936077124
8of16_g343,8/16,8,16,1,chug maple syrup,0.5,0.48937258973149467,0.37991214720290334,0.4059185672820958
8of16_g343,8/16,8,16,1,clap three times before entering a room,0.24,0.49741223409292346,0.4225878543471072,0.44306199012745184
8of16_g343,8/16,8,16,1,dance around a fire on their 10th birthday,0.995,0.4939927547199589,0.5292454819427226,0.5527825890105145
8of16_g343,8/16,8,16,1,farm potatoes,0.995,0.49528449599612084,0.41966704726963444,0.43668656042622966
8of16_g343,8/16,8,16,1,go to the opera,0.995,0.4832138884880368,0.39144621301559535,0.41138380211742864
8of16_g343,8/16,8,16,1,live in caves,0.22,0.5031212579450549,0.3469865256265933,0.3646106561064871
8of16_g343,8/16,8,16,1,look to their left when spoken to,0.5,0.4982788248517,0.42059311372895325,0.4339629032230764
8of16_g343,8/16,8,16,1,paint their hands yellow,0.5,0.5032274266442172,0.4062049777000657,0.42272294140165867
8of16_g343,8/16,8,16,1,play banjos,0.76,0.4861281348469817,0.3850334903686889,0.4080048040385321
8of16_g343,8/16,8,16,1,ride lions,0.995,0.4922704465446369,0.2634970887024114,0.2871183219392549
8of16_g343,8/16,8,16,1,scream out windows,0.005,0.4944143132406099,0.33234541344846663,0.3579593902832463
8of16_g343,8/16,8,16,1,sing beautiful songs,0.995,0.4817164816488184,0.6280019458464103,0.6578616309312603
8of16_g343,8/16,8,16,1,smell garbage for fun,0.005,0.49707107765386166,0.2935124405327387,0.3176879173514142
8of16_g343,8/16,8,16,1,smile when they are sad,0.09,0.49825300546401446,0.39085773530844137,0.40377939155081843
8of16_g343,8/16,8,16,1,wash their clothes in ponds,0.5,0.5079757789214395,0.5067898489039171,0.5169217046957784
8of16_g343,8/16,8,16,1,yell at stray cats,0.005,0.4939199251110955,0.2668985043667171,0.2895562714387366
8of16_g344,8/16,8,16,1,chug maple syrup,0.25,0.5293220185022042,0.3886310407561525,0.36542780216866644
8of16_g344,8/16,8,16,1,clap three times before entering a room,0.35,0.5049920909427682,0.4246894064159227,0.3912544279811162
8of16_g344,8/16,8,16,1,dance around a fire on their 10th birthday,0.15,0.5148084117920745,0.5345351156594604,0.5047408345188997
8of16_g344,8/16,8,16,1,farm potatoes,0.76,0.514290254187002,0.42288449072420514,0.4060741146874649
8of16_g344,8/16,8,16,1,go to the opera,0.3,0.5417234701350018,0.40068978080089673,0.38031517250160285
8of16_g344,8/16,8,16,1,live in caves,0.35,0.49256586620897025,0.34432286942197265,0.32006290125600967
8of16_g344,8/16,8,16,1,look to their left when spoken to,0.2,0.5032361976712804,0.42147759434813725,0.40082047376175983
8of16_g344,8/16,8,16,1,paint their hands yellow,0.3,0.4908834302707255,0.4029288981289913,0.3750621554505201
8of16_g344,8/16,8,16,1,play banjos,0.5,0.5357087818361339,0.3943060163209927,0.37200089396050784
8of16_g344,8/16,8,16,1,ride lions,0.25,0.5203791440621072,0.26987756897412585,0.24444895509180223
8of16_g344,8/16,8,16,1,scream out windows,0.05,0.5136642994117151,0.33777277597796507,0.3047339192802114
8of16_g344,8/16,8,16,1,sing beautiful songs,0.75,0.5457038826187905,0.6424357626308768,0.6134673088608273
8of16_g344,8/16,8,16,1,smell garbage for fun,0.02,0.5082578919732772,0.296537942699318,0.2681188617548742
8of16_g344,8/16,8,16,1,smile when they are sad,0.25,0.5029742755047623,0.3917003545808839,0.3705840543480974
8of16_g344,8/16,8,16,1,wash their clothes in ponds,0.75,0.4805038576133984,0.5018845531709071,0.48695775097342525
8of16_g344,8/16,8,16,1,yell at stray cats,0.01,0.5152186074382142,0.2720261692808027,0.2441251618162885
4of16_g345,4/16,4,16,1,chug maple syrup,0.25,0.2522680293544817,0.3281644880615834,0.32421082897202125
4of16_g345,4/16,4,16,1,clap three times before entering a room,0.42,0.27264227747889797,0.3602692938930995,0.3546136486288236
4of16_g345,4/16,4,16,1,dance around a fire on their 10th birthday,0.5,0.2636309316650201,0.4707063898516579,0.46563237111900335
4of16_g345,4/16,4,16,1,farm potatoes,0.53,0.24526131226332032,0.3773411664543149,0.37507842824484056
4of16_g345,4/16,4,16,1,go to the opera,0.23,0.27727690114896025,0.3589114990698453,0.35435256372643786
4of16_g345,4/16,4,16,1,live in caves,0.75,0.24330981762508314,0.28142303235766164,0.27909895217669345
4of16_g345,4/16,4,16,1,look to their left when spoken to,0.5,0.26492368596088733,0.3789585412956114,0.37574669508608394
4of16_g345,4/16,4,16,1,paint their hands yellow,0.66,0.2536950472239516,0.3399794291981363,0.3367377045193718
4of16_g345,4/16,4,16,1,play banjos,0.33,0.26487892012903297,0.3436556703929254,0.33919752200179704
4of16_g345,4/16,4,16,1,ride lions,0.21,0.25670195613938934,0.21002466776458356,0.20578377474744425
4of16_g345,4/16,4,16,1,scream out windows,0.15,0.2637918990740275,0.26732347327746675,0.2617417040275756
4of16_g345,4/16,4,16,1,sing beautiful songs,0.7,0.2766750224421748,0.581750171113488,0.5751458647172111
4of16_g345,4/16,4,16,1,smell garbage for fun,0.75,0.2501892183324362,0.2267426185853301,0.22284557263788493
4of16_g345,4/16,4,16,1,smile when they are sad,0.74,0.2694099320771744,0.3500154233168557,0.346602115776136
4of16_g345,4/16,4,16,1,wash their clothes in ponds,0.6,0.23445716872427355,0.45795126726797303,0.4573061921013133
4of16_g345,4/16,4,16,1,yell at stray cats,0.19,0.2617277725921286,0.21099816576776165,0.20631248433349658
8of16_g346,8/16,8,16,1,chug maple syrup,0.2,0.48493337526538,0.3789432963436772,0.4120218068924192
8of16_g346,8/16,8,16,1,clap three times before entering a room,0.995,0.4915942972368427,0.42097480314068697,0.4635183744516378
8of16_g346,8/16,8,16,1,dance around a fire on their 10th birthday,0.5,0.488363851294226,0.5278150761070642,0.5671245417687787
8of16_g346,8/16,8,16,1,farm potatoes,0.95,0.4947105162414347,0.4195698794857332,0.44411714767776583
8of16_g346,8/16,8,16,1,go to the opera,0.35,0.4708573336285926,0.3894940771564597,0.4156541305687832
8of16_g346,8/16,8,16,1,live in caves,0.995,0.5061727395146507,0.34775656789687237,0.3828300271100923
8of16_g346,8/16,8,16,1,look to their left when spoken to,0.8,0.49428059166033345,0.4198797601246462,0.4468484641533096
8of16_g346,8/16,8,16,1,paint their hands yellow,0.6,0.5038780213572327,0.40637764463740667,0.44436306194999214
8of16_g346,8/16,8,16,1,play banjos,0.85,0.4773824713404647,0.38339788460799684,0.41329096849070596
8of16_g346,8/16,8,16,1,ride lions,0.25,0.48752616310289265,0.26242016911605714,0.297214373622857
8of16_g346,8/16,8,16,1,scream out windows,0.98,0.4889276163591237,0.33079848802209977,0.37433235373011864
8of16_g346,8/16,8,16,1,sing beautiful songs,0.9,0.4690240330409587,0.6251388747578053,0.6625968777543297
8of16_g346,8/16,8,16,1,smell garbage for fun,0.88,0.49576460915482323,0.29315910282983715,0.33297014104410577
8of16_g346,8/16,8,16,1,smile when they are sad,0.75,0.4934083264329051,0.38999309086209977,0.4171292332009855
8of16_g346,8/16,8,16,1,wash their clothes in ponds,0.75,0.515814920176314,0.5081895801319163,0.5312378097935554
8of16_g346,8/16,8,16,1,yell at stray cats,0.7,0.4886617640246718,0.2656326003215107,0.3027490864513989
4of16_g347,4/16,4,16,1,chug maple syrup,0.5,0.284246459536041,0.3351437249951901,0.3660379191199518
4of16_g347,4/16,4,16,1,clap three times before entering a room,0.25,0.2565459869331598,0.3558065192831351,0.39074782115131423
4of16_g347,4/16,4,16,1,dance around a fire on their 10th birthday,0.995,0.2652659055847308,0.47112186619918445,0.5048329420188691
4of16_g347,4/16,4,16,1,farm potatoes,0.5,0.26928437651251713,0.3814079787356789,0.4059867153808321
4of16_g347,4/16,4,16,1,go to the opera,0.25,0.29336170937246475,0.3614526386736909,0.38135049882757954
4of16_g347,4/16,4,16,1,live in caves,0.995,0.2475034761713238,0.28248130332344373,0.31883927882187946
4of16_g347,4/16,4,16,1,look to their left when spoken to,0.85,0.2545678460098111,0.3771108812414957,0.40042700129366804
4of16_g347,4/16,4,16,1,paint their hands yellow,0.75,0.24426119445400526,0.337475697715963,0.3737357085441204
4of16_g347,4/16,4,16,1,play banjos,0.4,0.28776592246515775,0.3479359760367502,0.3729023458106654
4of16_g347,4/16,4,16,1,ride lions,0.4,0.27194701306043334,0.21348519043253816,0.24475171061566398
4of16_g347,4/16,4,16,1,scream out windows,0.5,0.2641472623864674,0.26742366480535423,0.304762719139702
4of16_g347,4/16,4,16,1,sing beautiful songs,0.5,0.2981697023084315,0.5865987860959265,0.6151338560310109
4of16_g347,4/16,4,16,1,smell garbage for fun,0.6,0.2607648914064155,0.22960283605964948,0.2677398726549765
4of16_g347,4/16,4,16,1,smile when they are sad,0.4,0.25455447462782377,0.3473641251196038,0.3701776765085908
4of16_g347,4/16,4,16,1,wash their clothes in ponds,0.995,0.24006999145712252,0.4589534743976771,0.4855936876547593
4of16_g347,4/16,4,16,1,yell at stray cats,0.6,0.26580379953792055,0.21197947062210903,0.24422342781364503
4of16_g348,4/16,4,16,1,chug maple syrup,0.6,0.27302304777787745,0.33269423484139193,0.3370546943085774
4of16_g348,4/16,4,16,1,clap three times before entering a room,0.36,0.2326178740182423,0.3491723339422569,0.35200925196067656
4of16_g348,4/16,4,16,1,dance around a fire on their 10th birthday,0.75,0.24462290643014858,0.4658761079718863,0.46935260335296713
4of16_g348,4/16,4,16,1,farm potatoes,0.6,0.27350092158906064,0.38212178847803036,0.3855175682832249
4of16_g348,4/16,4,16,1,go to the opera,0.08,0.24567439898796567,0.35391881474896125,0.3560746458984022
4of16_g348,4/16,4,16,1,live in caves,0.63,0.2623483598474854,0.2862274140789264,0.2906208448010355
4of16_g348,4/16,4,16,1,look to their left when spoken to,0.47,0.23864052882841563,0.374269173773601,0.37640290304780477
4of16_g348,4/16,4,16,1,paint their hands yellow,0.69,0.24658837939236136,0.3380933293811045,0.34174148424721085
4of16_g348,4/16,4,16,1,play banjos,0.57,0.25649702156263715,0.34208809560908904,0.34515933195696574
4of16_g348,4/16,4,16,1,ride lions,0.19,0.2569375920316935,0.21007815548528708,0.2138561670487898
4of16_g348,4/16,4,16,1,scream out windows,0.31,0.2439016405603805,0.2617155916509831,0.2655183842376225
4of16_g348,4/16,4,16,1,sing beautiful songs,0.71,0.24931238779696055,0.5755779051795324,0.5788391094424261
4of16_g348,4/16,4,16,1,smell garbage for fun,0.66,0.2592900124251051,0.2292039513167739,0.2338259434518694
4of16_g348,4/16,4,16,1,smile when they are sad,0.26,0.2346115672578876,0.34380485442476677,0.34573235937186964
4of16_g348,4/16,4,16,1,wash their clothes in ponds,0.24,0.2745542339571609,0.4651108670931057,0.46857893820449037
4of16_g348,4/16,4,16,1,yell at stray cats,0.63,0.24702594176379422,0.20745869506467093,0.21090126264036677
4of16_g349,4/16,4,16,1,chug maple syrup,0.03,0.2952894601100824,0.337553840720903,0.3250488453170596
4of16_g349,4/16,4,16,1,clap three times before entering a room,0.01,0.22976662415388388,0.34838181109072375,0.33690193324327666
4of16_g349,4/16,4,16,1,dance around a fire on their 10th birthday,0.07,0.25051160125912814,0.4673725314865048,0.45538855020888913
4of16_g349,4/16,4,16,1,farm potatoes,0.24,0.28763427535101027,0.38451439318739333,0.3751877370554826
4of16_g349,4/16,4,16,1,go to the opera,0.78,0.2651522050758775,0.35699599314973884,0.34893558384868534
4of16_g349,4/16,4,16,1,live in caves,0.23,0.26171524228996995,0.2860676466773467,0.27380562013335974
4of16_g349,4/16,4,16,1,look to their left when spoken to,0.51,0.23691902066064685,0.3739620270921684,0.36622785586695933
4of16_g349,4/16,4,16,1,paint their hands yellow,0.51,0.241012856523609,0.3366135933202934,0.32497285573149953
4of16_g349,4/16,4,16,1,play banjos,0.06,0.2768740839656603,0.3458989946480848,0.3358451574402208
4of16_g349,4/16,4,16,1,ride lions,0.1,0.2695391948246999,0.2129386323168011,0.2011907115969318
4of16_g349,4/16,4,16,1,scream out windows,0.11,0.24898977686479215,0.26315014646458584,0.24996909145276308
4of16_g349,4/16,4,16,1,sing beautiful songs,0.23,0.272114834126851,0.5807215166963953,0.5688361471053608
4of16_g349,4/16,4,16,1,smell garbage for fun,0.02,0.26622585332165355,0.23107976699229976,0.217419899491762
4of16_g349,4/16,4,16,1,smile when they are sad,0.07,0.2314661091074401,0.3432434750426611,0.3357741175621355
4of16_g349,4/16,4,16,1,wash their clothes in ponds,0.76,0.27007924072118517,0.4643118270485619,0.45552683336663347
4of16_g349,4/16,4,16,1,yell at stray cats,0.49,0.2538891853233804,0.20911102325365494,0.1975566832048114
12of16_g350,12/16,12,16,1,chug maple syrup,0.5,0.7196425538550979,0.4301681675637308,0.4036337234572262
12of16_g350,12/16,12,16,1,clap three times before entering a room,0.38,0.7497126454885534,0.4925393668934618,0.46385372024648097
12of16_g350,12/16,12,16,1,dance around a fire on their 10th birthday,0.5,0.7404605443717122,0.591877390496703,0.5636230621259721
12of16_g350,12/16,12,16,1,farm potatoes,0.4,0.7301014538684669,0.45941869919221157,0.4398829177272773
12of16_g350,12/16,12,16,1,go to the opera,0.75,0.7203574624595548,0.42891106303077353,0.409603745981155
12of16_g350,12/16,12,16,1,live in caves,0.25,0.748452651796496,0.4088959749165372,0.3825297714175076
12of16_g350,12/16,12,16,1,look to their left when spoken to,0.5,0.74956480234409,0.4654268563288337,0.446769290988937
12of16_g350,12/16,12,16,1,paint their hands yellow,0.25,0.7548174178760877,0.47297661353200077,0.4461969590946555
12of16_g350,12/16,12,16,1,play banjos,0.25,0.7214833741672046,0.42904940579401446,0.40622129703867604
12of16_g350,12/16,12,16,1,ride lions,0.25,0.7325386204902155,0.31803630535689403,0.29172037127689815
12of16_g350,12/16,12,16,1,scream out windows,0.51,0.7414375920845276,0.4019914316634683,0.3708319278686249
12of16_g350,12/16,12,16,1,sing beautiful songs,0.41,0.7160160869877497,0.6808535623345051,0.652772579064611
12of16_g350,12/16,12,16,1,smell garbage for fun,0.15,0.7398364926003326,0.35916895970963353,0.3291225736992836
12of16_g350,12/16,12,16,1,smile when they are sad,0.5,0.750608737533151,0.43589642225445124,0.41747226579328317
12of16_g350,12/16,12,16,1,wash their clothes in ponds,0.5,0.75059706537464,0.5501115062365604,0.5322039093277166
12of16_g350,12/16,12,16,1,yell at stray cats,0.36,0.7394573726435806,0.32601172721634797,0.299072533362011
12of16_g351,12/16,12,16,1,chug maple syrup,0.5,0.7340797233835287,0.43331905477794025,0.4220715093651499
12of16_g351,12/16,12,16,1,clap three times before entering a room,0.49,0.7416965519527141,0.49031686608800046,0.4762451557403615
12of16_g351,12/16,12,16,1,dance around a fire on their 10th birthday,0.5,0.7405670114400754,0.5919044456981115,0.5787946545936771
12of16_g351,12/16,12,16,1,farm potatoes,0.51,0.7417103252850565,0.46138393977767683,0.4533158309223757
12of16_g351,12/16,12,16,1,go to the opera,0.5,0.725709917022723,0.4297566643011931,0.42049556794584886
12of16_g351,12/16,12,16,1,live in caves,0.49,0.751381221558668,0.40963500035611483,0.3986036927616819
12of16_g351,12/16,12,16,1,look to their left when spoken to,0.5,0.7444522224800117,0.46451468410205526,0.45569175848764953
12of16_g351,12/16,12,16,1,paint their hands yellow,0.5,0.7508845673260529,0.4719328404334663,0.45991092261082306
12of16_g351,12/16,12,16,1,play banjos,0.51,0.7307032740477635,0.43077370279519783,0.4204068548097313
12of16_g351,12/16,12,16,1,ride lions,0.5,0.7391021741521874,0.31952618672284927,0.30787166956473616
12of16_g351,12/16,12,16,1,scream out windows,0.51,0.740982767938635,0.40186319803748083,0.3873747718000386
12of16_g351,12/16,12,16,1,sing beautiful songs,0.51,0.7237319904455124,0.6825940602317122,0.6692434788610061
12of16_g351,12/16,12,16,1,smell garbage for fun,0.5,0.7449284234543727,0.36054608526040205,0.34757662834559844
12of16_g351,12/16,12,16,1,smile when they are sad,0.5,0.7433061941315167,0.43459311535716333,0.4256783886385197
12of16_g351,12/16,12,16,1,wash their clothes in ponds,0.51,0.7551503210360452,0.5509245205618691,0.5438908652036188
12of16_g351,12/16,12,16,1,yell at stray cats,0.49,0.7407547440565089,0.3263240698191643,0.31396017129502823
12of16_g352,12/16,12,16,1,chug maple syrup,0.5,0.7467621533365224,0.4360869731226893,0.4237400954003924
12of16_g352,12/16,12,16,1,clap three times before entering a room,0.67,0.7384641374194361,0.4894206634836176,0.4730736426609373
12of16_g352,12/16,12,16,1,dance around a fire on their 10th birthday,0.55,0.7436196504359741,0.5926801762984857,0.5777890334247133
12of16_g352,12/16,12,16,1,farm potatoes,0.67,0.7495421294455687,0.4627097688648747,0.4534702504506174
12of16_g352,12/16,12,16,1,go to the opera,0.1,0.7379801083044822,0.4316951561115757,0.42189730523576535
12of16_g352,12/16,12,16,1,live in caves,0.34,0.7506805902786515,0.40945819584683385,0.39602809512876325
12of16_g352,12/16,12,16,1,look to their left when spoken to,0.57,0.7423200135946499,0.4641342613451253,0.4538078998094182
12of16_g352,12/16,12,16,1,paint their hands yellow,0.55,0.746653751921707,0.47080998787455514,0.45618623861113006
12of16_g352,12/16,12,16,1,play banjos,0.59,0.742992999184299,0.4330721156275301,0.42191195022173245
12of16_g352,12/16,12,16,1,ride lions,0.36,0.7463665619369412,0.3211751525960598,0.30809769708047946
12of16_g352,12/16,12,16,1,scream out windows,0.48,0.7435027050452602,0.4025736719104293,0.3860679257619439
12of16_g352,12/16,12,16,1,sing beautiful songs,0.85,0.7381227183350267,0.685840216921993,0.671852707711958
12of16_g352,12/16,12,16,1,smell garbage for fun,0.18,0.7486760805714882,0.36155964858626777,0.34649485863119156
12of16_g352,12/16,12,16,1,smile when they are sad,0.39,0.7399961945264768,0.43400236976648277,0.4235782748170135
12of16_g352,12/16,12,16,1,wash their clothes in ponds,0.69,0.7525770632024138,0.550465048123458,0.5415311224015193
12of16_g352,12/16,12,16,1,yell at stray cats,0.19,0.7444544726651102,0.3272147807226181,0.3131752795732905
12of16_g353,12/16,12,16,1,chug maple syrup,0.1,0.7198486809888109,0.4302131544532204,0.39314350212051313
12of16_g353,12/16,12,16,1,clap three times before entering a room,0.7,0.738273397314743,0.48936777986463054,0.4508807867498402
12of16_g353,12/16,12,16,1,dance around a fire on their 10th birthday,0.8,0.7328810953993481,0.5899513158741432,0.551328946368655
12of16_g353,12/16,12,16,1,farm potatoes,0.3,0.7347431690950609,0.46020448506425066,0.4335610877017403
12of16_g353,12/16,12,16,1,go to the opera,0.2,0.7047644014485949,0.4264476115348317,0.39898711673750614
12of16_g353,12/16,12,16,1,live in caves,0.1,0.7540646012564929,0.4103121520109444,0.37578621508675386
12of16_g353,12/16,12,16,1,look to their left when spoken to,0.2,0.7419647582962972,0.46407087768654426,0.43910239374033183
12of16_g353,12/16,12,16,1,paint their hands yellow,0.2,0.7540184296941058,0.4727645631731605,0.43781144173197717
12of16_g353,12/16,12,16,1,play banjos,0.5,0.7130524263832656,0.4274726578716609,0.39526599927421335
12of16_g353,12/16,12,16,1,ride lions,0.05,0.7290072720035734,0.3172347136311457,0.28094063067111125
12of16_g353,12/16,12,16,1,scream out windows,0.05,0.7338175308409214,0.39984302311405795,0.35732891284799306
12of16_g353,12/16,12,16,1,sing beautiful songs,0.5,0.7007829662313481,0.6774173847320311,0.6372875723279867
12of16_g353,12/16,12,16,1,smell garbage for fun,0.02,0.7405490531899696,0.3593616735195002,0.3187800262378351
12of16_g353,12/16,12,16,1,smile when they are sad,0.6,0.7408469739253798,0.43415421092615497,0.4095226594198374
12of16_g353,12/16,12,16,1,wash their clothes in ponds,0.2,0.7632185016518879,0.5523651483033465,0.5295538744330861
12of16_g353,12/16,12,16,1,yell at stray cats,0.05,0.7329253304565759,0.32443913586890183,0.2875865454173151
12of16_g354,12/16,12,16,1,chug maple syrup,0.62,0.7183408599594309,0.42988407512825755,0.41820127797823065
12of16_g354,12/16,12,16,1,clap three times before entering a room,0.77,0.7514160017058591,0.49301163066483916,0.4797194641181321
12of16_g354,12/16,12,16,1,dance around a fire on their 10th birthday,0.5,0.741152655015122,0.5920532682882332,0.5792082293552715
12of16_g354,12/16,12,16,1,farm potatoes,0.08,0.728703843351627,0.45918210074850396,0.45067914419711896
12of16_g354,12/16,12,16,1,go to the opera,0.13,0.7212154083479873,0.4290466046079411,0.4201052742662727
12of16_g354,12/16,12,16,1,live in caves,0.41,0.7477976610091782,0.4087306877989929,0.39723614408161906
12of16_g354,12/16,12,16,1,look to their left when spoken to,0.59,0.7507158967379736,0.4656322313771294,0.45711005911671326
12of16_g354,12/16,12,16,1,paint their hands yellow,0.75,0.7553132367448419,0.47310820317426333,0.46114059588324424
12of16_g354,12/16,12,16,1,play banjos,0.12,0.7214027366769588,0.4290343250464559,0.4187015788820419
12of16_g354,12/16,12,16,1,ride lions,0.65,0.7323083801939767,0.3179840423992457,0.3062183161515405
12of16_g354,12/16,12,16,1,scream out windows,0.2,0.7421830632505226,0.4022016106338415,0.38802665725571844
12of16_g354,12/16,12,16,1,sing beautiful songs,0.88,0.7166258660219387,0.680991111894654,0.6680255651055889
12of16_g354,12/16,12,16,1,smell garbage for fun,0.5,0.7393925865722334,0.35904890420397984,0.3457690679408056
12of16_g354,12/16,12,16,1,smile when they are sad,0.36,0.7521189474831681,0.4361659539690823,0.427676732744851
12of16_g354,12/16,12,16,1,wash their clothes in ponds,0.35,0.7491881493736647,0.5498599348386133,0.5422359679924298
12of16_g354,12/16,12,16,1,yell at stray cats,0.08,0.7399576745514198,0.3261321750684674,0.3139335514129971
8of16_g355,8/16,8,16,1,chug maple syrup,0.5,0.4879145315005702,0.3795939285224102,0.35127045611250807
8of16_g355,8/16,8,16,1,clap three times before entering a room,0.5,0.5207157310473084,0.4290488618839614,0.3944046406621786
8of16_g355,8/16,8,16,1,dance around a fire on their 10th birthday,0.5,0.5089607817213175,0.533049127440202,0.5003605905154959
8of16_g355,8/16,8,16,1,farm potatoes,0.5,0.48532803986032547,0.41798154047200486,0.397178601167911
8of16_g355,8/16,8,16,1,go to the opera,0.5,0.5123570863830816,0.39605036703003915,0.37384682682514536
8of16_g355,8/16,8,16,1,live in caves,0.1,0.49130477264418787,0.34400463209052845,0.31502237471967837
8of16_g355,8/16,8,16,1,look to their left when spoken to,0.5,0.5137949973282161,0.42336146590637846,0.4012885293194509
8of16_g355,8/16,8,16,1,paint their hands yellow,0.5,0.5048949764101228,0.40664754310243123,0.3757037665685325
8of16_g355,8/16,8,16,1,play banjos,0.5,0.5015737510602413,0.38792211498099194,0.3624652674588149
8of16_g355,8/16,8,16,1,ride lions,0.1,0.49872966136957514,0.2649632858727239,0.23563797129090808
8of16_g355,8/16,8,16,1,scream out windows,0.1,0.5095206626650046,0.3366045144210448,0.30046224595154275
8of16_g355,8/16,8,16,1,sing beautiful songs,0.5,0.5097908565369023,0.6343347610151837,0.6023778751430684
8of16_g355,8/16,8,16,1,smell garbage for fun,0.1,0.49525707754847476,0.2930218396259642,0.25973373557121593
8of16_g355,8/16,8,16,1,smile when they are sad,0.5,0.5182208706040342,0.3944214602916135,0.37231464574685114
8of16_g355,8/16,8,16,1,wash their clothes in ponds,0.5,0.48131736607461584,0.5020298105607647,0.48305848893311887
8of16_g355,8/16,8,16,1,yell at stray cats,0.1,0.506730541174139,0.26998266448072805,0.23904904872643484
8of16_g356,8/16,8,16,1,chug maple syrup,0.02,0.4789100958511731,0.37762872605644304,0.35229016239527
8of16_g356,8/16,8,16,1,clap three times before entering a room,0.01,0.4867885582491191,0.4196423887017461,0.3886387705677805
8of16_g356,8/16,8,16,1,dance around a fire on their 10th birthday,0.28,0.48277180387603996,0.526394036047346,0.49716255864904835
8of16_g356,8/16,8,16,1,farm potatoes,0.16,0.49297032101494964,0.41927528562186855,0.4009955618422123
8of16_g356,8/16,8,16,1,go to the opera,0.16,0.4581058275181692,0.38747954538613216,0.36727762480140735
8of16_g356,8/16,8,16,1,live in caves,0.005,0.5088950804996355,0.34844355144395933,0.3236512358452598
8of16_g356,8/16,8,16,1,look to their left when spoken to,0.51,0.49085366823798815,0.41926833801442687,0.3996703386840713
8of16_g356,8/16,8,16,1,paint their hands yellow,0.15,0.5048069615539523,0.4066241840812904,0.37981671321928556
8of16_g356,8/16,8,16,1,play banjos,0.06,0.46762134252277815,0.3815723674802034,0.3585595885522004
8of16_g356,8/16,8,16,1,ride lions,0.005,0.482060966279982,0.2611796071694232,0.23500201171619195
8of16_g356,8/16,8,16,1,scream out windows,0.39,0.48353897977870963,0.3292792098261744,0.29697963738351063
8of16_g356,8/16,8,16,1,sing beautiful songs,0.37,0.45561275325537604,0.6221136549123993,0.5930255903389949
8of16_g356,8/16,8,16,1,smell garbage for fun,0.01,0.4938985795128503,0.29265443040357797,0.26339327041222954
8of16_g356,8/16,8,16,1,smile when they are sad,0.54,0.4894299668999227,0.3892830610637056,0.3695815825245473
8of16_g356,8/16,8,16,1,wash their clothes in ponds,0.01,0.5233212488551081,0.5095298854431389,0.49392058015410184
8of16_g356,8/16,8,16,1,yell at stray cats,0.07,0.4832905565104626,0.2643394803108978,0.2367104159999831
8of16_g357,8/16,8,16,1,chug maple syrup,0.5,0.5169551019145262,0.3859319826562546,0.3762353614835814
8of16_g357,8/16,8,16,1,clap three times before entering a room,0.5,0.4865827468607985,0.41958532649628777,0.40741485838055924
8of16_g357,8/16,8,16,1,dance around a fire on their 10th birthday,0.5,0.49790639980116314,0.5302400097111789,0.5188739521328518
8of16_g357,8/16,8,16,1,farm potatoes,0.5,0.5142026141803752,0.4228696543381558,0.4158407135267844
8of16_g357,8/16,8,16,1,go to the opera,0.5,0.5037970039066372,0.3946980124174867,0.38683232483816243
8of16_g357,8/16,8,16,1,live in caves,0.5,0.5034866186817284,0.3470787245157959,0.33735665147599314
8of16_g357,8/16,8,16,1,look to their left when spoken to,0.5,0.49094802212735283,0.4192851723719636,0.4116094864599796
8of16_g357,8/16,8,16,1,paint their hands yellow,0.5,0.49344100178507316,0.4036076740728751,0.3930444911600721
8of16_g357,8/16,8,16,1,play banjos,0.5,0.509458761786059,0.38939676226837683,0.3805146298623852
8of16_g357,8/16,8,16,1,ride lions,0.5,0.506759262459106,0.2667859498830234,0.2566812383028281
8of16_g357,8/16,8,16,1,scream out windows,0.5,0.49716240022156843,0.3331202121509532,0.3205544006726502
8of16_g357,8/16,8,16,1,sing beautiful songs,0.5,0.5068142721716205,0.6336633245648715,0.6223478427642649
8of16_g357,8/16,8,16,1,smell garbage for fun,0.5,0.5054916783247755,0.2957898132365595,0.28445229365485847
8of16_g357,8/16,8,16,1,smile when they are sad,0.5,0.48773218598638424,0.3889800529947356,0.3812475861818302
8of16_g357,8/16,8,16,1,wash their clothes in ponds,0.5,0.5068012451500821,0.5065801280244667,0.50036025490031
8of16_g357,8/16,8,16,1,yell at stray cats,0.5,0.49959674063250775,0.2682651996075686,0.2575383261006249
12of16_g358,12/16,12,16,1,chug maple syrup,0.005,0.7377815589190619,0.43412697396424943,0.41236403328427085
12of16_g358,12/16,12,16,1,clap three times before entering a room,0.01,0.7668489329705684,0.49729048569729295,0.4723372272674987
12of16_g358,12/16,12,16,1,dance around a fire on their 10th birthday,0.85,0.7590507720970202,0.5966015024974408,0.5726153969208473
12of16_g358,12/16,12,16,1,farm potatoes,0.24,0.7327380801008017,0.4598650479107512,0.44372693254837753
12of16_g358,12/16,12,16,1,go to the opera,0.25,0.7655721017187682,0.4360542449014333,0.4200146747866219
12of16_g358,12/16,12,16,1,live in caves,0.01,0.736195564792027,0.40580289541116776,0.38346721278196383
12of16_g358,12/16,12,16,1,look to their left when spoken to,0.05,0.7610348945553379,0.46747331816059884,0.451348852795428
12of16_g358,12/16,12,16,1,paint their hands yellow,0.3,0.750181850233867,0.47174634028875634,0.4485689325082729
12of16_g358,12/16,12,16,1,play banjos,0.15,0.7544522413054695,0.43521521230768306,0.41633077461403456
12of16_g358,12/16,12,16,1,ride lions,0.25,0.7496478021695491,0.3219199714749103,0.29993695166104334
12of16_g358,12/16,12,16,1,scream out windows,0.1,0.7593641256316048,0.40704565848692664,0.3805429387937298
12of16_g358,12/16,12,16,1,sing beautiful songs,0.9,0.763487277564763,0.691561771402891,0.6683584774402193
12of16_g358,12/16,12,16,1,smell garbage for fun,0.005,0.7438938492480334,0.3602662820551827,0.3350086642533627
12of16_g358,12/16,12,16,1,smile when they are sad,0.05,0.7645248311365298,0.438380069359175,0.4223648619749613
12of16_g358,12/16,12,16,1,wash their clothes in ponds,0.01,0.720801039849961,0.5447912261138852,0.5297486247485569
12of16_g358,12/16,12,16,1,yell at stray cats,0.05,0.7570282336722063,0.3302419179024657,0.307434810251644
8of16_g359,8/16,8,16,1,chug maple syrup,0.1,0.47043214287703145,0.37577842752138146,0.36669291641738444
8of16_g359,8/16,8,16,1,clap three times before entering a room,0.05,0.4982523340121278,0.42282077612362484,0.41094396769027136
8of16_g359,8/16,8,16,1,dance around a fire on their 10th birthday,0.75,0.48731145695904876,0.5275476437344337,0.516675287849929
8of16_g359,8/16,8,16,1,farm potatoes,0.25,0.48389391393103665,0.41773876041356794,0.41083084576832396
8of16_g359,8/16,8,16,1,go to the opera,0.75,0.462916033421593,0.3882394801366118,0.3813269189936645
8of16_g359,8/16,8,16,1,live in caves,0.75,0.5049863552380297,0.3474571834762371,0.33733802057583157
8of16_g359,8/16,8,16,1,look to their left when spoken to,0.3,0.49878990490455277,0.420684299205223,0.4131132682678569
8of16_g359,8/16,8,16,1,paint their hands yellow,0.5,0.5087865483939464,0.4076803609265638,0.396781021774196
8of16_g359,8/16,8,16,1,play banjos,0.05,0.4667734160107041,0.3814137890616811,0.3733748467649114
8of16_g359,8/16,8,16,1,ride lions,0.01,0.48049993531026225,0.2608252639167825,0.25122078734499215
8of16_g359,8/16,8,16,1,scream out windows,0.5,0.4884598396996331,0.3306666025500102,0.3186105529867448
8of16_g359,8/16,8,16,1,sing beautiful songs,0.9,0.45882097467629473,0.6228373423804254,0.6129908519996634
8of16_g359,8/16,8,16,1,smell garbage for fun,0.01,0.49113844411322755,0.2919079448185694,0.2806952683276233
8of16_g359,8/16,8,16,1,smile when they are sad,0.05,0.4997300369863526,0.3911213455692368,0.3835151112736698
8of16_g359,8/16,8,16,1,wash their clothes in ponds,0.8,0.5144366408850706,0.5079434791238935,0.5011380596798175
8of16_g359,8/16,8,16,1,yell at stray cats,0.05,0.48657403979483616,0.2651299800129302,0.25485733123866194
8of16_g360,8/16,8,16,1,chug maple syrup,0.995,0.4955889750459263,0.3812688625179981,0.40909008877808944
8of16_g360,8/16,8,16,1,clap three times before entering a room,0.995,0.5063489340875437,0.42506559775758623,0.465806630425975
8of16_g360,8/16,8,16,1,dance around a fire on their 10th birthday,0.995,0.5027042073283762,0.5314592190964239,0.5675631759785464
8of16_g360,8/16,8,16,1,farm potatoes,0.25,0.49421148146647276,0.41948539897439663,0.43905890887198606
8of16_g360,8/16,8,16,1,go to the opera,0.995,0.5050248790821635,0.39489199684016385,0.42032658165952413
8of16_g360,8/16,8,16,1,live in caves,0.24,0.4960232584825734,0.34519534337762015,0.3727617469495686
8of16_g360,8/16,8,16,1,look to their left when spoken to,0.995,0.5040016175344849,0.42161415842334027,0.44651045753743257
8of16_g360,8/16,8,16,1,paint their hands yellow,0.76,0.5007259290520087,0.40554108369759134,0.4381347767773504
8of16_g360,8/16,8,16,1,play banjos,0.24,0.5008774411703635,0.3877918917605053,0.4152182174040484
8of16_g360,8/16,8,16,1,ride lions,0.25,0.49927779423399055,0.26508770824859196,0.29567552769340155
8of16_g360,8/16,8,16,1,scream out windows,0.24,0.502860267645631,0.33472667523516186,0.3747396464485284
8of16_g360,8/16,8,16,1,sing beautiful songs,0.995,0.5043227704580864,0.6331013095633837,0.6693396313135499
8of16_g360,8/16,8,16,1,smell garbage for fun,0.99,0.49770206197564626,0.29368309183507807,0.32711545840085
8of16_g360,8/16,8,16,1,smile when they are sad,0.76,0.5054666345702975,0.3921451734038578,0.41774490813405496
8of16_g360,8/16,8,16,1,wash their clothes in ponds,0.76,0.4923750643752083,0.5040042367278537,0.5199834524021765
8of16_g360,8/16,8,16,1,yell at stray cats,0.01,0.5019438694733084,0.26883027166324636,0.30255474752394657
8of16_g361,8/16,8,16,1,chug maple syrup,0.32,0.5079613858497626,0.3839691197210451,0.3652922280190708
8of16_g361,8/16,8,16,1,clap three times before entering a room,0.41,0.46575386348430636,0.41381041757411197,0.39915898138887507
8of16_g361,8/16,8,16,1,dance around a fire on their 10th birthday,0.74,0.48035277935430715,0.5257793183073562,0.5090769427441348
8of16_g361,8/16,8,16,1,farm potatoes,0.28,0.518092876723709,0.4235282284203314,0.41010067184810806
8of16_g361,8/16,8,16,1,go to the opera,0.18,0.46349995905386077,0.3883317309442831,0.3762094007165014
8of16_g361,8/16,8,16,1,live in caves,0.36,0.5170376589825821,0.35049833351552995,0.3342678579996503
8of16_g361,8/16,8,16,1,look to their left when spoken to,0.995,0.4774073532036863,0.4168692840235091,0.40678765137112555
8of16_g361,8/16,8,16,1,paint their hands yellow,0.59,0.49633321901855026,0.4043752645279446,0.389674109170465
8of16_g361,8/16,8,16,1,play banjos,0.53,0.48341307503452663,0.38452572243700867,0.36942277390815426
8of16_g361,8/16,8,16,1,ride lions,0.36,0.49434969406494916,0.263969063534227,0.2469698747247448
8of16_g361,8/16,8,16,1,scream out windows,0.21,0.4799331179639155,0.3282625691321911,0.30999813345767346
8of16_g361,8/16,8,16,1,sing beautiful songs,0.41,0.46587243355378777,0.6244279596575469,0.6063257438252179
8of16_g361,8/16,8,16,1,smell garbage for fun,0.36,0.504734914050808,0.295585144428702,0.2764858006414588
8of16_g361,8/16,8,16,1,smile when they are sad,0.49,0.47051987642161053,0.3859081203076934,0.3763682783200063
8of16_g361,8/16,8,16,1,wash their clothes in ponds,0.37,0.5370896951147616,0.5119883338323271,0.5007749691564274
8of16_g361,8/16,8,16,1,yell at stray cats,0.04,0.48372859782287064,0.26444493890378434,0.24823008526649395
12of16_g362,12/16,12,16,1,chug maple syrup,0.63,0.7469502400350132,0.4361280227184754,0.45541402506434353
12of16_g362,12/16,12,16,1,clap three times before entering a room,0.85,0.7603144955581738,0.49547878123709,0.5170198260411585
12of16_g362,12/16,12,16,1,dance around a fire on their 10th birthday,0.995,0.7580878505068288,0.5963568067622832,0.6170954846229282
12of16_g362,12/16,12,16,1,farm potatoes,0.99,0.7409382796945257,0.4612532418593441,0.47631735904222167
12of16_g362,12/16,12,16,1,go to the opera,0.5,0.7667421860197461,0.43623909930042504,0.4490037200912574
12of16_g362,12/16,12,16,1,live in caves,0.96,0.7389545081763813,0.4064991155844855,0.42834592930985593
12of16_g362,12/16,12,16,1,look to their left when spoken to,0.5,0.7567639014279114,0.46671129948995216,0.4809553320745575
12of16_g362,12/16,12,16,1,paint their hands yellow,0.98,0.7474953461614666,0.47103334582222367,0.492864207957015
12of16_g362,12/16,12,16,1,play banjos,0.76,0.7589764845268213,0.4360613320183374,0.45179596411842365
12of16_g362,12/16,12,16,1,ride lions,0.14,0.7532975859264642,0.32274844718932383,0.34201735777170195
12of16_g362,12/16,12,16,1,scream out windows,0.92,0.7580439477591553,0.406673446067992,0.42962768682369173
12of16_g362,12/16,12,16,1,sing beautiful songs,0.995,0.7661070136992667,0.6921527126009374,0.710558964790685
12of16_g362,12/16,12,16,1,smell garbage for fun,0.96,0.747278693371416,0.36118172169120605,0.38437868213736404
12of16_g362,12/16,12,16,1,smile when they are sad,0.76,0.7586165574602531,0.43732560197571063,0.45132315170147375
12of16_g362,12/16,12,16,1,wash their clothes in ponds,0.995,0.725820137887249,0.5456874197186136,0.5616079206303324
12of16_g362,12/16,12,16,1,yell at stray cats,0.12,0.7569506765811489,0.33022324600678005,0.35003952321487086
8of16_g363,8/16,8,16,1,chug maple syrup,0.02,0.475657182188694,0.37691878329045647,0.35029364990761747
8of16_g363,8/16,8,16,1,clap three times before entering a room,0.07,0.5007476550617299,0.42351261598525203,0.3896368266179977
8of16_g363,8/16,8,16,1,dance around a fire on their 10th birthday,0.05,0.49071085250283947,0.5284114914247886,0.4969339614858272
8of16_g363,8/16,8,16,1,farm potatoes,0.03,0.4854959783493597,0.4180099704134408,0.39852438419728453
8of16_g363,8/16,8,16,1,go to the opera,0.09,0.4726356487484888,0.38977502218959237,0.3684201620483952
8of16_g363,8/16,8,16,1,live in caves,0.06,0.501909419462339,0.3466807178295743,0.3194416038872544
8of16_g363,8/16,8,16,1,look to their left when spoken to,0.03,0.50010441114804,0.4209188297395351,0.39952639466884576
8of16_g363,8/16,8,16,1,paint their hands yellow,0.03,0.5064469032741065,0.4070594223464835,0.3774442576610506
8of16_g363,8/16,8,16,1,play banjos,0.2,0.4742676904392716,0.38281536121437576,0.3585622617342984
8of16_g363,8/16,8,16,1,ride lions,0.02,0.48430685550617825,0.26168940851796646,0.23378674419782708
8of16_g363,8/16,8,16,1,scream out windows,0.15,0.49165672409395555,0.33156793569480636,0.2967385274673401
8of16_g363,8/16,8,16,1,sing beautiful songs,0.24,0.469203000305995,0.6251792449037215,0.5945583173192427
8of16_g363,8/16,8,16,1,smell garbage for fun,0.01,0.49193207553332235,0.2921225844391444,0.2605851406185025
8of16_g363,8/16,8,16,1,smile when they are sad,0.05,0.5014854135098059,0.39143463290003744,0.36988597201006657
8of16_g363,8/16,8,16,1,wash their clothes in ponds,0.05,0.507952624950248,0.5067857146071268,0.48930759636156396
8of16_g363,8/16,8,16,1,yell at stray cats,0.1,0.4898604017304306,0.26592117275120947,0.2362114348891728
8of16_g364,8/16,8,16,1,chug maple syrup,0.8,0.5489284301226754,0.3929101060930119,0.41060635891688846
8of16_g364,8/16,8,16,1,clap three times before entering a room,0.9,0.47613580628329566,0.41668886156055573,0.4353355638508725
8of16_g364,8/16,8,16,1,dance around a fire on their 10th birthday,0.9,0.503515259598146,0.531665322099435,0.5504559016798495
8of16_g364,8/16,8,16,1,farm potatoes,0.62,0.5368315051082518,0.42670045005116364,0.4393557680529432
8of16_g364,8/16,8,16,1,go to the opera,0.1,0.5266722573705318,0.3983119325660754,0.41183999054033976
8of16_g364,8/16,8,16,1,live in caves,0.1,0.5053257511355282,0.34754283013064824,0.36381193958178465
8of16_g364,8/16,8,16,1,look to their left when spoken to,0.15,0.4843495162463673,0.4181078853734447,0.4301598014962468
8of16_g364,8/16,8,16,1,paint their hands yellow,0.9,0.48413233244612536,0.4011371661002139,0.41769632336960094
8of16_g364,8/16,8,16,1,play banjos,0.85,0.5360622825097702,0.39437212768438756,0.4100314410860576
8of16_g364,8/16,8,16,1,ride lions,0.75,0.5241255484781944,0.27072797691109457,0.28827308026083404
8of16_g364,8/16,8,16,1,scream out windows,0.1,0.5015028254310492,0.334343956466125,0.3550165095870952
8of16_g364,8/16,8,16,1,sing beautiful songs,0.95,0.534544314069928,0.639918467579253,0.6596383855150445
8of16_g364,8/16,8,16,1,smell garbage for fun,0.1,0.5163388848669873,0.2987234676226734,0.31816798645760674
8of16_g364,8/16,8,16,1,smile when they are sad,0.33,0.4776519237035734,0.38718099824940966,0.39907842354512735
8of16_g364,8/16,8,16,1,wash their clothes in ponds,0.9,0.5065347032608296,0.5065325351831304,0.517014693803491
8of16_g364,8/16,8,16,1,yell at stray cats,0.005,0.5071742983897441,0.2700894991792264,0.2879926731341667
4of16_g365,4/16,4,16,1,chug maple syrup,0.03,0.2586917251003417,0.32956644851884215,0.3119919480000115
4of16_g365,4/16,4,16,1,clap three times before entering a room,0.08,0.2532575112434104,0.35489477345126186,0.33322227921719716
4of16_g365,4/16,4,16,1,dance around a fire on their 10th birthday,0.08,0.2533767825172392,0.4681006256963086,0.4478946426915849
4of16_g365,4/16,4,16,1,farm potatoes,0.05,0.25556258872219245,0.3790850471342356,0.36613012245841003
4of16_g365,4/16,4,16,1,go to the opera,0.11,0.26030905006657323,0.3562308529733255,0.3425459788271741
4of16_g365,4/16,4,16,1,live in caves,0.1,0.2507856327677786,0.28330955650449774,0.26514252661674764
4of16_g365,4/16,4,16,1,look to their left when spoken to,0.04,0.2518918294265657,0.376633433833234,0.3628789050270006
4of16_g365,4/16,4,16,1,paint their hands yellow,0.3,0.24983851571257626,0.3389559110669456,0.3195565324797374
4of16_g365,4/16,4,16,1,play banjos,0.16,0.25846053584559225,0.3424553102029286,0.32677136233341963
4of16_g365,4/16,4,16,1,ride lions,0.04,0.25470638375358146,0.20957168661060047,0.19147041548569782
4of16_g365,4/16,4,16,1,scream out windows,0.05,0.2531914368267443,0.2643347671514008,0.2419803669212645
4of16_g365,4/16,4,16,1,sing beautiful songs,0.25,0.26146517719311774,0.5783192438322252,0.5586187805020661
4of16_g365,4/16,4,16,1,smell garbage for fun,0.09,0.2526026080535042,0.22739532592643782,0.2067463022831471
4of16_g365,4/16,4,16,1,smile when they are sad,0.18,0.2525096725087032,0.34699918313174205,0.3331794834146142
4of16_g365,4/16,4,16,1,wash their clothes in ponds,0.03,0.2515319121137471,0.4610000771765145,0.44892081837744946
4of16_g365,4/16,4,16,1,yell at stray cats,0.08,0.2533778829454778,0.208987927034678,0.1898774036675363
12of16_g366,12/16,12,16,1,chug maple syrup,0.995,0.7743712520289066,0.44211261103560334,0.44052172301950143
12of16_g366,12/16,12,16,1,clap three times before entering a room,0.07,0.7285520823500102,0.48667249814883407,0.47844146593807946
12of16_g366,12/16,12,16,1,dance around a fire on their 10th birthday,0.005,0.7483945547533993,0.5938935655652354,0.5885197717085331
12of16_g366,12/16,12,16,1,farm potatoes,0.02,0.7686569101846672,0.46594566850943997,0.46488896760291043
12of16_g366,12/16,12,16,1,go to the opera,0.75,0.7591952245117247,0.4350468014184579,0.43151620839314475
12of16_g366,12/16,12,16,1,live in caves,0.08,0.7509883074111614,0.40953584835559637,0.40685318152327204
12of16_g366,12/16,12,16,1,look to their left when spoken to,0.24,0.7357207690879621,0.4629568425630706,0.45851029376101116
12of16_g366,12/16,12,16,1,paint their hands yellow,0.995,0.73690642881356,0.46822306179801837,0.46306781901482474
12of16_g366,12/16,12,16,1,play banjos,0.49,0.7666291039003567,0.43749251769366226,0.434592522305722
12of16_g366,12/16,12,16,1,ride lions,0.01,0.7613650474842043,0.32457970526451513,0.32133982852831555
12of16_g366,12/16,12,16,1,scream out windows,0.005,0.7471190628086973,0.40359327184385685,0.39751103084039185
12of16_g366,12/16,12,16,1,sing beautiful songs,0.5,0.7635655175885012,0.6915794202236077,0.6869588142317513
12of16_g366,12/16,12,16,1,smell garbage for fun,0.42,0.7575005114753461,0.36394623819579713,0.36055680304633947
12of16_g366,12/16,12,16,1,smile when they are sad,0.18,0.730270562755681,0.4322666069958672,0.4272671126659882
12of16_g366,12/16,12,16,1,wash their clothes in ponds,0.01,0.7506541327526064,0.5501216959995001,0.5492479567444534
12of16_g366,12/16,12,16,1,yell at stray cats,0.35,0.750922853981054,0.3287720456940037,0.3240414178552717
8of16_g367,8/16,8,16,1,chug maple syrup,0.09,0.4624894874415282,0.37404495674587285,0.34457866158131756
8of16_g367,8/16,8,16,1,clap three times before entering a room,0.02,0.5412066758199771,0.43473007568945277,0.3998927986679308
8of16_g367,8/16,8,16,1,dance around a fire on their 10th birthday,0.7,0.5129424347603151,0.5340609372567486,0.5005538573120077
8of16_g367,8/16,8,16,1,farm potatoes,0.1,0.4620337458121137,0.4140381001124288,0.3924350590883403
8of16_g367,8/16,8,16,1,go to the opera,0.15,0.5122485387028788,0.39603321825181087,0.3730721557425438
8of16_g367,8/16,8,16,1,live in caves,0.1,0.4826029609390696,0.34180872735110124,0.31197930742482816
8of16_g367,8/16,8,16,1,look to their left when spoken to,0.03,0.5269973653672148,0.4257169955554106,0.40334842620458744
8of16_g367,8/16,8,16,1,paint their hands yellow,0.2,0.5121308861174265,0.40856794353459136,0.3771323397174666
8of16_g367,8/16,8,16,1,play banjos,0.1,0.4903278080430175,0.38581890929857815,0.35939692150313596
8of16_g367,8/16,8,16,1,ride lions,0.05,0.48899122439044185,0.26275272791342763,0.23241286032595418
8of16_g367,8/16,8,16,1,scream out windows,0.4,0.5145123546891273,0.3380118776269044,0.30100420547264506
8of16_g367,8/16,8,16,1,sing beautiful songs,0.35,0.5054549853095209,0.633356706430244,0.6002141178446434
8of16_g367,8/16,8,16,1,smell garbage for fun,0.15,0.4855401980020716,0.2903938850286478,0.2560241264662464
8of16_g367,8/16,8,16,1,smile when they are sad,0.45,0.5365177527175775,0.3976869599053658,0.3754129178185105
8of16_g367,8/16,8,16,1,wash their clothes in ponds,0.2,0.4659332916391674,0.49928288092892903,0.47970912959375434
8of16_g367,8/16,8,16,1,yell at stray cats,0.18,0.5079946674535795,0.27028700330650635,0.23851297516530487
4of16_g368,4/16,4,16,1,chug maple syrup,0.01,0.256572197375502,0.32910386526835056,0.31246831110315454
4of16_g368,4/16,4,16,1,clap three times before entering a room,0.05,0.26665030043955795,0.3586079892018931,0.33723902852650944
4of16_g368,4/16,4,16,1,dance around a fire on their 10th birthday,0.2,0.261443535894802,0.4701505331531204,0.4504929165006036
4of16_g368,4/16,4,16,1,farm potatoes,0.1,0.24964706890766436,0.378083621654837,0.36595421116035604
4of16_g368,4/16,4,16,1,go to the opera,0.15,0.27502764898892673,0.3585561535995435,0.3450159587029654
4of16_g368,4/16,4,16,1,live in caves,0.01,0.245215436714215,0.28190391589446656,0.26489280061263476
4of16_g368,4/16,4,16,1,look to their left when spoken to,0.02,0.26092725081247015,0.37824550849310784,0.3648340472867531
4of16_g368,4/16,4,16,1,paint their hands yellow,0.05,0.25180866137523683,0.3394787850019496,0.3209266354414202
4of16_g368,4/16,4,16,1,play banjos,0.1,0.2655827216112143,0.3437872946839562,0.3285665139687223
4of16_g368,4/16,4,16,1,ride lions,0.01,0.2576341909457944,0.210236278629412,0.1928670783903392
4of16_g368,4/16,4,16,1,scream out windows,0.1,0.26140212163414067,0.2666496967658477,0.24489417284490977
4of16_g368,4/16,4,16,1,sing beautiful songs,0.1,0.2753337273750174,0.5814476114383054,0.5619994474081574
4of16_g368,4/16,4,16,1,smell garbage for fun,0.01,0.25162451861013885,0.22713079916792406,0.20753429859904413
4of16_g368,4/16,4,16,1,smile when they are sad,0.25,0.26409819859330236,0.34906742225676796,0.33550369394435475
4of16_g368,4/16,4,16,1,wash their clothes in ponds,0.05,0.23853212553156133,0.45867887812616004,0.44760824172334723
4of16_g368,4/16,4,16,1,yell at stray cats,0.1,0.2601976929305145,0.2106297985760211,0.19209941058996377
4of16_g369,4/16,4,16,1,chug maple syrup,0.05,0.2625438269922686,0.3304071630768587,0.32044111582611595
4of16_g369,4/16,4,16,1,clap three times before entering a room,0.76,0.2481319570996693,0.3534736887094272,0.3434422497703564
4of16_g369,4/16,4,16,1,dance around a fire on their 10th birthday,0.82,0.2512440903434823,0.4675586701678022,0.4574395890479124
4of16_g369,4/16,4,16,1,farm potatoes,0.41,0.2604503476287202,0.37991248520554977,0.37253075833411475
4of16_g369,4/16,4,16,1,go to the opera,0.4,0.25592600487062517,0.355538402707329,0.34866478295407144
4of16_g369,4/16,4,16,1,live in caves,0.37,0.2542048123418473,0.28417238747419504,0.2743175735618328
4of16_g369,4/16,4,16,1,look to their left when spoken to,0.39,0.24879635989567855,0.376081148801023,0.36945833652083737
4of16_g369,4/16,4,16,1,paint their hands yellow,0.04,0.24957478569480776,0.3388859174848553,0.329175372352217
4of16_g369,4/16,4,16,1,play banjos,0.24,0.25779917046059925,0.34233162227086816,0.3340228195946617
4of16_g369,4/16,4,16,1,ride lions,0.55,0.2554295927193035,0.20973585005272538,0.20010333916086057
4of16_g369,4/16,4,16,1,scream out windows,0.1,0.2509370916466382,0.26369917456186276,0.2525503068964727
4of16_g369,4/16,4,16,1,sing beautiful songs,0.59,0.2577039610300974,0.5774708157954421,0.5674124380051754
4of16_g369,4/16,4,16,1,smell garbage for fun,0.05,0.2546478546389647,0.22794846802738072,0.21685148482003375
4of16_g369,4/16,4,16,1,smile when they are sad,0.24,0.24817699622415712,0.3462259173564095,0.3397470174082624
4of16_g369,4/16,4,16,1,wash their clothes in ponds,0.68,0.25775073872447246,0.4621104903615214,0.4552348135338059
4of16_g369,4/16,4,16,1,yell at stray cats,0.51,0.25188493139182094,0.20862849844738135,0.19893520777106005
8of16_g370,8/16,8,16,1,chug maple syrup,0.5,0.5007567314812872,0.382396716398654,0.3732573520640877
8of16_g370,8/16,8,16,1,clap three times before entering a room,0.02,0.5154065802159857,0.42757687407017464,0.4235194613550326
8of16_g370,8/16,8,16,1,dance around a fire on their 10th birthday,0.75,0.5105704262449648,0.5334581671315627,0.5272241813424507
8of16_g370,8/16,8,16,1,farm potatoes,0.33,0.4935670312135859,0.41937630139317295,0.4116002878184144
8of16_g370,8/16,8,16,1,go to the opera,0.4,0.522816954611879,0.39770285707144115,0.39492368548157497
8of16_g370,8/16,8,16,1,live in caves,0.1,0.4903828013884691,0.3437719723733735,0.33297393738565856
8of16_g370,8/16,8,16,1,look to their left when spoken to,0.01,0.5099203184671769,0.422670156520767,0.41886140810733274
8of16_g370,8/16,8,16,1,paint their hands yellow,0.1,0.4994137800570428,0.40519284116846643,0.39702082893838153
8of16_g370,8/16,8,16,1,play banjos,0.6,0.5128758427411421,0.39003582153365957,0.38468540571220344
8of16_g370,8/16,8,16,1,ride lions,0.02,0.5052841023082935,0.26645109871341555,0.2588983413657029
8of16_g370,8/16,8,16,1,scream out windows,0.05,0.5105613079148822,0.3368979151012055,0.33008825660282604
8of16_g370,8/16,8,16,1,sing beautiful songs,0.98,0.522489201342717,0.6371991621256323,0.6328296116577992
8of16_g370,8/16,8,16,1,smell garbage for fun,0.04,0.4985466213865861,0.29391150505931196,0.28368968102720077
8of16_g370,8/16,8,16,1,smile when they are sad,0.95,0.5129460122481372,0.39348004044658813,0.39040871663344756
8of16_g370,8/16,8,16,1,wash their clothes in ponds,0.5,0.47932324298937706,0.501673746514445,0.49234165565362353
8of16_g370,8/16,8,16,1,yell at stray cats,0.01,0.5091353127517617,0.27056161404462975,0.26416890573928664
8of16_g371,8/16,8,16,1,chug maple syrup,0.37,0.5204855616338306,0.3867024993678533,0.3771443282783684
8of16_g371,8/16,8,16,1,clap three times before entering a room,0.61,0.4979534848449397,0.422737918742805,0.4065958077460624
8of16_g371,8/16,8,16,1,dance around a fire on their 10th birthday,0.93,0.5066913541447696,0.5324724249808459,0.5188576272137949
8of16_g371,8/16,8,16,1,farm potatoes,0.75,0.5117693693365755,0.42245773561239786,0.41496917517772636
8of16_g371,8/16,8,16,1,go to the opera,0.5,0.5226663278043868,0.39767906047153145,0.38939767943948206
8of16_g371,8/16,8,16,1,live in caves,0.08,0.49697431380842727,0.3454353424684154,0.3331824046813181
8of16_g371,8/16,8,16,1,look to their left when spoken to,0.23,0.4984303248609496,0.4206201439376675,0.4106161150753015
8of16_g371,8/16,8,16,1,paint their hands yellow,0.22,0.49281893077231126,0.4034425772861455,0.38918275527339485
8of16_g371,8/16,8,16,1,play banjos,0.5,0.5213451905805715,0.3916197509982625,0.3824819035083929
8of16_g371,8/16,8,16,1,ride lions,0.75,0.5124687245860533,0.268081958367246,0.25690838282241024
8of16_g371,8/16,8,16,1,scream out windows,0.06,0.5058554783451731,0.3355711482739554,0.32038078825642224
8of16_g371,8/16,8,16,1,sing beautiful songs,0.75,0.5257296524019651,0.6379301197232096,0.6264205411591908
8of16_g371,8/16,8,16,1,smell garbage for fun,0.01,0.5057581199639207,0.2958618730503263,0.2826324562165383
8of16_g371,8/16,8,16,1,smile when they are sad,0.17,0.49726723490596014,0.39068180187035073,0.3804120005756596
8of16_g371,8/16,8,16,1,wash their clothes in ponds,0.38,0.4918483044266384,0.5039101802074135,0.495812314203524
8of16_g371,8/16,8,16,1,yell at stray cats,0.08,0.5074512393876702,0.2701561728173664,0.25745811100722354
4of16_g372,4/16,4,16,1,chug maple syrup,0.1,0.2537516978480551,0.32848829613748903,0.31747634041581463
4of16_g372,4/16,4,16,1,clap three times before entering a room,0.5,0.2549351548093865,0.35535990826536906,0.3433459865413111
4of16_g372,4/16,4,16,1,dance around a fire on their 10th birthday,0.5,0.2525598712464698,0.4678930338155203,0.4561143835933568
4of16_g372,4/16,4,16,1,farm potatoes,0.6,0.25204528769589185,0.378489610895851,0.3705039887311029
4of16_g372,4/16,4,16,1,go to the opera,0.5,0.25680674699136885,0.35567754572058086,0.34741142770968203
4of16_g372,4/16,4,16,1,live in caves,0.5,0.2504654289773201,0.2832287529839347,0.27261912633746516
4of16_g372,4/16,4,16,1,look to their left when spoken to,0.75,0.25296058667371185,0.37682411851766595,0.36908341816597867
4of16_g372,4/16,4,16,1,paint their hands yellow,0.25,0.25129298169472664,0.33934192432770593,0.3284575684156214
4of16_g372,4/16,4,16,1,play banjos,0.25,0.25439683093709864,0.3416953199342506,0.3320771768980898
4of16_g372,4/16,4,16,1,ride lions,0.5,0.25206672616768705,0.20897250256301475,0.19805734323431556
4of16_g372,4/16,4,16,1,scream out windows,0.1,0.2525699821083265,0.26415955351630827,0.2511736706089859
4of16_g372,4/16,4,16,1,sing beautiful songs,0.5,0.2572060923728003,0.5773585101716283,0.5653241332274103
4of16_g372,4/16,4,16,1,smell garbage for fun,0.25,0.2509430734392502,0.22694650060158866,0.2146450763037686
4of16_g372,4/16,4,16,1,smile when they are sad,0.75,0.25412651372138984,0.3472877456487197,0.3396082270583474
4of16_g372,4/16,4,16,1,wash their clothes in ponds,0.75,0.2514417041609765,0.4609839699417548,0.4539201676250453
4of16_g372,4/16,4,16,1,yell at stray cats,0.1,0.25225578064383214,0.20871778052919032,0.19750859801264872
8of16_g373,8/16,8,16,1,chug maple syrup,0.995,0.5312970653359597,0.389062091302708,0.4452320125611224
8of16_g373,8/16,8,16,1,clap three times before entering a room,0.995,0.48670265775521393,0.4196185723732514,0.4920309797006905
8of16_g373,8/16,8,16,1,dance around a fire on their 10th birthday,0.995,0.5034401532416257,0.5316462362202616,0.5984889147339115
8of16_g373,8/16,8,16,1,farm potatoes,0.995,0.5236098313800404,0.42446218167123057,0.46675886410509027
8of16_g373,8/16,8,16,1,go to the opera,0.995,0.5174914307710504,0.39686151041967455,0.4403981686518419
8of16_g373,8/16,8,16,1,live in caves,0.995,0.5039462493205039,0.3471947124424801,0.40833828597642013
8of16_g373,8/16,8,16,1,look to their left when spoken to,0.995,0.491679456071034,0.4194156727742824,0.465507502504218
8of16_g373,8/16,8,16,1,paint their hands yellow,0.995,0.49125974662171806,0.4030287719682607,0.4687022218415917
8of16_g373,8/16,8,16,1,play banjos,0.995,0.5234101930711719,0.3920059458212114,0.44214922053864664
8of16_g373,8/16,8,16,1,ride lions,0.995,0.516042892429713,0.26889326979140904,0.3280787916678308
8of16_g373,8/16,8,16,1,scream out windows,0.995,0.5022063154203557,0.3345422992168108,0.4086034032377679
8of16_g373,8/16,8,16,1,sing beautiful songs,0.995,0.5223101034591194,0.6371587625157226,0.699323423606802
8of16_g373,8/16,8,16,1,smell garbage for fun,0.995,0.5110939424006988,0.2973049596951932,0.3657842951460473
8of16_g373,8/16,8,16,1,smile when they are sad,0.995,0.4876115455654867,0.38895852193576075,0.4352471810869382
8of16_g373,8/16,8,16,1,wash their clothes in ponds,0.995,0.5039798913016447,0.5060763563792705,0.5468874972358013
8of16_g373,8/16,8,16,1,yell at stray cats,0.995,0.5056711958176561,0.2697276267308377,0.3328775717636057
4of16_g374,4/16,4,16,1,chug maple syrup,0.5,0.24680511385366363,0.32697221622672423,0.3120616261923893
4of16_g374,4/16,4,16,1,clap three times before entering a room,0.1,0.25925706419652367,0.3565581786012999,0.33712065250735684
4of16_g374,4/16,4,16,1,dance around a fire on their 10th birthday,0.75,0.2525858761983965,0.4678996421426097,0.4501496119553585
4of16_g374,4/16,4,16,1,farm potatoes,0.25,0.24750563120154107,0.3777211023245509,0.36658992779620364
4of16_g374,4/16,4,16,1,go to the opera,0.2,0.2520252012229803,0.35492213880799506,0.34318785855627143
4of16_g374,4/16,4,16,1,live in caves,0.02,0.2511232270378363,0.2833947485176951,0.2673551918748269
4of16_g374,4/16,4,16,1,look to their left when spoken to,0.5,0.256194728482418,0.37740114507056,0.36512271764235593
4of16_g374,4/16,4,16,1,paint their hands yellow,0.25,0.2550185074634219,0.34033067371591413,0.32295000127168527
4of16_g374,4/16,4,16,1,play banjos,0.1,0.2488054921331397,0.34064963301170653,0.32725591677553667
4of16_g374,4/16,4,16,1,ride lions,0.05,0.24899193423272617,0.20827454602239415,0.1926163287478153
4of16_g374,4/16,4,16,1,scream out windows,0.005,0.252930167772196,0.2642611046633258,0.24459073990688207
4of16_g374,4/16,4,16,1,sing beautiful songs,0.25,0.2510830438425291,0.5759773170100276,0.5591953907884275
4of16_g374,4/16,4,16,1,smell garbage for fun,0.01,0.2495043872327915,0.226557404286017,0.20853759907619485
4of16_g374,4/16,4,16,1,smile when they are sad,0.25,0.2583222266912569,0.34803656716910186,0.33564596910807815
4of16_g374,4/16,4,16,1,wash their clothes in ponds,0.75,0.25220437811507,0.46112015048954913,0.45043301342474756
4of16_g374,4/16,4,16,1,yell at stray cats,0.005,0.2517593571917683,0.20859826641659962,0.19185319534450745
12of16_g375,12/16,12,16,1,chug maple syrup,0.5,0.7388888488505003,0.43436863807164405,0.4304887933909533
12of16_g375,12/16,12,16,1,clap three times before entering a room,0.5,0.7581029582116338,0.4948656217832965,0.4867870094598261
12of16_g375,12/16,12,16,1,dance around a fire on their 10th birthday,0.6,0.7534964685110986,0.5951900538259287,0.588753088462028
12of16_g375,12/16,12,16,1,farm potatoes,0.85,0.7370031207611579,0.46058706736497773,0.4577995007448624
12of16_g375,12/16,12,16,1,go to the opera,0.8,0.7553054051925817,0.43443227286540786,0.43012171156541923
12of16_g375,12/16,12,16,1,live in caves,0.8,0.7407213377801624,0.4069449755539009,0.40232653601366203
12of16_g375,12/16,12,16,1,look to their left when spoken to,0.37,0.7550820985254367,0.46641123691110986,0.46164714567253184
12of16_g375,12/16,12,16,1,paint their hands yellow,0.75,0.7492458324041542,0.47149792245086164,0.4653354306116617
12of16_g375,12/16,12,16,1,play banjos,0.5,0.7490751172606019,0.4342095876278418,0.4298757935606502
12of16_g375,12/16,12,16,1,ride lions,0.3,0.7474129129937602,0.3214126670618642,0.31647563645925236
12of16_g375,12/16,12,16,1,scream out windows,0.3,0.7537392766307535,0.40545978229823976,0.39827100758263295
12of16_g375,12/16,12,16,1,sing beautiful songs,0.58,0.7536511353129435,0.6893430053180591,0.6833725683767029
12of16_g375,12/16,12,16,1,smell garbage for fun,0.3,0.7446709881416648,0.3604764612303509,0.35502226267793074
12of16_g375,12/16,12,16,1,smile when they are sad,0.2,0.756944380148566,0.43702716345861503,0.431990144308679
12of16_g375,12/16,12,16,1,wash their clothes in ponds,0.29,0.7314692163851412,0.5466961005582401,0.5441648134289174
12of16_g375,12/16,12,16,1,yell at stray cats,0.5,0.7522833571494127,0.32909958728811506,0.32319174234500936
8of16_g376,8/16,8,16,1,chug maple syrup,0.75,0.46292627958759236,0.37414028587431386,0.37535728760195297
8of16_g376,8/16,8,16,1,clap three times before entering a room,0.75,0.5293411146170053,0.43144029130595574,0.4329975405561232
8of16_g376,8/16,8,16,1,dance around a fire on their 10th birthday,0.5,0.504928680292707,0.5320244977783954,0.5333994695829312
8of16_g376,8/16,8,16,1,farm potatoes,0.75,0.4677671995111427,0.41500870401524365,0.41626495225059523
8of16_g376,8/16,8,16,1,go to the opera,0.5,0.4946456404302473,0.3932522449681081,0.39356754373754727
8of16_g376,8/16,8,16,1,live in caves,0.5,0.490126642271726,0.34370733054503183,0.3460221630213298
8of16_g376,8/16,8,16,1,look to their left when spoken to,0.75,0.5193743188622404,0.42435691287892585,0.425485435613291
8of16_g376,8/16,8,16,1,paint their hands yellow,0.5,0.5125405956235013,0.40867667987105116,0.41088044613698066
8of16_g376,8/16,8,16,1,play banjos,0.25,0.4808813457379192,0.38405224080591716,0.3847333225288383
8of16_g376,8/16,8,16,1,ride lions,0.25,0.48537720995439537,0.2619323715878969,0.2632093451042013
8of16_g376,8/16,8,16,1,scream out windows,0.25,0.5064895247962533,0.3357499120361715,0.33729926236855867
8of16_g376,8/16,8,16,1,sing beautiful songs,0.75,0.48819568503652255,0.6294634778541146,0.6298543087860085
8of16_g376,8/16,8,16,1,smell garbage for fun,0.5,0.48703660805755383,0.2907985929048745,0.29275476076901563
8of16_g376,8/16,8,16,1,smile when they are sad,0.75,0.5265491079888549,0.3959078258808217,0.3969829525459554
8of16_g376,8/16,8,16,1,wash their clothes in ponds,0.75,0.48169150800323385,0.5020966161105263,0.5040845226601546
8of16_g376,8/16,8,16,1,yell at stray cats,0.5,0.5011385127449027,0.26863638176075644,0.2699731169032078
4of16_g377,4/16,4,16,1,chug maple syrup,0.5,0.24372133130196685,0.326299186032377,0.3217088183439907
4of16_g377,4/16,4,16,1,clap three times before entering a room,0.5,0.2626025092527994,0.3574857194663057,0.3512069074750996
4of16_g377,4/16,4,16,1,dance around a fire on their 10th birthday,0.5,0.25350053681965096,0.4681320738955349,0.462493741236114
4of16_g377,4/16,4,16,1,farm potatoes,0.5,0.244598885243311,0.377229025625296,0.373815985951167
4of16_g377,4/16,4,16,1,go to the opera,0.5,0.25235403883665314,0.35497408983356693,0.35122689722921757
4of16_g377,4/16,4,16,1,live in caves,0.5,0.2500710734622317,0.2831292372538836,0.27816355726926817
4of16_g377,4/16,4,16,1,look to their left when spoken to,0.5,0.2584322358735155,0.37780035489292596,0.3738725868932967
4of16_g377,4/16,4,16,1,paint their hands yellow,0.5,0.25630498333876833,0.34067210263458697,0.3351808339998424
4of16_g377,4/16,4,16,1,play banjos,0.5,0.2476452020511332,0.3404326366522205,0.3362227492013307
4of16_g377,4/16,4,16,1,ride lions,0.5,0.24800017901031438,0.208049424434066,0.20315012392028897
4of16_g377,4/16,4,16,1,scream out windows,0.5,0.2539871824577931,0.26455912056041514,0.25830673000297694
4of16_g377,4/16,4,16,1,sing beautiful songs,0.5,0.25083138408127903,0.5759205494146753,0.5705801034568794
4of16_g377,4/16,4,16,1,smell garbage for fun,0.5,0.24844803021454478,0.22627170986434064,0.22066252592933694
4of16_g377,4/16,4,16,1,smile when they are sad,0.5,0.2613299224667415,0.3485733596855634,0.34458471753719166
4of16_g377,4/16,4,16,1,wash their clothes in ponds,0.5,0.24999820527605424,0.4607262235380207,0.45746505248784414
4of16_g377,4/16,4,16,1,yell at stray cats,0.5,0.2522880942747065,0.2087255600466617,0.20342482625253455
4of16_g378,4/16,4,16,1,chug maple syrup,0.75,0.2701539159754537,0.33206805180084953,0.338015566239968
4of16_g378,4/16,4,16,1,clap three times before entering a room,0.35,0.2512014460643588,0.3543247194098397,0.3521627071643042
4of16_g378,4/16,4,16,1,dance around a fire on their 10th birthday,0.1,0.2561697742486988,0.4688103752459921,0.46987000997945483
4of16_g378,4/16,4,16,1,farm potatoes,0.4,0.26380771277380755,0.38048084624656564,0.38514897493675115
4of16_g378,4/16,4,16,1,go to the opera,0.25,0.2683704423610984,0.3575044226010826,0.3581331086340801
4of16_g378,4/16,4,16,1,live in caves,0.5,0.2521223146500611,0.28364686857006266,0.2882440917714595
4of16_g378,4/16,4,16,1,look to their left when spoken to,0.25,0.2509565246800815,0.3764665593714166,0.376168655178335
4of16_g378,4/16,4,16,1,paint their hands yellow,0.05,0.24791503152677252,0.3384454210233866,0.33979227683646884
4of16_g378,4/16,4,16,1,play banjos,0.6,0.2679400980177902,0.3442281690015928,0.3468517753244197
4of16_g378,4/16,4,16,1,ride lions,0.4,0.2612253710081066,0.21105145170975542,0.2144165814533377
4of16_g378,4/16,4,16,1,scream out windows,0.04,0.25559260879077855,0.26501175624784196,0.26599966965153565
4of16_g378,4/16,4,16,1,sing beautiful songs,0.95,0.2711012373741552,0.580492876845425,0.5820715740741021
4of16_g378,4/16,4,16,1,smell garbage for fun,0.15,0.2569822885693338,0.22857982157562096,0.2330653501278828
4of16_g378,4/16,4,16,1,smile when they are sad,0.1,0.250551702024557,0.3466497382470869,0.3456252072877365
4of16_g378,4/16,4,16,1,wash their clothes in ponds,0.995,0.2518088336402623,0.4610495233716736,0.46573957342382
4of16_g378,4/16,4,16,1,yell at stray cats,0.005,0.25678165347582954,0.20980738593152537,0.21133583299259534
8of16_g379,8/16,8,16,1,chug maple syrup,0.1,0.47168838372967353,0.3760525999090342,0.35068950247234
8of16_g379,8/16,8,16,1,clap three times before entering a room,0.11,0.48564275205388757,0.41932470837773056,0.38664242366538726
8of16_g379,8/16,8,16,1,dance around a fire on their 10th birthday,0.11,0.4793807101896146,0.5255322980086097,0.4954236615650106
8of16_g379,8/16,8,16,1,farm potatoes,0.5,0.48941882931257485,0.4186740613183177,0.39918715041888486
8of16_g379,8/16,8,16,1,go to the opera,0.53,0.44802758531202014,0.385887346085318,0.36706386287344517
8of16_g379,8/16,8,16,1,live in caves,0.05,0.5110557165598706,0.3489887885883182,0.3202132864612329
8of16_g379,8/16,8,16,1,look to their left when spoken to,0.2,0.49032915226858415,0.41917475533943455,0.3981825678268311
8of16_g379,8/16,8,16,1,paint their hands yellow,0.25,0.5075447054793129,0.407350777533956,0.3766959108031235
8of16_g379,8/16,8,16,1,play banjos,0.5,0.45906574594295163,0.37997230785731784,0.3578258244264061
8of16_g379,8/16,8,16,1,ride lions,0.03,0.4772738847548445,0.2600929727136201,0.23335131196546502
8of16_g379,8/16,8,16,1,scream out windows,0.15,0.4804304599927722,0.3284027902974308,0.2950105393421337
8of16_g379,8/16,8,16,1,sing beautiful songs,0.9,0.4446120822135292,0.6196322028153105,0.5928219065143758
8of16_g379,8/16,8,16,1,smell garbage for fun,0.02,0.49212113302044097,0.29217371551368926,0.26066337064310974
8of16_g379,8/16,8,16,1,smile when they are sad,0.4,0.4888722821038719,0.3891835293798483,0.36818076016550705
8of16_g379,8/16,8,16,1,wash their clothes in ponds,0.15,0.5282847195769036,0.5104161464177369,0.49078286485257344
8of16_g379,8/16,8,16,1,yell at stray cats,0.1,0.47981298701662595,0.26350225428883844,0.2350081423290296
4of16_g380,4/16,4,16,1,chug maple syrup,0.06,0.25294416136675774,0.3283120527007879,0.3140499807076292
4of16_g380,4/16,4,16,1,clap three times before entering a room,0.11,0.24828255196126556,0.3535154418650883,0.3361524130889584
4of16_g380,4/16,4,16,1,dance around a fire on their 10th birthday,0.84,0.2477139752964972,0.46666160429513703,0.4504342393226745
4of16_g380,4/16,4,16,1,farm potatoes,0.1,0.25513514774496787,0.37901268658115606,0.368162210964049
4of16_g380,4/16,4,16,1,go to the opera,0.09,0.24498216380809704,0.3538094527841622,0.34339444980784967
4of16_g380,4/16,4,16,1,live in caves,0.2,0.25571918962099116,0.2845545410253454,0.26889111402105426
4of16_g380,4/16,4,16,1,look to their left when spoken to,0.11,0.24890038307500376,0.37609970832628115,0.3649140664277689
4of16_g380,4/16,4,16,1,paint their hands yellow,0.2,0.25250093757895375,0.33966251414929516,0.3232801399127085
4of16_g380,4/16,4,16,1,play banjos,0.25,0.24758778401693265,0.3404218983854857,0.3281326138828113
4of16_g380,4/16,4,16,1,ride lions,0.1,0.2494501642692391,0.20837856107702485,0.1937305883691508
4of16_g380,4/16,4,16,1,scream out windows,0.1,0.24777625324027183,0.2628080042630362,0.24483502454475964
4of16_g380,4/16,4,16,1,sing beautiful songs,0.87,0.24534340579303532,0.5746826108216262,0.5597310754387876
4of16_g380,4/16,4,16,1,smell garbage for fun,0.06,0.25190288413266426,0.22720608382604518,0.21002569263759527
4of16_g380,4/16,4,16,1,smile when they are sad,0.05,0.24869309959971392,0.3463180278790154,0.33515883590774054
4of16_g380,4/16,4,16,1,wash their clothes in ponds,0.77,0.26216707127597205,0.46289905614756577,0.45204817966150385
4of16_g380,4/16,4,16,1,yell at stray cats,0.06,0.24805657549208804,0.2077068204804445,0.19231146730893828
4of16_g381,4/16,4,16,1,chug maple syrup,0.49,0.2542090458712957,0.32858811155047807,0.3140755638855229
4of16_g381,4/16,4,16,1,clap three times before entering a room,0.36,0.24369013199472134,0.35224217115922296,0.3347330734471198
4of16_g381,4/16,4,16,1,dance around a fire on their 10th birthday,0.5,0.2450937141626086,0.4659957487042011,0.4495649870450731
4of16_g381,4/16,4,16,1,farm potatoes,0.24,0.25772254579443377,0.3794507015677204,0.368551561598742
4of16_g381,4/16,4,16,1,go to the opera,0.24,0.2402934103447896,0.35306870555530384,0.34231731880907457
4of16_g381,4/16,4,16,1,live in caves,0.5,0.257996448375105,0.2851292079407556,0.2696582535223856
4of16_g381,4/16,4,16,1,look to their left when spoken to,0.5,0.24582831317159812,0.3755515981902816,0.36431030284265886
4of16_g381,4/16,4,16,1,paint their hands yellow,0.49,0.25189733301564726,0.3395023183327197,0.323256590031639
4of16_g381,4/16,4,16,1,play banjos,0.36,0.2455054215821468,0.34003245692210826,0.32742471252760463
4of16_g381,4/16,4,16,1,ride lions,0.24,0.24874712146530034,0.20821897521439586,0.19336751539464214
4of16_g381,4/16,4,16,1,scream out windows,0.23,0.2450939128458787,0.2620517422263527,0.2438669748084294
4of16_g381,4/16,4,16,1,sing beautiful songs,0.78,0.24098880252068944,0.5737003307969761,0.5582329888606087
4of16_g381,4/16,4,16,1,smell garbage for fun,0.09,0.25254951585560403,0.22738096700751873,0.2101466475554976
4of16_g381,4/16,4,16,1,smile when they are sad,0.5,0.24471384771190252,0.3456078388193694,0.3343804364533149
4of16_g381,4/16,4,16,1,wash their clothes in ponds,0.77,0.26730169246215213,0.46381587718504524,0.4532877121704063
4of16_g381,4/16,4,16,1,yell at stray cats,0.12,0.24588804782581847,0.20718474671744008,0.19160162099566042
4of16_g382,4/16,4,16,1,chug maple syrup,0.25,0.2643769333764737,0.3308072353664376,0.31474373219293345
4of16_g382,4/16,4,16,1,clap three times before entering a room,0.25,0.2820201455326841,0.36286935328735004,0.3414248734849217
4of16_g382,4/16,4,16,1,dance around a fire on their 10th birthday,0.5,0.2743631764066374,0.4734336467162797,0.4539759960796538
4of16_g382,4/16,4,16,1,farm potatoes,0.25,0.24864655007297873,0.3779142459980753,0.3663177531436146
4of16_g382,4/16,4,16,1,go to the opera,0.15,0.30476432993450575,0.36325406833919877,0.34970401369076193
4of16_g382,4/16,4,16,1,live in caves,0.15,0.2373859785169866,0.2799281498189574,0.2636577794924019
4of16_g382,4/16,4,16,1,look to their left when spoken to,0.1,0.2709839049552136,0.380039788650525,0.3667167624249356
4of16_g382,4/16,4,16,1,paint their hands yellow,0.15,0.2506019702436893,0.33915853084397296,0.3210393471603368
4of16_g382,4/16,4,16,1,play banjos,0.1,0.28490279410107777,0.3474005164638544,0.33239100348168044
4of16_g382,4/16,4,16,1,ride lions,0.01,0.26718840591836784,0.212405019465103,0.19542840867894376
4of16_g382,4/16,4,16,1,scream out windows,0.1,0.2740835947736011,0.2702251254193633,0.2486813060628217
4of16_g382,4/16,4,16,1,sing beautiful songs,0.9,0.3056205183488125,0.5882794874838777,0.5688624309305718
4of16_g382,4/16,4,16,1,smell garbage for fun,0.25,0.2532112588462525,0.22755993706948274,0.20858952210189047
4of16_g382,4/16,4,16,1,smile when they are sad,0.05,0.27681583834474716,0.3513371776958896,0.3377786947128211
4of16_g382,4/16,4,16,1,wash their clothes in ponds,0.75,0.22044704048053249,0.4554496649401871,0.44507175979406854
4of16_g382,4/16,4,16,1,yell at stray cats,0.15,0.27195015948594853,0.21345920884115913,0.19517234346426612
12of16_g383,12/16,12,16,2,chug maple syrup,0.315,0.7542452141828153,0.43772013817608174,0.40427718542302743
12of16_g383,12/16,12,16,2,clap three times before entering a room,0.1275,0.7554739567262007,0.4941367183725752,0.45692130137528975
12of16_g383,12/16,12,16,2,dance around a fire on their 10th birthday,0.43,0.7576524928983002,0.5962461745455372,0.5600898850895142
12of16_g383,12/16,12,16,2,farm potatoes,0.375,0.7471144120921689,0.46229878587594075,0.4370496079007208
12of16_g383,12/16,12,16,2,go to the opera,0.31,0.768695693906218,0.4365477219577648,0.4129850540260287
12of16_g383,12/16,12,16,2,live in caves,0.3,0.7405016780765042,0.4068895443631708,0.37160162871938096
12of16_g383,12/16,12,16,2,look to their left when spoken to,0.1275,0.7535216676260713,0.4661328291862332,0.4417956090889449
12of16_g383,12/16,12,16,2,paint their hands yellow,0.5700000000000001,0.7449818020570342,0.4703662546920603,0.4345466456597705
12of16_g383,12/16,12,16,2,play banjos,0.45,0.7631362785153446,0.4368392927763578,0.4085574659113816
12of16_g383,12/16,12,16,2,ride lions,0.3025,0.7563720070704862,0.3234463195629613,0.28996357811237533
12of16_g383,12/16,12,16,2,scream out windows,0.445,0.7573114981189067,0.4064669384010828,0.3665211438085722
12of16_g383,12/16,12,16,2,sing beautiful songs,0.745,0.7692103799908474,0.692852747604528,0.6587587831403536
12of16_g383,12/16,12,16,2,smell garbage for fun,0.155,0.7497864949587858,0.3618599629598369,0.32277649070168973
12of16_g383,12/16,12,16,2,smile when they are sad,0.13,0.7541631141906877,0.4365307825531234,0.41251999616472435
12of16_g383,12/16,12,16,2,wash their clothes in ponds,0.655,0.7286341806740397,0.5461898859247363,0.5216678533159163
12of16_g383,12/16,12,16,2,yell at stray cats,0.175,0.7571704809141073,0.33027616397366477,0.29579857116599917
8of16_g384,8/16,8,16,1,chug maple syrup,0.24,0.5547355100910273,0.3941774912260977,0.37277499871892017
8of16_g384,8/16,8,16,1,clap three times before entering a room,0.23,0.4931912557477006,0.42141756763199456,0.3945270806631833
8of16_g384,8/16,8,16,1,dance around a fire on their 10th birthday,0.5,0.5172139674039715,0.5351464107066499,0.510019493217707
8of16_g384,8/16,8,16,1,farm potatoes,0.5,0.5339147723026393,0.426206682700243,0.41009215709742813
8of16_g384,8/16,8,16,1,go to the opera,0.77,0.5552548087139708,0.40282751349116375,0.38644527429522957
8of16_g384,8/16,8,16,1,live in caves,0.03,0.4964677814497056,0.3453075188789282,0.32219525353420486
8of16_g384,8/16,8,16,1,look to their left when spoken to,0.5,0.4958932485222474,0.4201674858599638,0.40296291817196295
8of16_g384,8/16,8,16,1,paint their hands yellow,0.5,0.48380748738216345,0.40105095266935975,0.3764695696062531
8of16_g384,8/16,8,16,1,play banjos,0.5,0.5543490882764889,0.397792108893865,0.37879802266919965
8of16_g384,8/16,8,16,1,ride lions,0.24,0.5333547041950328,0.27282293153996945,0.2503997395445291
8of16_g384,8/16,8,16,1,scream out windows,0.23,0.5150485745997618,0.3381630600654101,0.3103422944964903
8of16_g384,8/16,8,16,1,sing beautiful songs,0.8,0.563155739338786,0.6463724267026583,0.622944517150564
8of16_g384,8/16,8,16,1,smell garbage for fun,0.02,0.5175228917031129,0.2990436852597647,0.2731111898389964
8of16_g384,8/16,8,16,1,smile when they are sad,0.25,0.4920657107482934,0.38975347020037665,0.37253902059420396
8of16_g384,8/16,8,16,1,wash their clothes in ponds,0.03,0.48517582771027845,0.5027187647545821,0.487250255609741
8of16_g384,8/16,8,16,1,yell at stray cats,0.03,0.5195312035308929,0.2730644282366112,0.24928559533047978
4of16_g385,4/16,4,16,1,chug maple syrup,0.05,0.21681353252360094,0.3204266056095793,0.3044878889555312
4of16_g385,4/16,4,16,1,clap three times before entering a room,0.1,0.2929322376388222,0.3658947837400675,0.3406965230507053
4of16_g385,4/16,4,16,1,dance around a fire on their 10th birthday,0.24,0.2611908047071595,0.4700863096022234,0.44852983494592374
4of16_g385,4/16,4,16,1,farm potatoes,0.22,0.21906278854996172,0.3729060753732655,0.36080837448409353
4of16_g385,4/16,4,16,1,go to the opera,0.5,0.2557981756908738,0.35551820776395887,0.3416860328872161
4of16_g385,4/16,4,16,1,live in caves,0.25,0.23998580634578798,0.2805842171351005,0.2618437860720585
4of16_g385,4/16,4,16,1,look to their left when spoken to,0.51,0.27806972806658764,0.3813040214288672,0.365777046783093
4of16_g385,4/16,4,16,1,paint their hands yellow,0.07,0.266798013579691,0.3434569383531695,0.32181963625071097
4of16_g385,4/16,4,16,1,play banjos,0.2,0.2372733748637743,0.3384929072899022,0.32334562884128326
4of16_g385,4/16,4,16,1,ride lions,0.05,0.23869826133152935,0.20593795334218373,0.1879827162032483
4of16_g385,4/16,4,16,1,scream out windows,0.12,0.26295378706468275,0.2670871750445949,0.24309195793845675
4of16_g385,4/16,4,16,1,sing beautiful songs,0.66,0.2490970721124992,0.5755293358191079,0.5561137980500612
4of16_g385,4/16,4,16,1,smell garbage for fun,0.05,0.23839410410080517,0.22355260017223155,0.202759845844246
4of16_g385,4/16,4,16,1,smile when they are sad,0.05,0.288299907717587,0.35338677411721403,0.3374288187918313
4of16_g385,4/16,4,16,1,wash their clothes in ponds,0.24,0.23046995233111173,0.4572393230489773,0.4450014745263083
4of16_g385,4/16,4,16,1,yell at stray cats,0.11,0.25644895993648675,0.20972728985033923,0.18960854080240314
4of16_g386,4/16,4,16,1,chug maple syrup,0.25,0.2563420305955516,0.3290536317677566,0.3103256442032889
4of16_g386,4/16,4,16,1,clap three times before entering a room,0.19,0.2525209081539359,0.35469054667267663,0.3321227869428184
4of16_g386,4/16,4,16,1,dance around a fire on their 10th birthday,0.13,0.2517957625660301,0.4676988600248347,0.4465133105455492
4of16_g386,4/16,4,16,1,farm potatoes,0.18,0.2555139072193446,0.37907680594853155,0.36504507313320306
4of16_g386,4/16,4,16,1,go to the opera,0.3,0.25413779969268346,0.3552558952049499,0.34128323062645216
4of16_g386,4/16,4,16,1,live in caves,0.19,0.25323619990357205,0.28392795784092384,0.26405564883040394
4of16_g386,4/16,4,16,1,look to their left when spoken to,0.11,0.25176618253199706,0.3766110162650682,0.3621416098052613
4of16_g386,4/16,4,16,1,paint their hands yellow,0.11,0.2518690899729144,0.3394948226682265,0.31863756400773774
4of16_g386,4/16,4,16,1,play banjos,0.18,0.25411919496065216,0.3416433967151475,0.3253250645413228
4of16_g386,4/16,4,16,1,ride lions,0.19,0.25292881460977457,0.20916819068743936,0.19002249686254746
4of16_g386,4/16,4,16,1,scream out windows,0.37,0.2517496945346005,0.26392828072465624,0.24048522313325266
4of16_g386,4/16,4,16,1,sing beautiful songs,0.27,0.25479962122617333,0.5768156757526492,0.556702360324391
4of16_g386,4/16,4,16,1,smell garbage for fun,0.12,0.2527672519246984,0.22743985427693947,0.20527412868059552
4of16_g386,4/16,4,16,1,smile when they are sad,0.31,0.2522023989215557,0.34694434308992955,0.3324848379378903
4of16_g386,4/16,4,16,1,wash their clothes in ponds,0.25,0.2559159170614704,0.46178287065216655,0.44822656616923723
4of16_g386,4/16,4,16,1,yell at stray cats,0.02,0.25186807137096545,0.20862443939170536,0.1885368269146064
4of16_g387,4/16,4,16,1,chug maple syrup,0.3,0.2817027688633343,0.3345885689168637,0.34785036089686966
4of16_g387,4/16,4,16,1,clap three times before entering a room,0.33,0.23547595113784475,0.349964749683414,0.36517515396464284
4of16_g387,4/16,4,16,1,dance around a fire on their 10th birthday,0.07,0.2496628811303257,0.4671568564014555,0.4818620407433376
4of16_g387,4/16,4,16,1,farm potatoes,0.25,0.2768697922269412,0.3826920972588894,0.39224508007917613
4of16_g387,4/16,4,16,1,go to the opera,0.74,0.2595212783742931,0.3561063977844153,0.3664543097158194
4of16_g387,4/16,4,16,1,live in caves,0.24,0.25905794385667047,0.2853970766372799,0.29822948526573534
4of16_g387,4/16,4,16,1,look to their left when spoken to,0.5,0.24047213056703298,0.37459596304260095,0.38432174518526746
4of16_g387,4/16,4,16,1,paint their hands yellow,0.27,0.24398433592039453,0.33740221984391927,0.35091033792692194
4of16_g387,4/16,4,16,1,play banjos,0.49,0.2679390144954467,0.3442279663622635,0.3561116405162953
4of16_g387,4/16,4,16,1,ride lions,0.17,0.26314761798689196,0.21148778850258904,0.22491617710845585
4of16_g387,4/16,4,16,1,scream out windows,0.83,0.24862075101595427,0.26304610290597774,0.2792742958570093
4of16_g387,4/16,4,16,1,sing beautiful songs,0.25,0.26441042484742805,0.5789836115731051,0.5939974560103826
4of16_g387,4/16,4,16,1,smell garbage for fun,0.995,0.2613392095632686,0.22975816185466597,0.24479075119015037
4of16_g387,4/16,4,16,1,smile when they are sad,0.2,0.23669233056409117,0.34417621451390945,0.3538756075538648
4of16_g387,4/16,4,16,1,wash their clothes in ponds,0.75,0.2664096069347336,0.46365658933320336,0.47196437109387523
4of16_g387,4/16,4,16,1,yell at stray cats,0.72,0.2520551873797253,0.20866948763357523,0.22262670064607054
12of16_g388,12/16,12,16,1,chug maple syrup,0.65,0.7617647352611727,0.4393612606118969,0.4329963634370683
12of16_g388,12/16,12,16,1,clap three times before entering a room,0.1,0.7355209122805232,0.4886046400411962,0.4739578529857403
12of16_g388,12/16,12,16,1,dance around a fire on their 10th birthday,0.995,0.747545961728652,0.5936779227796178,0.5825472831679877
12of16_g388,12/16,12,16,1,farm potatoes,0.74,0.7589042075629788,0.4642946547009205,0.45851459733789246
12of16_g388,12/16,12,16,1,go to the opera,0.79,0.7523720953482597,0.4339688573423764,0.42859711562461783
12of16_g388,12/16,12,16,1,live in caves,0.07,0.7493967908529554,0.40913422868471955,0.39764441876321793
12of16_g388,12/16,12,16,1,look to their left when spoken to,0.14,0.740231519035313,0.46376163797620934,0.45472254083998376
12of16_g388,12/16,12,16,1,paint their hands yellow,0.11,0.7413738876421159,0.46940871919453847,0.4555929976349802
12of16_g388,12/16,12,16,1,play banjos,0.86,0.7573538408627905,0.43575786672694344,0.4297440141519442
12of16_g388,12/16,12,16,1,ride lions,0.07,0.7550162086594171,0.32313856268419194,0.3146774564503974
12of16_g388,12/16,12,16,1,scream out windows,0.09,0.7468187576143516,0.40350860346307366,0.3909567015294549
12of16_g388,12/16,12,16,1,sing beautiful songs,0.89,0.7547532492279665,0.6895916122326066,0.6825253724442301
12of16_g388,12/16,12,16,1,smell garbage for fun,0.09,0.7530819145395178,0.36275121750260597,0.3517216147900558
12of16_g388,12/16,12,16,1,smile when they are sad,0.05,0.7367666189718444,0.43342597769810787,0.4240325136843593
12of16_g388,12/16,12,16,1,wash their clothes in ponds,0.07,0.7485563801384876,0.5497471282060225,0.5415081513078637
12of16_g388,12/16,12,16,1,yell at stray cats,0.06,0.7490701521101514,0.3283260070971656,0.31804231106744113
4of16_g389,4/16,4,16,1,chug maple syrup,0.02,0.2178017783985335,0.3206422885580747,0.3061007929102546
4of16_g389,4/16,4,16,1,clap three times before entering a room,0.77,0.285418574782965,0.36381158427708127,0.3431753001216815
4of16_g389,4/16,4,16,1,dance around a fire on their 10th birthday,0.66,0.2569472170957559,0.4690079374887973,0.45063186099303526
4of16_g389,4/16,4,16,1,farm potatoes,0.25,0.22169233096580335,0.37335122488792283,0.3622814631267254
4of16_g389,4/16,4,16,1,go to the opera,0.37,0.24863917324685678,0.35438720114070704,0.34258664334275196
4of16_g389,4/16,4,16,1,live in caves,0.13,0.24254438751866617,0.2812298758455077,0.26454664700861236
4of16_g389,4/16,4,16,1,look to their left when spoken to,0.12,0.27306396639614505,0.3804109074059975,0.3674389302190191
4of16_g389,4/16,4,16,1,paint their hands yellow,0.07,0.26555522216356986,0.3431271032295782,0.32468019550831884
4of16_g389,4/16,4,16,1,play banjos,0.16,0.233963865991733,0.3378739660543815,0.32457387669768556
4of16_g389,4/16,4,16,1,ride lions,0.01,0.2372270545333061,0.20560399955631936,0.18979187205549616
4of16_g389,4/16,4,16,1,scream out windows,0.25,0.2586088735469059,0.2658621652907859,0.24545146559514483
4of16_g389,4/16,4,16,1,sing beautiful songs,0.56,0.2425423881060186,0.5740507774373727,0.5573445400362615
4of16_g389,4/16,4,16,1,smell garbage for fun,0.07,0.23874007638809724,0.22364616925051348,0.2052317987423641
4of16_g389,4/16,4,16,1,smile when they are sad,0.35,0.28180927426902386,0.3522283712326263,0.33907543339530644
4of16_g389,4/16,4,16,1,wash their clothes in ponds,0.25,0.23653873687647023,0.45832294521726713,0.4471395837361387
4of16_g389,4/16,4,16,1,yell at stray cats,0.12,0.2528877625790016,0.20886993039205665,0.19160285398022595
4of16_g390,4/16,4,16,1,chug maple syrup,0.17,0.24726365348554535,0.3270722917062328,0.33591970599118426
4of16_g390,4/16,4,16,1,clap three times before entering a room,0.65,0.25687973788491025,0.3558990533529751,0.36961376666788814
4of16_g390,4/16,4,16,1,dance around a fire on their 10th birthday,0.7,0.25120209296157625,0.4675479978759512,0.479382308628937
4of16_g390,4/16,4,16,1,farm potatoes,0.43,0.24853001212196557,0.3778945175418922,0.3848076405857787
4of16_g390,4/16,4,16,1,go to the opera,0.75,0.24953897405018918,0.3545293551176242,0.3617746791692131
4of16_g390,4/16,4,16,1,live in caves,0.7,0.2521332617130476,0.2836496310646224,0.2946365521100206
4of16_g390,4/16,4,16,1,look to their left when spoken to,0.35,0.25464036199348733,0.3771238193408634,0.3857104167303248
4of16_g390,4/16,4,16,1,paint their hands yellow,0.55,0.2547814136954661,0.3402677493576976,0.3526662921561612
4of16_g390,4/16,4,16,1,play banjos,0.15,0.2476920749874098,0.34044140278466284,0.34860429106590085
4of16_g390,4/16,4,16,1,ride lions,0.2,0.24854163963641998,0.2081723322579034,0.21813377849440774
4of16_g390,4/16,4,16,1,scream out windows,0.8,0.2515187622796676,0.2638631714276347,0.27704778871967073
4of16_g390,4/16,4,16,1,sing beautiful songs,0.62,0.24880377618298483,0.5754631762369704,0.5856132397904286
4of16_g390,4/16,4,16,1,smell garbage for fun,0.47,0.24971040111053566,0.22661312125920202,0.23843519771907923
4of16_g390,4/16,4,16,1,smile when they are sad,0.4,0.2562926230873279,0.34767433770598505,0.35642706279044256
4of16_g390,4/16,4,16,1,wash their clothes in ponds,0.9,0.25444795469783293,0.4615207561302943,0.46895184624628683
4of16_g390,4/16,4,16,1,yell at stray cats,0.6,0.25060331800180086,0.20831994959386563,0.21940822679711475
4of16_g391,4/16,4,16,1,chug maple syrup,0.2,0.25803905636741686,0.3294240046996685,0.31144671871800417
4of16_g391,4/16,4,16,1,clap three times before entering a room,0.5,0.25064360651224626,0.3541700556888707,0.3326034516635152
4of16_g391,4/16,4,16,1,dance around a fire on their 10th birthday,0.35,0.25119549712031475,0.46754632175377997,0.4472705161887498
4of16_g391,4/16,4,16,1,farm potatoes,0.2,0.2567901379919535,0.3792928562794161,0.36580222294642245
4of16_g391,4/16,4,16,1,go to the opera,0.37,0.2542199134914296,0.3552688678573506,0.3419354291862367
4of16_g391,4/16,4,16,1,live in caves,0.02,0.25332626948636,0.283950686926593,0.2648171805758185
4of16_g391,4/16,4,16,1,look to their left when spoken to,0.25,0.25042403576404393,0.3763715541855437,0.3625195096007523
4of16_g391,4/16,4,16,1,paint their hands yellow,0.25,0.2509089439439355,0.3392400012396054,0.31920190497703255
4of16_g391,4/16,4,16,1,play banjos,0.5,0.2549259712775201,0.34179427926287825,0.3261778792941054
4of16_g391,4/16,4,16,1,ride lions,0.25,0.25336857897995,0.20926801416329993,0.19091463539808456
4of16_g391,4/16,4,16,1,scream out windows,0.15,0.25106622783642524,0.2637355833629613,0.2412991234117451
4of16_g391,4/16,4,16,1,sing beautiful songs,0.7,0.2552898715525951,0.5769262628882857,0.5577254112762045
4of16_g391,4/16,4,16,1,smell garbage for fun,0.1,0.25305481763014404,0.2275176271477513,0.20623084917807827
4of16_g391,4/16,4,16,1,smile when they are sad,0.3,0.2504852511703328,0.34663787856315514,0.3328082154507508
4of16_g391,4/16,4,16,1,wash their clothes in ponds,0.2,0.25635629439142565,0.4618615029769072,0.4487653609624537
4of16_g391,4/16,4,16,1,yell at stray cats,0.05,0.2514668634206504,0.20852784844309707,0.1892943083524727
4of16_g392,4/16,4,16,1,chug maple syrup,0.64,0.2735192478459164,0.33280252964578516,0.3378234625540214
4of16_g392,4/16,4,16,1,clap three times before entering a room,0.38,0.23812642949049573,0.3506996076597198,0.35329684171425924
4of16_g392,4/16,4,16,1,dance around a fire on their 10th birthday,0.15,0.24855768893109736,0.46687600713975497,0.4705713026696998
4of16_g392,4/16,4,16,1,farm potatoes,0.42,0.2710118215113685,0.3817004141412473,0.3844676722611602
4of16_g392,4/16,4,16,1,go to the opera,0.15,0.25436060363099905,0.355291094624407,0.35940782093758905
4of16_g392,4/16,4,16,1,live in caves,0.1,0.2585165494971095,0.28526045561164226,0.28691818064724806
4of16_g392,4/16,4,16,1,look to their left when spoken to,0.34,0.2422187862951192,0.37490759648154204,0.3765657663812705
4of16_g392,4/16,4,16,1,paint their hands yellow,0.86,0.24626225289670756,0.338006775860051,0.33933883878041204
4of16_g392,4/16,4,16,1,play banjos,0.87,0.26160253403387906,0.3430429237479748,0.3476377934211313
4of16_g392,4/16,4,16,1,ride lions,0.01,0.25902796295262936,0.21055265525224737,0.2146207726148746
4of16_g392,4/16,4,16,1,scream out windows,0.03,0.24781875601185555,0.2628199875417691,0.26676832713965437
4of16_g392,4/16,4,16,1,sing beautiful songs,0.96,0.2579977230437342,0.5775370805134772,0.5839078417318219
4of16_g392,4/16,4,16,1,smell garbage for fun,0.02,0.25872091934671076,0.22905003865741394,0.23254840347952555
4of16_g392,4/16,4,16,1,smile when they are sad,0.32,0.23924907730808107,0.3446325247996264,0.3462011787700993
4of16_g392,4/16,4,16,1,wash their clothes in ponds,0.16,0.2661391985691284,0.46360830610659165,0.463970245531507
4of16_g392,4/16,4,16,1,yell at stray cats,0.01,0.25045369650306737,0.20828392816786073,0.21187807679497261
4of16_g393,4/16,4,16,1,chug maple syrup,0.45,0.23577408659752824,0.32456471365688144,0.3139077979462311
4of16_g393,4/16,4,16,1,clap three times before entering a room,0.4,0.2592622881130123,0.3565596269574789,0.34321226625474477
4of16_g393,4/16,4,16,1,dance around a fire on their 10th birthday,0.39,0.24789974510425447,0.4667088117522575,0.45432548753816493
4of16_g393,4/16,4,16,1,farm potatoes,0.33,0.24067356005431895,0.3765645158641203,0.3685917585166295
4of16_g393,4/16,4,16,1,go to the opera,0.25,0.23954706283415952,0.35295079471725466,0.3447684735550752
4of16_g393,4/16,4,16,1,live in caves,0.67,0.25141386433183494,0.2834680909241931,0.27212268754581354
4of16_g393,4/16,4,16,1,look to their left when spoken to,0.51,0.25576829469982526,0.3773250619455268,0.36883348542799
4of16_g393,4/16,4,16,1,paint their hands yellow,0.49,0.25739164217492844,0.34096050038732095,0.3288793074529706
4of16_g393,4/16,4,16,1,play banjos,0.63,0.23704869853515606,0.33845088853430927,0.32901659337424877
4of16_g393,4/16,4,16,1,ride lions,0.1,0.24151717529564695,0.20657782735002542,0.19552532263060274
4of16_g393,4/16,4,16,1,scream out windows,0.18,0.24866508116239588,0.26305860139681225,0.24934732055697156
4of16_g393,4/16,4,16,1,sing beautiful songs,0.27,0.23715547287881136,0.5728356359213194,0.5611068802333967
4of16_g393,4/16,4,16,1,smell garbage for fun,0.005,0.24534815012356476,0.22543333947008828,0.21268948253257539
4of16_g393,4/16,4,16,1,smile when they are sad,0.76,0.2586106303609509,0.34808803943995903,0.3395633108723123
4of16_g393,4/16,4,16,1,wash their clothes in ponds,0.36,0.25535533825303924,0.4616827755475621,0.454060866357204
4of16_g393,4/16,4,16,1,yell at stray cats,0.28,0.2466881616732253,0.207377374394571,0.19566686852158005
4of16_g394,4/16,4,16,1,chug maple syrup,0.75,0.2431824157047727,0.3261815686378182,0.3567660604431483
4of16_g394,4/16,4,16,1,clap three times before entering a room,0.995,0.2441896046627747,0.35238065237854643,0.4082579006660697
4of16_g394,4/16,4,16,1,dance around a fire on their 10th birthday,0.995,0.241102296271371,0.4649814574626643,0.5108400034332139
4of16_g394,4/16,4,16,1,farm potatoes,0.36,0.25091296729779977,0.3782979228391721,0.4013893929999655
4of16_g394,4/16,4,16,1,go to the opera,0.13,0.2288175103902146,0.35125569893072217,0.3803936057646493
4of16_g394,4/16,4,16,1,live in caves,0.5,0.258808384242229,0.28533410019528227,0.32283770166238757
4of16_g394,4/16,4,16,1,look to their left when spoken to,0.995,0.24600978875771604,0.3755839765577392,0.40938716142714127
4of16_g394,4/16,4,16,1,paint their hands yellow,0.35,0.2549268301995089,0.3403063426968219,0.38638240548713937
4of16_g394,4/16,4,16,1,play banjos,0.5,0.23438649022753794,0.3379530048413387,0.3688711344358878
4of16_g394,4/16,4,16,1,ride lions,0.88,0.24179250014323705,0.20664032418956307,0.24327710310598336
4of16_g394,4/16,4,16,1,scream out windows,0.5,0.24152001703576223,0.26104411406331157,0.31221996157402543
4of16_g394,4/16,4,16,1,sing beautiful songs,0.24,0.22805415331398848,0.5707826258427074,0.611231243497808
4of16_g394,4/16,4,16,1,smell garbage for fun,0.12,0.24886110637254416,0.22638342735381575,0.2684697132963864
4of16_g394,4/16,4,16,1,smile when they are sad,0.995,0.24553227367633787,0.34575390576422715,0.38095353135468213
4of16_g394,4/16,4,16,1,wash their clothes in ponds,0.85,0.27091830792389937,0.46446164812307034,0.48758129576917975
4of16_g394,4/16,4,16,1,yell at stray cats,0.5,0.2414944436085478,0.206126985028465,0.24859546902061497
4of16_g395,4/16,4,16,1,chug maple syrup,0.03,0.22693567901407752,0.3226357465283993,0.31226808530852956
4of16_g395,4/16,4,16,1,clap three times before entering a room,0.04,0.25342407403241357,0.35494095379223023,0.3400290782162948
4of16_g395,4/16,4,16,1,dance around a fire on their 10th birthday,0.04,0.24051739610862594,0.4648328237870102,0.45172416034180085
4of16_g395,4/16,4,16,1,farm potatoes,0.06,0.23761817127607285,0.3760472757452571,0.3680434829822755
4of16_g395,4/16,4,16,1,go to the opera,0.03,0.2222102874463136,0.35021186454607284,0.34208593389833086
4of16_g395,4/16,4,16,1,live in caves,0.01,0.2555640185843231,0.2845153835686699,0.27227922573144514
4of16_g395,4/16,4,16,1,look to their left when spoken to,0.06,0.25183438525343316,0.3766231848042282,0.36723985370892936
4of16_g395,4/16,4,16,1,paint their hands yellow,0.03,0.25983852423420234,0.34160989950286424,0.32806975235683816
4of16_g395,4/16,4,16,1,play banjos,0.03,0.22366184674251563,0.33594729210697616,0.3266397988233353
4of16_g395,4/16,4,16,1,ride lions,0.01,0.23393636305213192,0.2048570353092965,0.19358548834427647
4of16_g395,4/16,4,16,1,scream out windows,0.01,0.24160002575077827,0.2610666718094861,0.24648906508426252
4of16_g395,4/16,4,16,1,sing beautiful songs,0.07,0.21897237047918436,0.5687340227188613,0.5572634578689608
4of16_g395,4/16,4,16,1,smell garbage for fun,0.01,0.242779861453762,0.22473873931735286,0.2114304053871865
4of16_g395,4/16,4,16,1,smile when they are sad,0.05,0.2539898610900199,0.3472633568423544,0.3377385653012047
4of16_g395,4/16,4,16,1,wash their clothes in ponds,0.01,0.2662049870707644,0.463620053084633,0.45535407393485405
4of16_g395,4/16,4,16,1,yell at stray cats,0.02,0.2395522343542024,0.2056593974990412,0.19333708794668975
8of16_g396,8/16,8,16,1,chug maple syrup,0.92,0.5146718366281676,0.38543366396689743,0.39409044682861843
8of16_g396,8/16,8,16,1,clap three times before entering a room,0.92,0.5104680123816815,0.42620763218938895,0.44281104805668514
8of16_g396,8/16,8,16,1,dance around a fire on their 10th birthday,0.83,0.5126375607552061,0.5339834632759276,0.5475865329641947
8of16_g396,8/16,8,16,1,farm potatoes,0.29,0.5033406857548244,0.4210308621065693,0.42627070913837634
8of16_g396,8/16,8,16,1,go to the opera,0.9,0.5325094038496352,0.39923410732162035,0.4099344995223196
8of16_g396,8/16,8,16,1,live in caves,0.12,0.49086020354569715,0.34389244494795856,0.35086168205209517
8of16_g396,8/16,8,16,1,look to their left when spoken to,0.04,0.5066235783353396,0.422081961349813,0.43153374927051386
8of16_g396,8/16,8,16,1,paint their hands yellow,0.58,0.4949020639939064,0.4039954379630774,0.41449610044622176
8of16_g396,8/16,8,16,1,play banjos,0.15,0.5242437756191299,0.39216184164506007,0.40251391660393987
8of16_g396,8/16,8,16,1,ride lions,0.09,0.512570397710175,0.268105037464462,0.27862855787487617
8of16_g396,8/16,8,16,1,scream out windows,0.15,0.512070203770329,0.33732333487834065,0.3524217204955985
8of16_g396,8/16,8,16,1,sing beautiful songs,0.995,0.5343269977178232,0.6398694469226394,0.6549833333205367
8of16_g396,8/16,8,16,1,smell garbage for fun,0.04,0.5029701324481058,0.2951078547901989,0.3053853761011912
8of16_g396,8/16,8,16,1,smile when they are sad,0.91,0.5081450267516677,0.39262319411686586,0.40276338399596695
8of16_g396,8/16,8,16,1,wash their clothes in ponds,0.87,0.47900549505841766,0.5016170104910547,0.503938617735763
8of16_g396,8/16,8,16,1,yell at stray cats,0.04,0.5120689536295989,0.27126788906994714,0.28370334948298825
8of16_g397,8/16,8,16,1,chug maple syrup,0.3,0.5079886714076541,0.38397507474673925,0.3524882009836291
8of16_g397,8/16,8,16,1,clap three times before entering a room,0.25,0.5104304119065506,0.42619720727532195,0.38602130288361436
8of16_g397,8/16,8,16,1,dance around a fire on their 10th birthday,0.5,0.5101147274821596,0.5333423658608145,0.49605648165194266
8of16_g397,8/16,8,16,1,farm potatoes,0.62,0.5001241450740248,0.4204863409327303,0.3976092385153088
8of16_g397,8/16,8,16,1,go to the opera,0.33,0.5239887935577305,0.3978879886759499,0.3722541811991569
8of16_g397,8/16,8,16,1,live in caves,0.05,0.4927702747123117,0.34437445196782374,0.3124972669126169
8of16_g397,8/16,8,16,1,look to their left when spoken to,0.2,0.5067785388603597,0.42210960897409044,0.39681010414288953
8of16_g397,8/16,8,16,1,paint their hands yellow,0.22,0.4974926301581034,0.4046829706414139,0.3698492276254413
8of16_g397,8/16,8,16,1,play banjos,0.18,0.5166418987938147,0.3907401457933627,0.3618226383780315
8of16_g397,8/16,8,16,1,ride lions,0.02,0.5084276887603053,0.26716467113444375,0.2341633073809506
8of16_g397,8/16,8,16,1,scream out windows,0.15,0.5098200132536299,0.3366889136592285,0.295441075537518
8of16_g397,8/16,8,16,1,sing beautiful songs,0.59,0.5247505375718374,0.6377092580558378,0.6008978168008638
8of16_g397,8/16,8,16,1,smell garbage for fun,0.21,0.5014782630622331,0.29470437494952817,0.25760937033864084
8of16_g397,8/16,8,16,1,smile when they are sad,0.07,0.5084716971142629,0.3926814959595656,0.36715901040237553
8of16_g397,8/16,8,16,1,wash their clothes in ponds,0.66,0.48335256791952547,0.5023932094950332,0.48204383209430707
8of16_g397,8/16,8,16,1,yell at stray cats,0.17,0.5093805958477421,0.2706206660322579,0.23545134575300275
4of16_g398,4/16,4,16,1,chug maple syrup,0.05,0.23732178832226314,0.32490249687444867,0.30671861332065503
4of16_g398,4/16,4,16,1,clap three times before entering a room,0.2,0.2620585129012963,0.35733489383983585,0.332950088417012
4of16_g398,4/16,4,16,1,dance around a fire on their 10th birthday,0.25,0.250350812567668,0.46733167218138316,0.4453347865782784
4of16_g398,4/16,4,16,1,farm potatoes,0.2,0.24055060615419815,0.3765437012658715,0.36272617590037604
4of16_g398,4/16,4,16,1,go to the opera,0.2,0.24484890018101726,0.35378839928599054,0.3396666718846741
4of16_g398,4/16,4,16,1,live in caves,0.2,0.24986453016972981,0.28307711599336094,0.26266012890838875
4of16_g398,4/16,4,16,1,look to their left when spoken to,0.4,0.2576480179888315,0.3776604369272082,0.3622370597872318
4of16_g398,4/16,4,16,1,paint their hands yellow,0.04,0.2571304016912384,0.34089116752413307,0.31874729360752535
4of16_g398,4/16,4,16,1,play banjos,0.2,0.2406373190589148,0.3391220289683339,0.3229141955924167
4of16_g398,4/16,4,16,1,ride lions,0.1,0.24339253729720722,0.20700352157672666,0.18772821920020508
4of16_g398,4/16,4,16,1,scream out windows,0.2,0.25106930295996516,0.2637364503667152,0.23932738290414662
4of16_g398,4/16,4,16,1,sing beautiful songs,0.25,0.24254245392635565,0.57405079228465,0.553947728791306
4of16_g398,4/16,4,16,1,smell garbage for fun,0.1,0.24572156888717983,0.22553433151716268,0.20303527660286652
4of16_g398,4/16,4,16,1,smile when they are sad,0.25,0.26094331072018756,0.34850435992368,0.3329291816939171
4of16_g398,4/16,4,16,1,wash their clothes in ponds,0.2,0.25153258112953397,0.46100019663376857,0.44715382382564345
4of16_g398,4/16,4,16,1,yell at stray cats,0.05,0.2489383923983975,0.2079191181964104,0.18718027492803974
4of16_g399,4/16,4,16,1,chug maple syrup,0.76,0.2525276312453918,0.3282211457241011,0.3321012991810608
4of16_g399,4/16,4,16,1,clap three times before entering a room,0.5,0.25885849596751653,0.35644767362702046,0.35692312287327377
4of16_g399,4/16,4,16,1,dance around a fire on their 10th birthday,0.9,0.25428426290726835,0.4683312328230377,0.4702799514895239
4of16_g399,4/16,4,16,1,farm potatoes,0.8,0.25006061748274755,0.3781536303933827,0.38071412588847475
4of16_g399,4/16,4,16,1,go to the opera,0.6,0.25918158840210503,0.3560527322616834,0.35802099860525216
4of16_g399,4/16,4,16,1,live in caves,0.07,0.24882032974317267,0.28281361170904734,0.28490393433789923
4of16_g399,4/16,4,16,1,look to their left when spoken to,0.38,0.2555135371756216,0.37727960881925404,0.37791900578722354
4of16_g399,4/16,4,16,1,paint their hands yellow,0.62,0.2520520728139174,0.3395433860612419,0.34052591340204563
4of16_g399,4/16,4,16,1,play banjos,0.68,0.2551442933296836,0.34183510964766706,0.34458864469783845
4of16_g399,4/16,4,16,1,ride lions,0.18,0.25218585677171185,0.2089995443876409,0.2117677897962083
4of16_g399,4/16,4,16,1,scream out windows,0.54,0.25438468362262995,0.26467119248131377,0.26671134663264706
4of16_g399,4/16,4,16,1,sing beautiful songs,0.56,0.25920206411613966,0.5778087470934851,0.5810139414662691
4of16_g399,4/16,4,16,1,smell garbage for fun,0.07,0.250302689233734,0.22677330707697016,0.22963514511083122
4of16_g399,4/16,4,16,1,smile when they are sad,0.43,0.25755009387004724,0.34789876230083094,0.34827267419022995
4of16_g399,4/16,4,16,1,wash their clothes in ponds,0.14,0.2477350577975937,0.4603221233826371,0.46185430938839855
4of16_g399,4/16,4,16,1,yell at stray cats,0.35,0.25360093497807984,0.20904162688634123,0.21108156101302528
4of16_g400,4/16,4,16,1,chug maple syrup,0.15,0.25487049983465376,0.3287324727309594,0.30929717184787453
4of16_g400,4/16,4,16,1,clap three times before entering a room,0.15,0.24623640900302388,0.35294813880750175,0.32973957288259054
4of16_g400,4/16,4,16,1,dance around a fire on their 10th birthday,0.19,0.24688515509155667,0.46645098613948727,0.4446279189647591
4of16_g400,4/16,4,16,1,farm potatoes,0.26,0.25668856045136373,0.3792756604385652,0.3645689131813708
4of16_g400,4/16,4,16,1,go to the opera,0.35,0.24487274209826013,0.353792165923385,0.3396455647126278
4of16_g400,4/16,4,16,1,live in caves,0.13,0.25559736934381416,0.28452379964262225,0.2635425417831387
4of16_g400,4/16,4,16,1,look to their left when spoken to,0.16,0.24725472016806613,0.3758060937445521,0.36084871348608716
4of16_g400,4/16,4,16,1,paint their hands yellow,0.17,0.25104892870930107,0.3392771530027946,0.31743838042794437
4of16_g400,4/16,4,16,1,play banjos,0.17,0.24825386302581517,0.3405464678550511,0.3238435673214179
4of16_g400,4/16,4,16,1,ride lions,0.13,0.2497797721844447,0.20845337979813644,0.18865158067451315
4of16_g400,4/16,4,16,1,scream out windows,0.18,0.24685742867947805,0.26254894984356236,0.2383935848527614
4of16_g400,4/16,4,16,1,sing beautiful songs,0.2,0.24560472174441952,0.5747415565907614,0.5543859217844832
4of16_g400,4/16,4,16,1,smell garbage for fun,0.2,0.252071385332249,0.22725165540074543,0.20411571892218544
4of16_g400,4/16,4,16,1,smile when they are sad,0.19,0.24673301398610853,0.34596820550084023,0.33105876180031035
4of16_g400,4/16,4,16,1,wash their clothes in ponds,0.33,0.2625679891002182,0.4629706427130087,0.448460318624342
4of16_g400,4/16,4,16,1,yell at stray cats,0.15,0.24743186284240118,0.20755642070049635,0.1868379694719126
4of16_g401,4/16,4,16,1,chug maple syrup,0.05,0.29830952016170414,0.33821296359010955,0.3216841026425111
4of16_g401,4/16,4,16,1,clap three times before entering a room,0.01,0.2259742549110144,0.3473303583277038,0.33254919044929887
4of16_g401,4/16,4,16,1,dance around a fire on their 10th birthday,0.01,0.24887907064862463,0.4669576760278946,0.45134285542242847
4of16_g401,4/16,4,16,1,farm potatoes,0.25,0.2909670641222248,0.3850785937475454,0.37300975397975655
4of16_g401,4/16,4,16,1,go to the opera,0.33,0.26310052374128,0.356671860675085,0.3457497658629992
4of16_g401,4/16,4,16,1,live in caves,0.01,0.26334988280903326,0.2864801486924109,0.2710915208001168
4of16_g401,4/16,4,16,1,look to their left when spoken to,0.03,0.23431242009920658,0.3734969646967315,0.3635829569470866
4of16_g401,4/16,4,16,1,paint their hands yellow,0.02,0.23992745295428214,0.3363255287136414,0.321721533780515
4of16_g401,4/16,4,16,1,play banjos,0.03,0.2769541834636307,0.3459139747808342,0.332453728396536
4of16_g401,4/16,4,16,1,ride lions,0.01,0.2700110178082414,0.2130457328765605,0.19765745565407272
4of16_g401,4/16,4,16,1,scream out windows,0.17,0.24724152550590733,0.2626572425303691,0.2455085981940734
4of16_g401,4/16,4,16,1,sing beautiful songs,0.37,0.27061200850294914,0.580382520122295,0.5642070185260948
4of16_g401,4/16,4,16,1,smell garbage for fun,0.01,0.2672575708832193,0.23135879761073036,0.21378819250824863
4of16_g401,4/16,4,16,1,smile when they are sad,0.02,0.22808793003451366,0.34264056125716646,0.33306028310786717
4of16_g401,4/16,4,16,1,wash their clothes in ponds,0.08,0.27369357107939385,0.46495718996602997,0.4541693444573116
4of16_g401,4/16,4,16,1,yell at stray cats,0.01,0.252687767405455,0.20882178148694452,0.193764945505228
0of16_g402,0/16,0,16,35,chug maple syrup,0.23499999999999988,0.04238882025419541,0.28235871462516327,0.2856004460412707
0of16_g402,0/16,0,16,35,clap three times before entering a room,0.2759999999999999,0.041809522948026596,0.2962697933161633,0.30099689065654267
0of16_g402,0/16,0,16,35,dance around a fire on their 10th birthday,0.3724285714285714,0.04073590431457694,0.4140647451569284,0.41809871787301195
0of16_g402,0/16,0,16,35,farm potatoes,0.29828571428571427,0.04165515147018881,0.34287312246602336,0.3458446989493507
0of16_g402,0/16,0,16,35,go to the opera,0.31899999999999995,0.0426043972414047,0.3218370381669375,0.32364638010750557
0of16_g402,0/16,0,16,35,live in caves,0.22285714285714284,0.040569586433454076,0.2302614754735469,0.23551730213338726
0of16_g402,0/16,0,16,35,look to their left when spoken to,0.3495714285714286,0.040940635584854085,0.33899611073141794,0.3421355678155097
0of16_g402,0/16,0,16,35,paint their hands yellow,0.254,0.0404823692198076,0.28339307923748297,0.2887540451950134
0of16_g402,0/16,0,16,35,play banjos,0.25599999999999995,0.041873130834573065,0.3019493374925237,0.3043686762887674
0of16_g402,0/16,0,16,35,ride lions,0.1444285714285714,0.040869059174491414,0.16103209028156057,0.1645591556091825
0of16_g402,0/16,0,16,35,scream out windows,0.22171428571428567,0.04073389779498189,0.2044342520964211,0.20895638424666474
0of16_g402,0/16,0,16,35,sing beautiful songs,0.5459999999999999,0.042907102049849655,0.5290184882840516,0.5314871562743945
0of16_g402,0/16,0,16,35,smell garbage for fun,0.17185714285714282,0.04052549716193328,0.17003853603400962,0.17484365412418834
0of16_g402,0/16,0,16,35,smile when they are sad,0.24200000000000002,0.04145934021209186,0.30933239518830713,0.3124515233505589
0of16_g402,0/16,0,16,35,wash their clothes in ponds,0.4302857142857143,0.041679344892882095,0.4235294943582531,0.42784006494962606
0of16_g402,0/16,0,16,35,yell at stray cats,0.17257142857142854,0.04065491668146165,0.157774801556799,0.16160907485982245
