hashed_id,Submission id,Status,Custom study tncs accepted at,Started at,Completed at,Reviewed at,Archived at,Time taken,Completion code,Total approvals,Age,Sex,Ethnicity simplified,Country of birth,Country of residence,Nationality,Language,Student status,Employment status
2ed9480e8bb0,6a83619b78200718155619be,APPROVED,Not Applicable,2026-08-17T19:31:56Z,2026-08-17T19:40:26Z,2026-08-17T19:40:28Z,2026-08-17T19:41:28Z,511,CLKQ470I,374,57,Female,White,Germany,United States,United States,English,No,Unemployed (and job seeking)
8c1bb10d58df,6a83619e45152e662850391d,APPROVED,Not Applicable,2026-08-17T19:31:49Z,2026-08-17T20:03:07Z,2026-08-17T20:03:08Z,2026-08-17T20:04:08Z,1879,CLKQ470I,369,30,Male,White,United States,United States,United States,English,No,Unemployed (and job seeking)
ac7c6701044f,6a83619ffa7309ac9905d5c2,APPROVED,Not Applicable,2026-08-17T19:31:49Z,2026-08-17T19:39:36Z,2026-08-17T19:39:37Z,2026-08-17T19:40:37Z,467,CLKQ470I,1389,62,Female,White,United States,United States,United States,English,No,Other
cd988d7cba25,6a8361a8a7ef90dcc4cf7e04,APPROVED,Not Applicable,2026-08-17T19:34:16Z,2026-08-17T19:40:49Z,2026-08-17T19:40:50Z,2026-08-17T19:41:50Z,393,CLKQ470I,287,32,Male,White,United States,United States,United States,English,No,Unemployed (and job seeking)
9688b9b7ae92,6a8361a8fb08094f87850ae7,APPROVED,Not Applicable,2026-08-17T19:32:31Z,2026-08-17T19:39:01Z,2026-08-17T19:39:02Z,2026-08-17T19:40:02Z,390,CLKQ470I,16090,61,Male,White,United States,United States,United States,English,No,Full-Time
d93f11280635,6a8361af030093b76003f3ff,APPROVED,Not Applicable,2026-08-17T19:32:03Z,2026-08-17T19:41:22Z,2026-08-17T19:41:23Z,2026-08-17T19:42:23Z,559,CLKQ470I,4515,41,Female,White,United States,United States,United States,English,No,Full-Time
85fa730aa941,6a8361b21e545a77a7cbc571,APPROVED,Not Applicable,2026-08-17T19:32:05Z,2026-08-17T19:39:02Z,2026-08-17T19:39:03Z,2026-08-17T19:40:03Z,417,CLKQ470I,1537,38,Male,White,United States,United States,United States,English,No,Full-Time
07ea1a920dff,6a8361b33fd1eab2faf7e7a5,APPROVED,Not Applicable,2026-08-17T19:32:07Z,2026-08-17T19:36:01Z,2026-08-17T19:36:02Z,2026-08-17T19:37:02Z,235,CLKQ470I,12514,60,Female,White,United States,United States,United States,English,DATA_EXPIRED,DATA_EXPIRED
e197fd55bed4,6a8361b4aa1f7df0859d5cfa,APPROVED,Not Applicable,2026-08-17T19:32:09Z,2026-08-17T19:36:58Z,2026-08-17T19:37:01Z,2026-08-17T19:38:01Z,289,CLKQ470I,3081,39,Female,White,United States,United States,United States,English,No,Full-Time
495cafc1c975,6a8361b50263eef9465482c0,APPROVED,Not Applicable,2026-08-17T19:32:09Z,2026-08-17T19:37:46Z,2026-08-17T19:37:46Z,2026-08-17T19:38:47Z,337,CLKQ470I,9763,43,Male,White,United States,United States,United States,English,No,Full-Time
ea311b59a0e3,6a8361b51c702cbbc141afa3,APPROVED,Not Applicable,2026-08-17T19:32:08Z,2026-08-17T19:37:46Z,2026-08-17T19:37:47Z,2026-08-17T19:38:47Z,339,CLKQ470I,1987,26,Male,White,United States,United States,United States,English,No,Full-Time
6748dcd08fbe,6a8361b5763a0850d07e9fa2,APPROVED,Not Applicable,2026-08-17T19:35:37Z,2026-08-17T19:41:40Z,2026-08-17T19:41:41Z,2026-08-17T19:42:41Z,363,CLKQ470I,380,31,Male,White,United States,United States,United States,English,Yes,Unemployed (and job seeking)
c3eedca0a4a5,6a8361b613a6dec7f9a78d66,APPROVED,Not Applicable,2026-08-17T19:33:37Z,2026-08-17T19:43:10Z,2026-08-17T19:43:11Z,2026-08-17T19:44:10Z,574,CLKQ470I,4257,30,Female,White,United States,United States,United States,English,Yes,Part-Time
9956bdef7db2,6a8361b6cfe3fd258ff712e7,APPROVED,Not Applicable,2026-08-17T19:32:11Z,2026-08-17T19:39:14Z,2026-08-17T19:39:14Z,2026-08-17T19:40:14Z,423,CLKQ470I,503,39,Female,White,United States,United States,United States,English,No,Part-Time
093ba65c3e93,6a8361b8b3bc4265d75109e4,APPROVED,Not Applicable,2026-08-17T19:32:22Z,2026-08-17T19:35:57Z,2026-08-17T19:35:58Z,2026-08-17T19:36:58Z,216,CLKQ470I,15094,36,Male,White,United States,United States,United States,English,No,Full-Time
bdc1e3c06de5,6a8361b9c840bf0b5157fcd9,APPROVED,Not Applicable,2026-08-17T19:32:13Z,2026-08-17T19:41:38Z,2026-08-17T19:41:39Z,2026-08-17T19:42:39Z,566,CLKQ470I,297,29,Female,White,United States,United States,United States,English,No,"Not in paid work (e.g. homemaker', 'retired or disabled)"
e106ba9bead7,6a8361bb57fb21cbffc2a5f3,APPROVED,Not Applicable,2026-08-17T19:32:16Z,2026-08-17T19:38:33Z,2026-08-17T19:38:34Z,2026-08-17T19:39:34Z,378,CLKQ470I,4944,52,Male,White,United States,United States,United States,English,Yes,Full-Time
02b95fbe3ec3,6a8361bbd3757ddff1d9b57f,APPROVED,Not Applicable,2026-08-17T19:32:15Z,2026-08-17T19:42:12Z,2026-08-17T19:42:13Z,2026-08-17T19:43:13Z,598,CLKQ470I,9713,39,Male,White,United States,United States,United States,English,DATA_EXPIRED,DATA_EXPIRED
676389c5fa2f,6a8361bdc0835f9927bcd7d9,APPROVED,Not Applicable,2026-08-17T19:32:16Z,2026-08-17T19:39:39Z,2026-08-17T19:39:40Z,2026-08-17T19:40:40Z,444,CLKQ470I,2912,35,Male,White,United States,United States,United States,English,No,Unemployed (and job seeking)
2d5b98312a62,6a8361be231d002ac05482e4,APPROVED,Not Applicable,2026-08-17T19:32:27Z,2026-08-17T19:42:51Z,2026-08-17T19:42:52Z,2026-08-17T19:43:52Z,625,CLKQ470I,2307,83,Male,White,United States,United States,United States,English,No,"Not in paid work (e.g. homemaker', 'retired or disabled)"
3897e0c1dcab,6a8361bfb69b47c0539fec87,APPROVED,Not Applicable,2026-08-17T19:32:20Z,2026-08-17T19:39:00Z,2026-08-17T19:39:01Z,2026-08-17T19:40:01Z,401,CLKQ470I,117,31,Male,White,United States,United States,United States,English,No,Part-Time
2de2ae3081f7,6a8361c0ccf2877256acdea0,APPROVED,Not Applicable,2026-08-17T19:32:20Z,2026-08-17T19:40:56Z,2026-08-17T19:40:57Z,2026-08-17T19:41:56Z,516,CLKQ470I,916,35,Male,White,Mexico,United States,United States,Spanish,No,Part-Time
f92b38d8c3de,6a8361c12eaf95ddf5e20d70,APPROVED,Not Applicable,2026-08-17T19:32:35Z,2026-08-17T19:41:07Z,2026-08-17T19:41:08Z,2026-08-17T19:42:08Z,512,CLKQ470I,1007,33,Female,White,United States,United States,United States,English,No,"Not in paid work (e.g. homemaker', 'retired or disabled)"
72ba6e24d3e8,6a8361c5a40e7f292dd0993a,APPROVED,Not Applicable,2026-08-17T19:36:03Z,2026-08-17T19:45:45Z,2026-08-17T19:45:46Z,2026-08-17T19:46:46Z,583,CLKQ470I,439,25,Male,White,United States,United States,United States,English,No,Unemployed (and job seeking)
f0e5ec0c73b3,6a8361cc0538114ce7e42326,APPROVED,Not Applicable,2026-08-17T19:32:34Z,2026-08-17T19:37:40Z,2026-08-17T19:37:41Z,2026-08-17T19:38:41Z,307,CLKQ470I,8139,66,Female,White,United States,United States,United States,English,No,"Not in paid work (e.g. homemaker', 'retired or disabled)"
0f88b25d8d07,6a8361cd3745623a99c2cac6,APPROVED,Not Applicable,2026-08-17T19:34:14Z,2026-08-17T19:39:55Z,2026-08-17T19:39:56Z,2026-08-17T19:40:56Z,342,CLKQ470I,8433,55,Male,White,United States,United States,United States,English,DATA_EXPIRED,DATA_EXPIRED
278d134191f5,6a8361df77efc715b847d533,RETURNED,Not Applicable,2026-08-17T19:32:53Z,NA,NA,2026-08-18T01:59:43Z,NA,NA,4942,CONSENT_REVOKED,CONSENT_REVOKED,CONSENT_REVOKED,CONSENT_REVOKED,CONSENT_REVOKED,CONSENT_REVOKED,CONSENT_REVOKED,CONSENT_REVOKED,CONSENT_REVOKED
baa903215544,6a8361e539ccc389b24214ef,APPROVED,Not Applicable,2026-08-17T19:33:01Z,2026-08-17T19:41:41Z,2026-08-17T19:41:42Z,2026-08-17T19:42:42Z,520,CLKQ470I,13403,41,Male,White,United States,United States,United States,English,No,Full-Time
e6b46c4dbf38,6a8361eb4175d1c6cca685eb,APPROVED,Not Applicable,2026-08-17T19:33:07Z,2026-08-17T19:41:29Z,2026-08-17T19:41:30Z,2026-08-17T19:42:30Z,502,CLKQ470I,1082,81,Male,White,United States,United States,United States,English,No,"Not in paid work (e.g. homemaker', 'retired or disabled)"
d440e4940d39,6a8361f27289aa83c40d47c4,APPROVED,Not Applicable,2026-08-17T19:33:12Z,2026-08-17T19:40:06Z,2026-08-17T19:40:07Z,2026-08-17T19:41:06Z,414,CLKQ470I,2753,58,Female,White,United States,United States,United States,English,No,Full-Time
46dd33f05a1b,6a8361f2be6b7d434348a860,APPROVED,Not Applicable,2026-08-17T19:33:11Z,2026-08-17T19:42:59Z,2026-08-17T19:43:00Z,2026-08-17T19:44:00Z,589,CLKQ470I,10036,59,Male,White,United States,United States,United States,English,No,"Not in paid work (e.g. homemaker', 'retired or disabled)"
fe3affe3fc01,6a8361f7dd04f6bc61d3da1f,RETURNED,Not Applicable,NA,NA,NA,2026-08-18T01:59:43Z,NA,NA,1124,CONSENT_REVOKED,CONSENT_REVOKED,CONSENT_REVOKED,CONSENT_REVOKED,CONSENT_REVOKED,CONSENT_REVOKED,CONSENT_REVOKED,CONSENT_REVOKED,CONSENT_REVOKED
ad4aa4669113,6a8361fbb2194035c0cac0eb,APPROVED,Not Applicable,2026-08-17T19:33:22Z,2026-08-17T19:50:04Z,2026-08-17T19:50:07Z,2026-08-17T19:51:05Z,1003,CLKQ470I,3048,32,Female,White,United States,United States,United States,English,No,Unemployed (and job seeking)
58e873e59b44,6a8362034a3b6972fdaaabcd,APPROVED,Not Applicable,2026-08-17T19:33:34Z,2026-08-17T19:38:49Z,2026-08-17T19:38:50Z,2026-08-17T19:39:50Z,316,CLKQ470I,9274,60,Female,White,United States,United States,United States,English,No,Other
b2510a3bdb8f,6a836205471e67731d9e30d9,APPROVED,Not Applicable,2026-08-17T19:33:35Z,2026-08-17T19:40:04Z,2026-08-17T19:40:06Z,2026-08-17T19:41:05Z,390,CLKQ470I,562,67,Female,White,United States,United States,United States,English,No,"Not in paid work (e.g. homemaker', 'retired or disabled)"
b6f7e594d707,6a83620cb97beda34a0c70ab,APPROVED,Not Applicable,2026-08-17T19:33:38Z,2026-08-17T19:40:31Z,2026-08-17T19:40:32Z,2026-08-17T19:41:32Z,414,CLKQ470I,9076,67,Female,White,United States,United States,United States,English,No,Part-Time
762e6d4834b1,6a83621d48cebab325f1c364,APPROVED,Not Applicable,2026-08-17T19:33:54Z,2026-08-17T19:38:07Z,2026-08-17T19:38:08Z,2026-08-17T19:39:08Z,254,CLKQ470I,577,66,Female,White,United States,United States,United States,Spanish,No,Full-Time
aef76b5c574d,6a8362289df201996da4ed53,APPROVED,Not Applicable,2026-08-17T19:34:07Z,2026-08-17T19:42:47Z,2026-08-17T19:42:48Z,2026-08-17T19:43:47Z,520,CLKQ470I,4838,69,Male,White,Lithuania,United States,Russian Federation,Russian,No,"Not in paid work (e.g. homemaker', 'retired or disabled)"
38991bdc0d46,6a8362353584c255262f9eb6,APPROVED,Not Applicable,2026-08-17T19:34:19Z,2026-08-17T19:40:59Z,2026-08-17T19:41:00Z,2026-08-17T19:42:00Z,401,CLKQ470I,1136,69,Male,White,United States,United States,United States,English,No,"Not in paid work (e.g. homemaker', 'retired or disabled)"
c675cd6a6ba3,6a8362373dbc2afc3e5b40ce,APPROVED,Not Applicable,2026-08-17T19:34:26Z,2026-08-17T19:41:11Z,2026-08-17T19:41:12Z,2026-08-17T19:42:12Z,406,CLKQ470I,11601,62,Male,White,United States,United States,United States,English,No,Part-Time
74c38cd671d0,6a83627e309a88a2ddbb9f2c,APPROVED,Not Applicable,2026-08-17T19:35:30Z,2026-08-17T19:40:27Z,2026-08-17T19:40:28Z,2026-08-17T19:41:27Z,297,CLKQ470I,635,35,Male,White,United States,United States,United States,English,No,Full-Time
77d296c92e9b,6a83627f89a88d700055469b,APPROVED,Not Applicable,2026-08-17T19:35:39Z,2026-08-17T19:51:41Z,2026-08-17T19:51:42Z,2026-08-17T19:52:42Z,962,CLKQ470I,15688,42,Male,White,United States,United States,United States,English,DATA_EXPIRED,DATA_EXPIRED
801e3883d879,6a83628d128f0e9c37c2a5ce,APPROVED,Not Applicable,2026-08-17T19:35:41Z,2026-08-17T19:42:43Z,2026-08-17T19:42:44Z,2026-08-17T19:43:44Z,423,CLKQ470I,7914,66,Female,Mixed,United States,United States,United States,English,No,Full-Time
b325b1f1a1b6,6a836298547f2db2f35c9af7,APPROVED,Not Applicable,2026-08-17T19:35:57Z,2026-08-17T19:44:51Z,2026-08-17T19:44:52Z,2026-08-17T19:45:52Z,534,CLKQ470I,1664,57,Female,White,United States,United States,United States,English,No,"Not in paid work (e.g. homemaker', 'retired or disabled)"
6bfa4bb69591,6a8362986faba6c5d10c70cf,APPROVED,Not Applicable,2026-08-17T19:35:55Z,2026-08-17T19:40:29Z,2026-08-17T19:40:30Z,2026-08-17T19:41:30Z,274,CLKQ470I,5531,42,Female,White,United States,United States,United States,English,No,"Not in paid work (e.g. homemaker', 'retired or disabled)"
c4dfddbf294f,6a83629ddfdb236dbe4468a4,APPROVED,Not Applicable,2026-08-17T19:38:32Z,2026-08-17T19:47:27Z,2026-08-17T19:47:28Z,2026-08-17T19:48:28Z,535,CLKQ470I,759,55,Female,White,United States,United States,United States,English,No,"Not in paid work (e.g. homemaker', 'retired or disabled)"
f25d52052b6d,6a8362d58b7f34763ac2cab8,APPROVED,Not Applicable,2026-08-17T19:36:58Z,2026-08-17T19:45:00Z,2026-08-17T19:45:01Z,2026-08-17T19:46:00Z,483,CLKQ470I,5315,39,Male,White,United States,United States,United States,English,DATA_EXPIRED,DATA_EXPIRED
7904b34cda2d,6a8362ff5d061bbc7505d5cb,APPROVED,Not Applicable,2026-08-17T19:37:40Z,2026-08-17T19:47:10Z,2026-08-17T19:47:11Z,2026-08-17T19:48:10Z,571,CLKQ470I,3735,56,Female,White,United States,United States,United States,English,No,Full-Time
334c8c48416a,6a8362ffd8dd2a6981a7abee,APPROVED,Not Applicable,2026-08-17T19:37:39Z,2026-08-17T19:45:57Z,2026-08-17T19:45:58Z,2026-08-17T19:46:57Z,498,CLKQ470I,20973,45,Male,White,United States,United States,United States,English,No,Unemployed (and job seeking)
a4cdf6b87160,6a83630e7f2b6c902f37f6a4,APPROVED,Not Applicable,2026-08-17T19:41:41Z,2026-08-17T19:48:56Z,2026-08-17T19:48:57Z,2026-08-17T19:49:57Z,436,CLKQ470I,186,28,Male,Asian,United States,United States,United States,English,No,Part-Time
dde84a69c659,6a83630f516a2d099d74f1ab,APPROVED,Not Applicable,2026-08-17T19:40:20Z,2026-08-17T19:48:58Z,2026-08-17T19:48:59Z,2026-08-17T19:49:59Z,519,CLKQ470I,3641,48,Female,White,United States,United States,United States,English,No,Part-Time
1a158ba553b6,6a836320429d3608351fc7a5,APPROVED,Not Applicable,2026-08-17T19:38:12Z,2026-08-17T19:45:50Z,2026-08-17T19:45:51Z,2026-08-17T19:46:50Z,459,CLKQ470I,934,66,Female,White,United States,United States,United States,English,No,"Not in paid work (e.g. homemaker', 'retired or disabled)"
2922a513506f,6a8363262529941bee58c607,APPROVED,Not Applicable,2026-08-17T19:38:18Z,2026-08-17T19:48:47Z,2026-08-17T19:48:48Z,2026-08-17T19:49:48Z,630,CLKQ470I,13237,42,Male,White,United States,United States,United States,English,No,Full-Time
eda8f2563352,6a8363282ec0f745c8c2b765,RETURNED,Not Applicable,2026-08-17T19:38:23Z,NA,NA,2026-08-18T01:59:43Z,NA,NA,11133,CONSENT_REVOKED,CONSENT_REVOKED,CONSENT_REVOKED,CONSENT_REVOKED,CONSENT_REVOKED,CONSENT_REVOKED,CONSENT_REVOKED,CONSENT_REVOKED,CONSENT_REVOKED
5e5c2c8865a5,6a83633f35a7306aed6c385f,APPROVED,Not Applicable,2026-08-17T19:38:43Z,2026-08-17T19:44:05Z,2026-08-17T19:44:06Z,2026-08-17T19:45:06Z,322,CLKQ470I,269,61,Male,White,United States,United States,United States,English,No,"Not in paid work (e.g. homemaker', 'retired or disabled)"
e1714f85e10c,6a836342f9318b1573561981,APPROVED,Not Applicable,2026-08-17T19:38:47Z,2026-08-17T19:44:05Z,2026-08-17T19:44:06Z,2026-08-17T19:45:06Z,318,CLKQ470I,11632,45,Male,White,United States,United States,United States,English,No,Full-Time
7ff28ced7f82,6a83635e1b6179be7e38714b,APPROVED,Not Applicable,2026-08-17T19:39:24Z,2026-08-17T19:45:23Z,2026-08-17T19:45:24Z,2026-08-17T19:46:24Z,359,CLKQ470I,3339,39,Female,White,United States,United States,United States,English,No,Full-Time
8bab24f24ed6,6a83637ab43d252123031405,APPROVED,Not Applicable,2026-08-17T19:39:41Z,2026-08-17T19:45:23Z,2026-08-17T19:45:29Z,2026-08-17T19:46:24Z,343,CLKQ470I,1454,29,Female,White,United States,United States,United States,English,Yes,Part-Time
d598ef25258f,6a83638e2f112bfdbff8002f,APPROVED,Not Applicable,2026-08-17T19:40:04Z,2026-08-17T19:46:51Z,2026-08-17T19:46:52Z,2026-08-17T19:47:52Z,408,CLKQ470I,2403,68,Female,White,United States,United States,United States,English,No,Full-Time
6df953d646ca,6a83639acc5337bf5a0c22fc,APPROVED,Not Applicable,2026-08-17T19:41:18Z,2026-08-17T19:47:20Z,2026-08-17T19:47:21Z,2026-08-17T19:48:21Z,363,CLKQ470I,914,20,Male,White,United States,United States,United States,English,Yes,Unemployed (and job seeking)
faa572106cdc,6a83639f1722e91f7f60ea09,APPROVED,Not Applicable,2026-08-17T19:40:23Z,2026-08-17T19:47:51Z,2026-08-17T19:47:52Z,2026-08-17T19:48:52Z,449,CLKQ470I,7910,52,Female,White,United States,United States,United States,English,No,Full-Time
4da167299b2b,6a8363bb50d5cfa2fdc2b75f,APPROVED,Not Applicable,2026-08-17T19:40:47Z,2026-08-17T19:45:54Z,2026-08-17T19:45:54Z,2026-08-17T19:46:54Z,307,CLKQ470I,6986,57,Female,White,Canada,United States,United States,English,DATA_EXPIRED,Part-Time
4c9c3f638e54,6a8363e9ba6697fd0d4214d1,RETURNED,Not Applicable,2026-08-17T19:43:50Z,NA,NA,2026-08-18T01:59:43Z,NA,NA,1304,CONSENT_REVOKED,CONSENT_REVOKED,CONSENT_REVOKED,CONSENT_REVOKED,CONSENT_REVOKED,CONSENT_REVOKED,CONSENT_REVOKED,CONSENT_REVOKED,CONSENT_REVOKED
f6c9ff80e0fb,6a8363ff7617d378eba7e3b0,APPROVED,Not Applicable,2026-08-17T19:42:00Z,2026-08-17T19:49:25Z,2026-08-17T19:49:26Z,2026-08-17T19:50:26Z,445,CLKQ470I,10743,69,Female,White,United States,United States,United States,English,No,"Not in paid work (e.g. homemaker', 'retired or disabled)"
514ad53ab472,6a83640c0b39b5396b3b6f2f,APPROVED,Not Applicable,2026-08-17T19:42:10Z,2026-08-17T19:51:39Z,2026-08-17T19:51:40Z,2026-08-17T19:52:40Z,570,CLKQ470I,366,62,Female,White,United States,United States,United States,English,No,"Not in paid work (e.g. homemaker', 'retired or disabled)"
4bd4f871e2ea,6a836411765f0c62d4936975,APPROVED,Not Applicable,2026-08-17T19:42:18Z,2026-08-17T19:53:46Z,2026-08-17T19:53:47Z,2026-08-17T19:54:47Z,688,CLKQ470I,9884,48,Female,White,United States,United States,United States,English,No,Part-Time
a1a3d58dbf4d,6a83641384c5398c8036649f,APPROVED,Not Applicable,2026-08-17T19:43:39Z,2026-08-17T19:49:40Z,2026-08-17T19:49:40Z,2026-08-17T19:50:40Z,362,CLKQ470I,10622,41,Male,White,Panama,United States,United States,English,DATA_EXPIRED,DATA_EXPIRED
94eb179af2cd,6a836416516a2d099d74f1b8,RETURNED,Not Applicable,2026-08-17T19:42:25Z,NA,NA,2026-08-18T01:59:43Z,NA,NA,4452,CONSENT_REVOKED,CONSENT_REVOKED,CONSENT_REVOKED,CONSENT_REVOKED,CONSENT_REVOKED,CONSENT_REVOKED,CONSENT_REVOKED,CONSENT_REVOKED,CONSENT_REVOKED
0f1a7cc82424,6a836419a93b8798f73d9213,APPROVED,Not Applicable,2026-08-17T19:42:24Z,2026-08-17T19:49:49Z,2026-08-17T19:49:50Z,2026-08-17T19:50:49Z,445,CLKQ470I,6138,68,Female,White,United States,United States,United States,English,No,"Not in paid work (e.g. homemaker', 'retired or disabled)"
dec41f3d4414,6a83643eab59817a45604481,APPROVED,Not Applicable,2026-08-17T19:43:02Z,2026-08-17T19:51:08Z,2026-08-17T19:51:09Z,2026-08-17T19:52:09Z,486,CLKQ470I,1716,51,Female,White,United States,United States,United States,English,No,"Not in paid work (e.g. homemaker', 'retired or disabled)"
76b0200f5b0d,6a83644153600734c8caf81e,APPROVED,Not Applicable,2026-08-17T19:43:03Z,2026-08-17T19:48:07Z,2026-08-17T19:48:08Z,2026-08-17T19:49:08Z,305,CLKQ470I,11041,43,Male,Asian,Italy,United States,United States,English,Yes,Unemployed (and job seeking)
7fdfc670158a,6a8364758500fc93a9b8b8df,APPROVED,Not Applicable,2026-08-17T19:43:57Z,2026-08-17T19:54:25Z,2026-08-17T19:54:26Z,2026-08-17T19:55:26Z,629,CLKQ470I,1806,40,Male,White,United States,United States,United States,English,No,Full-Time
825f9f863e55,6a83649a5e338e51eda78d71,APPROVED,Not Applicable,2026-08-17T19:46:32Z,2026-08-17T19:52:35Z,2026-08-17T19:52:36Z,2026-08-17T19:53:36Z,363,CLKQ470I,17847,70,Male,White,United States,United States,United States,English,No,Full-Time
0def74baf99d,6a8364a1b8553c9ab7a5288d,APPROVED,Not Applicable,2026-08-17T19:44:52Z,2026-08-17T19:55:12Z,2026-08-17T19:55:13Z,2026-08-17T19:56:13Z,621,CLKQ470I,4813,71,Male,White,United States,United States,United States,English,No,Part-Time
d771ccac5b69,6a8364ad2054cb0e54ba250d,APPROVED,Not Applicable,2026-08-17T19:44:50Z,2026-08-17T19:51:36Z,2026-08-17T19:51:37Z,2026-08-17T19:52:37Z,406,CLKQ470I,4897,29,Male,White,United States,United States,United States,English,No,Unemployed (and job seeking)
bc0dcd58fca4,6a8364af7b5b693e8d9f5123,APPROVED,Not Applicable,2026-08-17T19:44:59Z,2026-08-17T19:55:39Z,2026-08-17T19:55:41Z,2026-08-17T19:56:41Z,640,CLKQ470I,1605,75,Female,White,United States,United States,United States,English,No,"Not in paid work (e.g. homemaker', 'retired or disabled)"
24f4f5626f7c,6a8364b75793b821887e9fa6,APPROVED,Not Applicable,2026-08-17T19:44:59Z,2026-08-17T20:11:14Z,2026-08-17T20:11:15Z,2026-08-17T20:12:15Z,1576,CLKQ470I,1237,22,Female,White,United States,United States,United States,Russian,Yes,Unemployed (and job seeking)
fb9c712fc4bf,6a8364bd515a74eab5de920d,APPROVED,Not Applicable,2026-08-17T19:45:13Z,2026-08-17T19:51:38Z,2026-08-17T19:51:39Z,2026-08-17T19:52:39Z,385,CLKQ470I,4177,68,Female,White,United States,United States,United States,English,No,DATA_EXPIRED
e617b62aa8f2,6a8364c28ee0c098435b5a99,APPROVED,Not Applicable,2026-08-17T19:45:16Z,2026-08-17T19:52:38Z,2026-08-17T19:52:39Z,2026-08-17T19:53:39Z,443,CLKQ470I,397,60,Female,White,United States,United States,United States,English,No,Part-Time
6f91de0bafb3,6a8364d3c8b2d18103ca4e7b,APPROVED,Not Applicable,2026-08-17T19:45:28Z,2026-08-17T19:54:05Z,2026-08-17T19:54:06Z,2026-08-17T19:55:06Z,518,CLKQ470I,623,42,Male,Black,United States,United States,United States,English,No,Full-Time
ba145c517960,6a8364d40fa6c7b2adc2fe8b,APPROVED,Not Applicable,2026-08-17T19:45:27Z,2026-08-17T19:51:08Z,2026-08-17T19:51:14Z,2026-08-17T19:52:09Z,341,CLKQ470I,20548,36,Male,White,United States,United States,United States,English,No,Full-Time
cdffc8eb6340,6a8364e549d60feb630bbde9,APPROVED,Not Applicable,2026-08-17T19:45:56Z,2026-08-17T19:52:14Z,2026-08-17T19:52:15Z,2026-08-17T19:53:15Z,379,CLKQ470I,4713,70,Female,White,United States,United States,United States,English,No,Full-Time
fdf4421342b2,6a8364e93a0be93fae553a5b,APPROVED,Not Applicable,2026-08-17T19:45:52Z,2026-08-17T19:52:42Z,2026-08-17T19:52:43Z,2026-08-17T19:53:42Z,410,CLKQ470I,2558,56,Female,White,Austria,United States,Austria,German,No,Part-Time
137cc3317c9f,6a836501f05097cf30cf1708,APPROVED,Not Applicable,2026-08-17T19:46:13Z,2026-08-17T19:53:01Z,2026-08-17T19:53:02Z,2026-08-17T19:54:01Z,408,CLKQ470I,6123,56,Male,White,United States,United States,United States,English,No,Unemployed (and job seeking)
a751d58c6f75,6a83650af70c3319cd0a1118,APPROVED,Not Applicable,2026-08-17T19:46:26Z,2026-08-17T19:54:01Z,2026-08-17T19:54:02Z,2026-08-17T19:55:02Z,455,CLKQ470I,120,75,Male,White,United States,United States,United States,English,No,Full-Time
912ed7134c22,6a83652d939ef4de3bfda105,APPROVED,Not Applicable,2026-08-17T19:47:34Z,2026-08-17T19:56:10Z,2026-08-17T19:56:11Z,2026-08-17T19:57:11Z,517,CLKQ470I,5338,52,Female,White,United States,United States,United States,English,No,DATA_EXPIRED
2538aee5205c,6a83652dc6f77095b3692035,APPROVED,Not Applicable,2026-08-17T19:46:57Z,2026-08-17T19:53:40Z,2026-08-17T19:53:42Z,2026-08-17T19:54:41Z,403,CLKQ470I,8227,55,Male,White,United States,United States,United States,English,No,Full-Time
a7190f7f805e,6a8365315357ee74fd35895d,APPROVED,Not Applicable,2026-08-17T19:47:00Z,2026-08-17T19:55:16Z,2026-08-17T19:55:20Z,2026-08-17T19:56:17Z,496,CLKQ470I,467,20,Female,White,United States,United States,United States,English,Yes,Part-Time
4368155cb278,6a83653c80ac0386a0dc5ddf,APPROVED,Not Applicable,2026-08-17T19:47:12Z,2026-08-17T19:55:37Z,2026-08-17T19:55:37Z,2026-08-17T19:56:37Z,505,CLKQ470I,1523,46,Female,Asian,Japan,United States,Japan,Japanese,DATA_EXPIRED,"Not in paid work (e.g. homemaker', 'retired or disabled)"
615d74f29e70,6a83653d30383f3edb82071a,APPROVED,Not Applicable,2026-08-17T19:47:34Z,2026-08-17T19:53:06Z,2026-08-17T19:53:08Z,2026-08-17T19:54:08Z,333,CLKQ470I,7199,58,Male,White,United States,United States,United States,English,No,Full-Time
b7c0a2de160d,6a836544a917c387e28e7d9f,APPROVED,Not Applicable,2026-08-17T19:47:27Z,2026-08-17T19:59:58Z,2026-08-17T19:59:59Z,2026-08-17T20:00:58Z,751,CLKQ470I,275,39,Male,White,United States,United States,United States,English,DATA_EXPIRED,DATA_EXPIRED
9a194d65d1a8,6a8365509c789c4fec660ec5,APPROVED,Not Applicable,2026-08-17T19:47:31Z,2026-08-17T19:53:16Z,2026-08-17T19:53:17Z,2026-08-17T19:54:17Z,346,CLKQ470I,9525,56,Male,White,United States,United States,United States,English,DATA_EXPIRED,DATA_EXPIRED
0ebc58cf2b8f,6a8365615dd13af92abf9477,APPROVED,Not Applicable,2026-08-17T19:47:51Z,2026-08-17T19:54:00Z,2026-08-17T19:54:01Z,2026-08-17T19:55:01Z,370,CLKQ470I,1649,40,Male,Mixed,United States,United States,United States,English,No,Full-Time
d983fa67934e,6a83656f69c0278acd03c6e1,RETURNED,Not Applicable,2026-08-17T19:48:13Z,NA,NA,2026-08-18T01:59:43Z,NA,NA,7819,CONSENT_REVOKED,CONSENT_REVOKED,CONSENT_REVOKED,CONSENT_REVOKED,CONSENT_REVOKED,CONSENT_REVOKED,CONSENT_REVOKED,CONSENT_REVOKED,CONSENT_REVOKED
26ea8855f192,6a83657240a462ff96c3d5a5,APPROVED,Not Applicable,2026-08-17T19:48:06Z,2026-08-17T19:56:34Z,2026-08-17T19:56:35Z,2026-08-17T19:57:35Z,509,CLKQ470I,8515,36,Male,Asian,India,United States,India,Telugu,No,Full-Time
1f2a37a439ae,6a83657baec345864b05d5ab,APPROVED,Not Applicable,2026-08-17T19:48:19Z,2026-08-17T19:59:10Z,2026-08-17T19:59:11Z,2026-08-17T20:00:10Z,652,CLKQ470I,1177,55,Female,Black,United States,United States,United States,English,No,Full-Time
eea67cde2edf,6a83657bbccddc8ac6062730,APPROVED,Not Applicable,2026-08-17T19:48:18Z,2026-08-17T19:54:47Z,2026-08-17T19:54:48Z,2026-08-17T19:55:47Z,389,CLKQ470I,6008,27,Female,Asian,Philippines,United States,Philippines,Tagalog-Filipino,No,Other
ac063a1b0e6f,6a83657e34283f7b3322e0ba,APPROVED,Not Applicable,2026-08-17T19:48:19Z,2026-08-17T19:56:17Z,2026-08-17T19:56:18Z,2026-08-17T19:57:17Z,479,CLKQ470I,6119,70,Female,White,United States,United States,United States,English,No,Part-Time
e668189ba841,6a83657e869ab4dab29221ed,APPROVED,Not Applicable,2026-08-17T19:48:39Z,2026-08-17T20:02:38Z,2026-08-17T20:02:39Z,2026-08-17T20:03:39Z,840,CLKQ470I,166,47,Male,Black,Kenya,United States,United States,Swahili,Yes,Part-Time
b428b4b62565,6a8365806ae09edd66b107dc,APPROVED,Not Applicable,2026-08-17T19:48:19Z,2026-08-17T19:53:31Z,2026-08-17T19:53:32Z,2026-08-17T19:54:32Z,313,CLKQ470I,233,29,Female,White,United States,United States,United States,English,No,Other
c53da5388c86,6a8365829bc929efdadc5dd2,APPROVED,Not Applicable,2026-08-17T19:48:18Z,2026-08-17T19:55:17Z,2026-08-17T19:55:23Z,2026-08-17T19:56:17Z,419,CLKQ470I,19294,72,Female,White,United States,United States,United States,English,No,"Not in paid work (e.g. homemaker', 'retired or disabled)"
00eb59df59c7,6a836584ffe39918345c9b02,RETURNED,Not Applicable,2026-08-17T19:48:36Z,NA,NA,2026-08-18T01:59:43Z,NA,NA,1970,CONSENT_REVOKED,CONSENT_REVOKED,CONSENT_REVOKED,CONSENT_REVOKED,CONSENT_REVOKED,CONSENT_REVOKED,CONSENT_REVOKED,CONSENT_REVOKED,CONSENT_REVOKED
cbfc10691158,6a83658ab3a40ee40689c634,APPROVED,Not Applicable,2026-08-17T19:48:34Z,2026-08-17T19:55:59Z,2026-08-17T19:56:00Z,2026-08-17T19:56:59Z,445,CLKQ470I,574,57,Male,White,United States,United States,United States,English,No,Full-Time
40f5e8495bed,6a83659987f2975e43932bc5,APPROVED,Not Applicable,2026-08-17T19:48:45Z,2026-08-17T19:55:49Z,2026-08-17T19:56:09Z,2026-08-17T19:57:09Z,424,CLKQ470I,7009,65,Male,White,Canada,United States,United States,English,DATA_EXPIRED,DATA_EXPIRED
0a7a71540843,6a83659ea78280d744f1c38f,APPROVED,Not Applicable,2026-08-17T19:48:51Z,2026-08-17T19:55:55Z,2026-08-17T19:55:56Z,2026-08-17T19:56:56Z,425,CLKQ470I,2431,62,Male,White,United States,United States,United States,English,No,Part-Time
6bb1806b43f4,6a8365bd34406ff3d89f698c,APPROVED,Not Applicable,2026-08-17T19:49:23Z,2026-08-17T19:54:13Z,2026-08-17T19:54:14Z,2026-08-17T19:55:14Z,290,CLKQ470I,8221,55,Male,White,United States,United States,United States,English,DATA_EXPIRED,DATA_EXPIRED
d223cbeb55a3,6a8365c30de380f679cb0366,APPROVED,Not Applicable,2026-08-17T19:49:30Z,2026-08-17T20:01:59Z,2026-08-17T20:02:00Z,2026-08-17T20:03:00Z,750,CLKQ470I,3279,40,Male,White,United States,United States,United States,English,DATA_EXPIRED,DATA_EXPIRED
4d37aa10766f,6a8365e7098d15db4c76a209,APPROVED,Not Applicable,2026-08-17T19:50:38Z,2026-08-17T19:55:36Z,2026-08-17T19:55:37Z,2026-08-17T19:56:37Z,298,CLKQ470I,2316,35,Male,White,United States,United States,United States,English,No,Full-Time
bd4cf5e5fc80,6a8365e9ed4102ed15ad3aee,APPROVED,Not Applicable,2026-08-17T19:50:01Z,2026-08-17T20:03:28Z,2026-08-17T20:03:29Z,2026-08-17T20:04:29Z,808,CLKQ470I,1811,55,Female,White,United States,United States,United States,English,No,Other
7cc9618a11ce,6a8365fee045f5e0ce9820d8,APPROVED,Not Applicable,2026-08-17T19:50:26Z,2026-08-17T19:56:31Z,2026-08-17T19:56:32Z,2026-08-17T19:57:31Z,365,CLKQ470I,1439,55,Male,White,United States,United States,United States,English,No,Full-Time
0e5ede8610be,6a83660006f39cbfd341af65,APPROVED,Not Applicable,2026-08-17T19:50:36Z,2026-08-17T19:56:44Z,2026-08-17T19:56:45Z,2026-08-17T19:57:45Z,368,CLKQ470I,3560,64,Female,White,United States,United States,United States,English,No,Part-Time
a56b3d846022,6a8366051e0ac5ad14a567de,APPROVED,Not Applicable,2026-08-17T19:50:37Z,2026-08-17T19:57:40Z,2026-08-17T19:57:41Z,2026-08-17T19:58:41Z,424,CLKQ470I,437,29,Female,Other,United States,United States,United States,English,No,Full-Time
5cf44af46bff,6a8366128701e8eb4ea7e3aa,APPROVED,Not Applicable,2026-08-17T19:50:47Z,2026-08-17T19:58:50Z,2026-08-17T19:58:50Z,2026-08-17T19:59:50Z,483,CLKQ470I,12036,75,Female,Black,United States,United States,United States,English,No,Part-Time
4896d9e68b4c,6a8366130591de5200a78d67,APPROVED,Not Applicable,2026-08-17T19:51:13Z,2026-08-17T19:58:54Z,2026-08-17T19:58:55Z,2026-08-17T19:59:55Z,462,CLKQ470I,319,61,Female,Black,Kenya,United States,United States,English,No,Full-Time
e1b5b440f214,6a8366168fbe53cc27b63268,APPROVED,Not Applicable,2026-08-17T19:51:05Z,2026-08-17T19:56:52Z,2026-08-17T19:56:53Z,2026-08-17T19:57:52Z,347,CLKQ470I,14602,29,Male,Other,United States,United States,United States,English,DATA_EXPIRED,DATA_EXPIRED
5a96d0cf11c6,6a83661f67b9514f54758462,APPROVED,Not Applicable,2026-08-17T19:51:53Z,2026-08-17T19:59:59Z,2026-08-17T20:00:00Z,2026-08-17T20:01:00Z,487,CLKQ470I,909,38,Male,Asian,United States,United States,United States,English,No,Other
fbc17bc95470,6a836657afdb0c2ac2dd8135,APPROVED,Not Applicable,2026-08-17T19:51:58Z,2026-08-17T19:59:18Z,2026-08-17T19:59:19Z,2026-08-17T20:00:18Z,441,CLKQ470I,3883,38,Female,Asian,United States,United States,United States,English,No,Unemployed (and job seeking)
3ef5b5fbc3fb,6a836659e58c1a9a75d6e86a,APPROVED,Not Applicable,2026-08-17T19:52:03Z,2026-08-17T20:00:43Z,2026-08-17T20:00:44Z,2026-08-17T20:01:43Z,520,CLKQ470I,1237,55,Male,White,Cuba,United States,United States,Spanish,No,Full-Time
cbe7c9033d6b,6a83666563a403dacfd56071,APPROVED,Not Applicable,2026-08-17T19:52:14Z,2026-08-17T20:00:15Z,2026-08-17T20:00:16Z,2026-08-17T20:01:16Z,482,CLKQ470I,1017,63,Female,White,United States,United States,United States,English,No,"Not in paid work (e.g. homemaker', 'retired or disabled)"
92c8eb3853c5,6a83667789b5c1cbd30b404d,TIMED-OUT,Not Applicable,2026-08-17T19:52:27Z,NA,NA,2026-08-18T01:59:43Z,22036,NA,4005,49,Male,White,United States,United States,United States,English,No,Full-Time
4e005a370383,6a83667da9f81cf6f147d52f,APPROVED,Not Applicable,2026-08-17T19:54:12Z,2026-08-17T20:06:05Z,2026-08-17T20:06:06Z,2026-08-17T20:07:06Z,713,CLKQ470I,3531,39,Male,Black,United States,United States,Puerto Rico,English,Yes,Unemployed (and job seeking)
70bb9be24b98,6a83668c6afd2ba3ef503953,APPROVED,Not Applicable,2026-08-17T19:52:50Z,2026-08-17T19:58:48Z,2026-08-17T19:58:49Z,2026-08-17T19:59:49Z,358,CLKQ470I,1007,37,Female,White,United States,United States,United States,English,No,"Not in paid work (e.g. homemaker', 'retired or disabled)"
2a3f4d7eddef,6a8366964d05fbe0a2297eb4,APPROVED,Not Applicable,2026-08-17T19:53:00Z,2026-08-17T20:00:30Z,2026-08-17T20:00:31Z,2026-08-17T20:01:31Z,451,CLKQ470I,4853,58,Female,White,Nicaragua,United States,Nicaragua,Spanish,DATA_EXPIRED,Part-Time
6806d364e13e,6a83669944a7b461385ca179,APPROVED,Not Applicable,2026-08-17T19:53:02Z,2026-08-17T20:02:27Z,2026-08-17T20:02:28Z,2026-08-17T20:03:27Z,565,CLKQ470I,10,57,Male,White,United States,United States,United States,English,No,Part-Time
3ba975726518,6a83669a10c9520709d914bc,APPROVED,Not Applicable,2026-08-17T19:53:02Z,2026-08-17T20:01:40Z,2026-08-17T20:01:41Z,2026-08-17T20:02:41Z,518,CLKQ470I,956,49,Male,White,United States,United States,United States,English,No,DATA_EXPIRED
de42034d617e,6a83669d9ad486937ea528f3,APPROVED,Not Applicable,2026-08-17T19:53:06Z,2026-08-17T20:00:49Z,2026-08-17T20:00:50Z,2026-08-17T20:01:50Z,464,CLKQ470I,13218,59,Male,White,United States,United States,United States,English,No,Full-Time
166a91df9b6d,6a8366a954b32c82bd424ef1,APPROVED,Not Applicable,2026-08-17T19:53:17Z,2026-08-17T19:57:47Z,2026-08-17T19:57:48Z,2026-08-17T19:58:48Z,271,CLKQ470I,518,40,Male,Mixed,United States,United States,United States,English,No,Full-Time
af8683f67600,6a8366b07b477bac5191bee7,APPROVED,Not Applicable,2026-08-17T19:53:42Z,2026-08-17T20:10:40Z,2026-08-17T20:10:41Z,2026-08-17T20:11:41Z,1019,CLKQ470I,2040,48,Male,White,United States,United States,United States,English,DATA_EXPIRED,DATA_EXPIRED
d447398aa333,6a8366b926a29c3191bb9f82,APPROVED,Not Applicable,2026-08-17T19:53:37Z,2026-08-17T20:04:32Z,2026-08-17T20:04:33Z,2026-08-17T20:05:33Z,656,CLKQ470I,2495,52,Female,White,United States,United States,United States,English,No,Part-Time
f2db91d8766e,6a8366e5f4a5db25ebf80079,APPROVED,Not Applicable,2026-08-17T19:54:16Z,2026-08-17T20:00:20Z,2026-08-17T20:00:21Z,2026-08-17T20:01:20Z,364,CLKQ470I,5059,33,Female,White,United States,United States,United States,English,No,Full-Time
e41a03842f46,6a8366e6c304ede7d33bc052,APPROVED,Not Applicable,2026-08-17T19:55:47Z,2026-08-17T20:03:08Z,2026-08-17T20:03:10Z,2026-08-17T20:04:08Z,441,CLKQ470I,548,40,Female,Other,United States,United States,United States,English,No,"Not in paid work (e.g. homemaker', 'retired or disabled)"
ef914981fe19,6a8366f1ec14ce975f6eb9a6,APPROVED,Not Applicable,2026-08-17T19:54:25Z,2026-08-17T20:04:48Z,2026-08-17T20:04:49Z,2026-08-17T20:05:48Z,624,CLKQ470I,9685,56,Male,White,United States,United States,United States,English,No,"Not in paid work (e.g. homemaker', 'retired or disabled)"
56855f5091b2,6a83670e226476de13482ef0,APPROVED,Not Applicable,2026-08-17T19:55:20Z,2026-08-17T20:08:30Z,2026-08-17T20:08:31Z,2026-08-17T20:09:31Z,791,CLKQ470I,2650,75,Female,White,United States,United States,United States,English,No,"Not in paid work (e.g. homemaker', 'retired or disabled)"
0cf481cc78cc,6a8367182da359c9d0825e83,APPROVED,Not Applicable,2026-08-17T19:55:11Z,2026-08-17T20:01:36Z,2026-08-17T20:01:37Z,2026-08-17T20:02:37Z,386,CLKQ470I,154,61,Male,White,United States,United States,United States,English,No,Part-Time
41684ca8a43c,6a83671a4a3b6972fdaaac1d,APPROVED,Not Applicable,2026-08-17T19:55:13Z,2026-08-17T20:02:33Z,2026-08-17T20:02:34Z,2026-08-17T20:03:34Z,441,CLKQ470I,298,79,Male,White,United States,United States,United States,English,No,"Not in paid work (e.g. homemaker', 'retired or disabled)"
861f07b622c1,6a83671b27ca45b629103858,APPROVED,Not Applicable,2026-08-17T19:55:11Z,2026-08-17T20:03:11Z,2026-08-17T20:03:12Z,2026-08-17T20:04:12Z,481,CLKQ470I,2282,60,Male,White,Jordan,United States,United States,English,No,Full-Time
68b5c4c22193,6a83671d8a11e9e3515482db,APPROVED,Not Applicable,2026-08-17T19:55:14Z,2026-08-17T20:03:56Z,2026-08-17T20:03:57Z,2026-08-17T20:04:57Z,523,CLKQ470I,936,33,Male,White,United States,United States,United States,English,No,Unemployed (and job seeking)
1a1852846c19,6a83671fe00b8cd42592152b,APPROVED,Not Applicable,2026-08-17T19:55:17Z,2026-08-17T20:04:34Z,2026-08-17T20:04:40Z,2026-08-17T20:05:35Z,558,CLKQ470I,1086,73,Female,White,United States,United States,United States,English,No,"Not in paid work (e.g. homemaker', 'retired or disabled)"
553059c1402d,6a836744645e0b8887dc5da0,APPROVED,Not Applicable,2026-08-17T19:55:53Z,2026-08-17T20:04:51Z,2026-08-17T20:04:52Z,2026-08-17T20:05:52Z,539,CLKQ470I,678,56,Female,White,United States,United States,United States,English,No,Full-Time
2ca3a070296d,6a836754b340ab69e3a7e3aa,APPROVED,Not Applicable,2026-08-17T19:56:09Z,2026-08-17T20:01:50Z,2026-08-17T20:01:51Z,2026-08-17T20:02:51Z,341,CLKQ470I,348,31,Male,White,United States,United States,United States,English,No,Unemployed (and job seeking)
0315889a26a1,6a8367574014e59a44ba3821,APPROVED,Not Applicable,2026-08-17T19:56:24Z,2026-08-17T20:05:24Z,2026-08-17T20:05:25Z,2026-08-17T20:06:25Z,541,CLKQ470I,7250,65,Female,White,United States,United States,United States,English,No,Full-Time
eeca8eba9401,6a8367681d8592d07d22c812,APPROVED,Not Applicable,2026-08-17T19:56:30Z,2026-08-17T20:02:05Z,2026-08-17T20:02:06Z,2026-08-17T20:03:06Z,336,CLKQ470I,6402,68,Female,White,United States,United States,United States,English,No,Full-Time
66061f951a7d,6a83676873bbe168df22c80b,APPROVED,Not Applicable,2026-08-17T19:56:29Z,2026-08-17T20:02:59Z,2026-08-17T20:03:00Z,2026-08-17T20:04:01Z,391,CLKQ470I,2543,47,Male,Asian,Hong Kong,United States,Australia,English,No,"Not in paid work (e.g. homemaker', 'retired or disabled)"
50d28599cd85,6a836768c3511b8f551e0e67,APPROVED,Not Applicable,2026-08-17T19:56:38Z,2026-08-17T20:04:13Z,2026-08-17T20:04:14Z,2026-08-17T20:05:13Z,455,CLKQ470I,8411,68,Male,White,United States,United States,United States,English,No,Part-Time
9a714916a29e,6a83676aac2ba525e5d3da39,APPROVED,Not Applicable,2026-08-17T19:56:32Z,2026-08-17T20:03:22Z,2026-08-17T20:03:24Z,2026-08-17T20:04:24Z,411,CLKQ470I,3125,80,Male,White,United States,United States,United States,English,DATA_EXPIRED,DATA_EXPIRED
0651f2430059,6a8367721722e91f7f60ea3c,APPROVED,Not Applicable,2026-08-17T19:56:41Z,2026-08-17T20:24:25Z,2026-08-17T20:24:26Z,2026-08-17T20:25:26Z,1664,CLKQ470I,798,49,Female,White,United States,United States,United States,English,No,Full-Time
777c7193ea2e,6a8367761e97b66dc0e04fc5,APPROVED,Not Applicable,2026-08-17T19:58:00Z,2026-08-17T20:05:18Z,2026-08-17T20:05:19Z,2026-08-17T20:06:19Z,438,CLKQ470I,1320,55,Male,Asian,Japan,United States,Japan,Japanese,No,Part-Time
03de5603c91c,6a8367821d08cad8a170b70d,APPROVED,Not Applicable,2026-08-17T19:56:52Z,2026-08-17T20:03:24Z,2026-08-17T20:03:25Z,2026-08-17T20:04:25Z,392,CLKQ470I,8738,37,Male,White,United States,United States,United States,English,No,Full-Time
15a3862837ac,6a8367973e7423304aa567cc,APPROVED,Not Applicable,2026-08-17T19:57:16Z,2026-08-17T20:02:34Z,2026-08-17T20:02:35Z,2026-08-17T20:03:35Z,319,CLKQ470I,1730,27,Female,White,United States,United States,United States,English,No,Full-Time
faf42c2480a6,6a8367a3a58ce7220ef02dd0,APPROVED,Not Applicable,2026-08-17T19:57:38Z,2026-08-17T20:06:17Z,2026-08-17T20:06:18Z,2026-08-17T20:07:18Z,520,CLKQ470I,493,55,Female,White,United States,United States,United States,English,DATA_EXPIRED,"Not in paid work (e.g. homemaker', 'retired or disabled)"
58a33841a619,6a8367a6f41ec84e23ab7a49,RETURNED,Not Applicable,2026-08-17T19:57:34Z,NA,NA,2026-08-18T01:59:43Z,NA,NA,4449,CONSENT_REVOKED,CONSENT_REVOKED,CONSENT_REVOKED,CONSENT_REVOKED,CONSENT_REVOKED,CONSENT_REVOKED,CONSENT_REVOKED,CONSENT_REVOKED,CONSENT_REVOKED
438194c15820,6a8367b759edae4f3dded42b,APPROVED,Not Applicable,2026-08-17T19:57:43Z,2026-08-17T20:05:57Z,2026-08-17T20:05:58Z,2026-08-17T20:06:58Z,495,CLKQ470I,13586,32,Male,White,United States,United States,United States,Spanish,DATA_EXPIRED,Full-Time
08e1af43e888,6a8367cbd8100c5b8bb632eb,APPROVED,Not Applicable,2026-08-17T19:58:15Z,2026-08-17T20:04:19Z,2026-08-17T20:04:19Z,2026-08-17T20:05:19Z,364,CLKQ470I,916,28,Male,Mixed,United States,United States,United States,English,No,Part-Time
24d7372cd653,6a8367cd665938b9859fec84,APPROVED,Not Applicable,2026-08-17T19:58:26Z,2026-08-17T20:06:55Z,2026-08-17T20:06:56Z,2026-08-17T20:07:56Z,510,CLKQ470I,5914,52,Female,White,United States,United States,United States,English,DATA_EXPIRED,DATA_EXPIRED
1011fa40e0a5,6a8367cf29dd966d2fcf6072,APPROVED,Not Applicable,2026-08-17T19:58:19Z,2026-08-17T20:03:52Z,2026-08-17T20:03:53Z,2026-08-17T20:04:53Z,334,CLKQ470I,1614,36,Male,White,United States,United States,United States,English,Yes,Part-Time
5da45931e24e,6a8367e12a887d9d6e5b40db,RETURNED,Not Applicable,NA,NA,NA,2026-08-18T01:59:43Z,NA,NA,1178,CONSENT_REVOKED,CONSENT_REVOKED,CONSENT_REVOKED,CONSENT_REVOKED,CONSENT_REVOKED,CONSENT_REVOKED,CONSENT_REVOKED,CONSENT_REVOKED,CONSENT_REVOKED
7523a9761674,6a8367e7cd8b7571e865db67,APPROVED,Not Applicable,2026-08-17T19:58:33Z,2026-08-17T20:09:00Z,2026-08-17T20:09:01Z,2026-08-17T20:10:00Z,627,CLKQ470I,995,33,Female,White,United States,United States,United States,English,DATA_EXPIRED,Full-Time
dfedf60a44b8,6a8367f0a24e1d85d69f69b8,APPROVED,Not Applicable,2026-08-17T19:58:58Z,2026-08-17T20:04:34Z,2026-08-17T20:04:35Z,2026-08-17T20:05:34Z,336,CLKQ470I,2877,39,Male,White,United States,United States,United States,English,DATA_EXPIRED,DATA_EXPIRED
b00a53a74995,6a8367f9731936342f1a60df,APPROVED,Not Applicable,2026-08-17T19:58:54Z,2026-08-17T20:04:26Z,2026-08-17T20:04:27Z,2026-08-17T20:05:27Z,333,CLKQ470I,7782,36,Female,Asian,United States,United States,United States,English,DATA_EXPIRED,Full-Time
83193cf8b6d3,6a836802081dc289618c724d,APPROVED,Not Applicable,2026-08-17T19:59:01Z,2026-08-17T20:05:14Z,2026-08-17T20:05:15Z,2026-08-17T20:06:15Z,373,CLKQ470I,1077,19,Male,White,United States,United States,United States,English,Yes,Part-Time
735ca65d7f77,6a836815b8a0cdb91e1a6110,APPROVED,Not Applicable,2026-08-17T19:59:21Z,2026-08-17T20:07:25Z,2026-08-17T20:07:26Z,2026-08-17T20:08:26Z,485,CLKQ470I,1923,46,Male,White,United States,United States,United States,English,No,Full-Time
95824bdc38df,6a8368220dba11ffcf6eb9d7,APPROVED,Not Applicable,2026-08-17T20:05:35Z,2026-08-17T20:16:29Z,2026-08-17T20:16:30Z,2026-08-17T20:17:29Z,654,CLKQ470I,287,19,Male,Black,United States,United States,United States,English,No,Unemployed (and job seeking)
52bfb9990ba9,6a836829be9bcb73c18f4e8c,APPROVED,Not Applicable,2026-08-17T19:59:50Z,2026-08-17T20:26:44Z,2026-08-17T20:26:45Z,2026-08-17T20:27:45Z,1615,CLKQ470I,5546,43,Male,White,United States,United States,United States,English,No,Full-Time
38f593f684ca,6a83683b41b144eb6e564f7d,APPROVED,Not Applicable,2026-08-17T20:00:03Z,2026-08-17T20:07:22Z,2026-08-17T20:07:23Z,2026-08-17T20:08:23Z,440,CLKQ470I,9985,70,Female,White,United States,United States,United States,English,No,DATA_EXPIRED
d8833b9d33d9,6a8368419c94c791bed719d8,APPROVED,Not Applicable,2026-08-17T20:00:06Z,2026-08-17T20:09:19Z,2026-08-17T20:09:21Z,2026-08-17T20:10:21Z,554,CLKQ470I,5855,59,Female,White,United States,United States,United States,English,DATA_EXPIRED,DATA_EXPIRED
7c7e8749af76,6a8368421068e0797d8dfd01,APPROVED,Not Applicable,2026-08-17T20:00:08Z,2026-08-17T20:08:25Z,2026-08-17T20:08:26Z,2026-08-17T20:09:26Z,498,CLKQ470I,513,59,Female,White,United States,United States,United States,English,No,Part-Time
a02a0e6333ad,6a836847fda3f874fd74f1d3,APPROVED,Not Applicable,2026-08-17T20:00:15Z,2026-08-17T20:09:10Z,2026-08-17T20:09:11Z,2026-08-17T20:10:11Z,535,CLKQ470I,1079,38,Male,Black,United States,United States,United States,English,No,Full-Time
2cd078bfcc98,6a83684c60ab0b9da7e76d9d,APPROVED,Not Applicable,2026-08-17T20:00:49Z,2026-08-17T20:18:45Z,2026-08-17T20:18:46Z,2026-08-17T20:19:45Z,1076,CLKQ470I,1526,25,Female,Black,United States,United States,United States,English,No,Full-Time
ba3955e6dd06,6a836851cc5337bf5a0c2363,APPROVED,Not Applicable,2026-08-17T20:00:24Z,2026-08-17T20:08:25Z,2026-08-17T20:08:41Z,2026-08-17T20:09:26Z,481,CLKQ470I,1334,26,Male,Asian,United States,United States,United States,English,No,Unemployed (and job seeking)
92ce1543c82d,6a8368525c02e44e42fc5be3,APPROVED,Not Applicable,2026-08-17T20:00:24Z,2026-08-17T20:06:26Z,2026-08-17T20:06:27Z,2026-08-17T20:07:27Z,363,CLKQ470I,1768,57,Female,White,United States,United States,United States,English,No,Full-Time
cf882f8df441,6a83685ab61115b08a9369bc,APPROVED,Not Applicable,2026-08-17T20:00:32Z,2026-08-17T20:09:15Z,2026-08-17T20:09:16Z,2026-08-17T20:10:15Z,523,CLKQ470I,3510,60,Female,White,United States,United States,United States,English,No,Full-Time
2a4a81c62d53,6a8368635808cb5a77b19b7a,APPROVED,Not Applicable,2026-08-17T20:00:39Z,2026-08-17T20:08:02Z,2026-08-17T20:08:03Z,2026-08-17T20:09:03Z,444,CLKQ470I,1110,62,Female,White,United States,United States,United States,English,No,Part-Time
a8f447711e0f,6a83686470e566ae95a8a573,APPROVED,Not Applicable,2026-08-17T20:00:41Z,2026-08-17T20:09:43Z,2026-08-17T20:09:44Z,2026-08-17T20:10:44Z,543,CLKQ470I,12207,77,Female,White,United States,United States,United States,English,No,Part-Time
34b9a0c58842,6a8368935d4c308646ff15e7,APPROVED,Not Applicable,2026-08-17T20:01:30Z,2026-08-17T20:07:29Z,2026-08-17T20:07:31Z,2026-08-17T20:08:31Z,360,CLKQ470I,1631,82,Female,White,United States,United States,United States,English,No,Due to start a new job within the next month
90e368994bc1,6a83689ee48004ffeb0abdb6,APPROVED,Not Applicable,2026-08-17T20:01:40Z,2026-08-17T20:12:11Z,2026-08-17T20:12:12Z,2026-08-17T20:13:11Z,631,CLKQ470I,1299,69,Female,Black,United States,United States,United States,English,No,"Not in paid work (e.g. homemaker', 'retired or disabled)"
b41b01e4789f,6a8368b5ce3887cbd1ba251a,APPROVED,Not Applicable,2026-08-17T20:02:02Z,2026-08-17T20:11:05Z,2026-08-17T20:11:06Z,2026-08-17T20:12:06Z,543,CLKQ470I,5082,57,Female,White,United States,United States,United States,English,No,Full-Time
5b0033ba80a2,6a8368b7ca9c0fd9d18dfca2,APPROVED,Not Applicable,2026-08-17T20:02:05Z,2026-08-17T20:11:02Z,2026-08-17T20:11:04Z,2026-08-17T20:12:03Z,537,CLKQ470I,729,61,Female,Mixed,Korea,United States,United States,Korean,No,Other
1233198a03aa,6a8368c19c789c4fec660f05,APPROVED,Not Applicable,2026-08-17T20:02:14Z,2026-08-17T20:11:08Z,2026-08-17T20:11:08Z,2026-08-17T20:12:08Z,534,CLKQ470I,87,42,Male,White,United States,United States,United States,English,No,Unemployed (and job seeking)
5ef7d7043fa9,6a8368ccc4dfd301996c3220,APPROVED,Not Applicable,2026-08-17T20:02:24Z,2026-08-17T20:08:03Z,2026-08-17T20:08:04Z,2026-08-17T20:09:04Z,340,CLKQ470I,2921,48,Male,White,United States,United States,United States,English,Yes,Full-Time
73fae7d23251,6a8368ef234a46f59777ec00,APPROVED,Not Applicable,2026-08-17T20:03:06Z,2026-08-17T20:19:10Z,2026-08-17T20:19:11Z,2026-08-17T20:20:11Z,964,CLKQ470I,372,57,Female,White,United States,United States,United States,English,No,Unemployed (and job seeking)
066b314a1f00,6a8368f4d691a2ec280d47bf,APPROVED,Not Applicable,2026-08-17T20:03:09Z,2026-08-17T20:10:07Z,2026-08-17T20:10:08Z,2026-08-17T20:11:08Z,419,CLKQ470I,2365,61,Male,Asian,Philippines,United States,United States,English,No,Full-Time
8b773b9f61ee,6a8369064efdd699e217ec3c,APPROVED,Not Applicable,2026-08-17T20:03:21Z,2026-08-17T20:10:49Z,2026-08-17T20:10:50Z,2026-08-17T20:11:50Z,448,CLKQ470I,388,25,Male,White,United States,United States,United States,English,No,Unemployed (and job seeking)
e685ca20512e,6a836931820e0ae619427742,APPROVED,Not Applicable,2026-08-17T20:04:05Z,2026-08-17T20:09:53Z,2026-08-17T20:09:53Z,2026-08-17T20:10:53Z,348,CLKQ470I,10314,69,Male,White,United States,United States,United States,English,DATA_EXPIRED,DATA_EXPIRED
3f63b553ddc9,6a83693eb8050c514f17ec3d,APPROVED,Not Applicable,2026-08-17T20:04:19Z,2026-08-17T20:13:09Z,2026-08-17T20:13:10Z,2026-08-17T20:14:10Z,531,CLKQ470I,2700,61,Male,White,United States,United States,United States,English,No,"Not in paid work (e.g. homemaker', 'retired or disabled)"
cfaa290f23e5,6a836951d44627e50558bc75,APPROVED,Not Applicable,2026-08-17T20:05:08Z,2026-08-17T20:17:09Z,2026-08-17T20:17:10Z,2026-08-17T20:18:10Z,721,CLKQ470I,3974,47,Female,Black,United States,United States,United States,English,DATA_EXPIRED,DATA_EXPIRED
a375c44fc101,6a83695801608621c5765ebe,APPROVED,Not Applicable,2026-08-17T20:04:45Z,2026-08-17T20:11:47Z,2026-08-17T20:11:48Z,2026-08-17T20:12:48Z,422,CLKQ470I,2964,62,Male,White,United States,United States,United States,English,No,"Not in paid work (e.g. homemaker', 'retired or disabled)"
879f1b0e2535,6a83695fc23be44231031409,APPROVED,Not Applicable,2026-08-17T20:04:55Z,2026-08-17T20:13:30Z,2026-08-17T20:13:31Z,2026-08-17T20:14:31Z,516,CLKQ470I,2471,59,Female,White,United States,United States,United States,English,No,"Not in paid work (e.g. homemaker', 'retired or disabled)"
985156d7203a,6a83696cf41ec84e23ab7a5b,APPROVED,Not Applicable,2026-08-17T20:05:05Z,2026-08-17T20:10:46Z,2026-08-17T20:10:46Z,2026-08-17T20:11:46Z,341,CLKQ470I,939,59,Male,White,United States,United States,United States,English,No,Full-Time
4a222c93539b,6a836981ede08df862820715,APPROVED,Not Applicable,2026-08-17T20:05:34Z,2026-08-17T20:13:05Z,2026-08-17T20:13:06Z,2026-08-17T20:14:06Z,452,CLKQ470I,393,41,Female,White,United States,United States,United States,English,No,Full-Time
4fdc5713d189,6a83698a5e302cdc22cbc58a,APPROVED,Not Applicable,2026-08-17T20:05:36Z,2026-08-17T20:16:15Z,2026-08-17T20:16:16Z,2026-08-17T20:17:16Z,639,CLKQ470I,182,38,Female,White,United States,United States,United States,English,No,Full-Time
67b522756ac9,6a83698ab64a3ec1a48e8dba,APPROVED,Not Applicable,2026-08-17T20:05:36Z,2026-08-17T20:11:30Z,2026-08-17T20:11:31Z,2026-08-17T20:12:31Z,355,CLKQ470I,2297,46,Female,White,United States,United States,United States,English,No,"Not in paid work (e.g. homemaker', 'retired or disabled)"
d82f7b624738,6a8369b4e8f970908432dd63,APPROVED,Not Applicable,2026-08-17T20:06:19Z,2026-08-17T20:13:51Z,2026-08-17T20:13:52Z,2026-08-17T20:14:52Z,453,CLKQ470I,786,51,Female,White,United States,United States,United States,English,No,Full-Time
72b8df3e5dae,6a8369b65da47374d9932bd6,APPROVED,Not Applicable,2026-08-17T20:06:19Z,2026-08-17T20:15:40Z,2026-08-17T20:15:41Z,2026-08-17T20:16:41Z,562,CLKQ470I,1883,46,Male,White,United States,United States,United States,English,No,Full-Time
04f2fc54b40c,6a8369c7b3a40ee40689c68e,APPROVED,Not Applicable,2026-08-17T20:08:37Z,2026-08-17T20:17:43Z,2026-08-17T20:17:44Z,2026-08-17T20:18:44Z,547,CLKQ470I,6825,48,Male,White,United States,United States,United States,English,DATA_EXPIRED,DATA_EXPIRED
fc7f72ae0568,6a8369e0a0c2f89e5bc2b75a,APPROVED,Not Applicable,2026-08-17T20:07:00Z,2026-08-17T20:13:11Z,2026-08-17T20:13:12Z,2026-08-17T20:14:12Z,372,CLKQ470I,1002,31,Female,Asian,Japan,United States,Japan,Japanese,No,"Not in paid work (e.g. homemaker', 'retired or disabled)"
2e19e09a90be,6a8369e6a3c34562044d4654,APPROVED,Not Applicable,2026-08-17T20:07:18Z,2026-08-17T20:14:30Z,2026-08-17T20:14:31Z,2026-08-17T20:15:31Z,432,CLKQ470I,2958,62,Male,White,United States,United States,United States,English,No,Unemployed (and job seeking)
166ec0a741a7,6a8369e96f98a263d4caf82a,APPROVED,Not Applicable,2026-08-17T20:07:12Z,2026-08-17T20:18:08Z,2026-08-17T20:18:08Z,2026-08-17T20:19:08Z,656,CLKQ470I,787,46,Female,Asian,India,United States,United States,Gujarati,No,Unemployed (and job seeking)
13a30d93fffe,6a8369eef8206d0fed8984bb,APPROVED,Not Applicable,2026-08-17T20:07:16Z,2026-08-17T20:12:43Z,2026-08-17T20:12:43Z,2026-08-17T20:13:43Z,327,CLKQ470I,3378,61,Male,Other,United States,United States,United States,English,No,Full-Time
b941d6c68e86,6a8369f08b71eb7f44f1c38f,APPROVED,Not Applicable,2026-08-17T20:07:18Z,2026-08-17T20:15:27Z,2026-08-17T20:15:28Z,2026-08-17T20:16:28Z,490,CLKQ470I,525,53,Female,Black,United States,United States,United States,English,No,Other
977b7dad5d38,6a8369f1c01e7283bfc65c9a,APPROVED,Not Applicable,2026-08-17T20:07:18Z,2026-08-17T20:14:11Z,2026-08-17T20:14:12Z,2026-08-17T20:15:12Z,414,CLKQ470I,3697,63,Female,White,United States,United States,United States,English,No,Other
5ad0eee718fe,6a8369f8d44627e50558bc7e,APPROVED,Not Applicable,2026-08-17T20:07:26Z,2026-08-17T20:16:07Z,2026-08-17T20:16:08Z,2026-08-17T20:17:07Z,521,CLKQ470I,213,74,Female,White,United States,United States,United States,English,No,"Not in paid work (e.g. homemaker', 'retired or disabled)"
7819f8ebc27f,6a8369ffc9e9d047ffe94728,APPROVED,Not Applicable,2026-08-17T20:07:34Z,2026-08-17T20:14:08Z,2026-08-17T20:14:09Z,2026-08-17T20:15:09Z,395,CLKQ470I,328,69,Female,White,United States,United States,United States,English,No,"Not in paid work (e.g. homemaker', 'retired or disabled)"
1b2da3c2f376,6a836a0a874a3917db78074b,APPROVED,Not Applicable,2026-08-17T20:07:46Z,2026-08-17T20:16:12Z,2026-08-17T20:16:13Z,2026-08-17T20:17:12Z,506,CLKQ470I,255,31,Male,White,United States,United States,United States,English,No,Unemployed (and job seeking)
db5918d885d3,6a836a1916097dbec7eb99ff,APPROVED,Not Applicable,2026-08-17T20:07:53Z,2026-08-17T20:13:31Z,2026-08-17T20:13:32Z,2026-08-17T20:14:32Z,338,CLKQ470I,7619,60,Female,White,United States,United States,United States,English,No,Other
4f22f9bb37ea,6a836a52c4c6ed2c35f231a8,APPROVED,Not Applicable,2026-08-17T20:08:58Z,2026-08-17T20:27:43Z,2026-08-17T20:27:46Z,2026-08-17T20:28:44Z,1125,CLKQ470I,313,26,Male,Mixed,United States,United States,United States,English,No,Full-Time
52c25e1acf74,6a836a54f695abd3bfa8f0ea,APPROVED,Not Applicable,2026-08-17T20:08:56Z,2026-08-17T20:22:54Z,2026-08-17T20:22:55Z,2026-08-17T20:23:55Z,839,CLKQ470I,9593,72,Female,White,United States,United States,United States,English,No,"Not in paid work (e.g. homemaker', 'retired or disabled)"
ff87b8da1f19,6a836a5a3cf69b83f0cab770,APPROVED,Not Applicable,2026-08-17T20:09:01Z,2026-08-17T20:15:12Z,2026-08-17T20:15:13Z,2026-08-17T20:16:13Z,371,CLKQ470I,654,26,Male,Mixed,United States,United States,United States,English,DATA_EXPIRED,DATA_EXPIRED
179c7b958951,6a836a6987faa02a3b0c70ad,APPROVED,Not Applicable,2026-08-17T20:09:17Z,2026-08-17T20:16:35Z,2026-08-17T20:16:36Z,2026-08-17T20:17:36Z,439,CLKQ470I,207,43,Female,Black,United States,United States,United States,English,No,Full-Time
5d25bef96071,6a836a6e91b4c8865f762a46,APPROVED,Not Applicable,2026-08-17T20:09:28Z,2026-08-17T20:15:12Z,2026-08-17T20:15:18Z,2026-08-17T20:16:13Z,345,CLKQ470I,422,27,Male,White,United States,United States,United States,English,No,Full-Time
cb02cc19eb03,6a836a85079d71a88fff160c,APPROVED,Not Applicable,2026-08-17T20:09:45Z,2026-08-17T20:17:59Z,2026-08-17T20:18:00Z,2026-08-17T20:19:00Z,495,CLKQ470I,4011,62,Female,White,United States,United States,United States,English,No,Part-Time
03cafc7cb5b1,6a836aac13218ddf65a685e0,APPROVED,Not Applicable,2026-08-17T20:10:34Z,2026-08-17T20:16:52Z,2026-08-17T20:16:52Z,2026-08-17T20:17:52Z,378,CLKQ470I,29,46,Female,Other,United States,United States,United States,Spanish,No,"Not in paid work (e.g. homemaker', 'retired or disabled)"
aa1c225a1a40,6a836aed25856de0e5f231a2,APPROVED,Not Applicable,2026-08-17T20:11:39Z,2026-08-17T20:19:17Z,2026-08-17T20:19:18Z,2026-08-17T20:20:18Z,459,CLKQ470I,16290,69,Female,White,United States,United States,United States,English,No,"Not in paid work (e.g. homemaker', 'retired or disabled)"
6bc4d1768460,6a836b16c4d0cd91d260f8fe,APPROVED,Not Applicable,2026-08-17T20:12:13Z,2026-08-17T20:20:00Z,2026-08-17T20:20:01Z,2026-08-17T20:21:01Z,467,CLKQ470I,5882,48,Female,White,United States,United States,United States,English,No,"Not in paid work (e.g. homemaker', 'retired or disabled)"
23b1635e0bb3,6a836b2046babfb6e31da8a8,APPROVED,Not Applicable,2026-08-17T20:12:26Z,2026-08-17T20:19:51Z,2026-08-17T20:19:52Z,2026-08-17T20:20:52Z,445,CLKQ470I,1562,26,Male,Mixed,United States,United States,United States,English,No,Unemployed (and job seeking)
844880ad8eb7,6a836b600ed99010403664ab,APPROVED,Not Applicable,2026-08-17T20:13:26Z,2026-08-17T20:21:07Z,2026-08-17T20:21:08Z,2026-08-17T20:22:08Z,462,CLKQ470I,275,57,Male,White,Germany,United States,United States,English,No,Full-Time
b21239b7ab1d,6a836b619083e44b87d6ed0f,APPROVED,Not Applicable,2026-08-17T20:13:25Z,2026-08-17T20:20:52Z,2026-08-17T20:20:53Z,2026-08-17T20:21:53Z,448,CLKQ470I,4206,67,Male,White,United Kingdom,United States,United Kingdom,English,No,Part-Time
47019bf92231,6a836b756716d2b576729af5,APPROVED,Not Applicable,2026-08-17T20:13:47Z,2026-08-17T20:21:34Z,2026-08-17T20:21:35Z,2026-08-17T20:22:35Z,468,CLKQ470I,800,45,Female,Black,United States,United States,United States,English,No,Full-Time
f02484e38807,6a836b857ff879c8ff9743c5,APPROVED,Not Applicable,2026-08-17T20:14:01Z,2026-08-17T20:18:34Z,2026-08-17T20:18:35Z,2026-08-17T20:19:34Z,273,CLKQ470I,370,30,Male,Other,United States,United States,United States,English,Yes,Part-Time
a2e528d79c85,6a836b8b4818c4edf11a60aa,APPROVED,Not Applicable,2026-08-17T20:14:07Z,2026-08-17T20:23:36Z,2026-08-17T20:23:37Z,2026-08-17T20:24:36Z,569,CLKQ470I,53,45,Female,White,United States,United States,United States,English,No,Full-Time
35661de0d0e3,6a836b94b17aa7cf989597f8,APPROVED,Not Applicable,2026-08-17T20:14:15Z,2026-08-17T20:20:46Z,2026-08-17T20:20:47Z,2026-08-17T20:21:46Z,391,CLKQ470I,911,43,Female,White,United States,United States,United States,English,No,Full-Time
13fb2c1c16c1,6a836bbc64041244a7aedacf,APPROVED,Not Applicable,2026-08-17T20:14:56Z,2026-08-17T20:22:37Z,2026-08-17T20:22:38Z,2026-08-17T20:23:38Z,461,CLKQ470I,2928,37,Female,White,United States,United States,United States,English,No,Unemployed (and job seeking)
bddad446b24e,6a836bbd001e7c5d60bb9f73,APPROVED,Not Applicable,2026-08-17T20:14:58Z,2026-08-17T20:19:57Z,2026-08-17T20:19:58Z,2026-08-17T20:20:58Z,300,CLKQ470I,5891,55,Male,White,United States,United States,United States,English,No,Unemployed (and job seeking)
1fa0cddb31df,6a836be0fe190f64ab50e250,APPROVED,Not Applicable,2026-08-17T20:15:46Z,2026-08-17T20:29:41Z,2026-08-17T20:29:42Z,2026-08-17T20:30:41Z,835,CLKQ470I,2719,46,Male,Black,Nigeria,United States,United States,English,No,Full-Time
2d37fea9f0f7,6a836c0d99b648659c6d9188,APPROVED,Not Applicable,2026-08-17T20:16:19Z,2026-08-17T20:21:58Z,2026-08-17T20:21:58Z,2026-08-17T20:22:58Z,339,CLKQ470I,9371,48,Male,White,United States,United States,United States,English,No,Full-Time
001e35c31cfb,6a836c1075e111dd1365d405,APPROVED,Not Applicable,2026-08-17T20:16:19Z,2026-08-17T20:25:26Z,2026-08-17T20:25:27Z,2026-08-17T20:26:27Z,547,CLKQ470I,707,27,Male,Mixed,United States,United States,United States,English,No,Unemployed (and job seeking)
611ca491ae3d,6a836c18dfc6e17982cb034b,APPROVED,Not Applicable,2026-08-17T20:16:30Z,2026-08-17T20:23:00Z,2026-08-17T20:23:01Z,2026-08-17T20:24:01Z,391,CLKQ470I,458,51,Male,White,United States,United States,United States,English,No,Full-Time
a9aabb617797,6a836c39921827b553a0b96e,APPROVED,Not Applicable,2026-08-17T20:17:35Z,2026-08-17T20:54:38Z,2026-08-17T20:54:39Z,2026-08-17T20:55:39Z,2223,CLKQ470I,4336,56,Female,White,United States,United States,United States,English,No,Full-Time
3d92b46b2a6d,6a836c53c26a7674fda7e3a2,APPROVED,Not Applicable,2026-08-17T20:17:31Z,2026-08-17T20:24:03Z,2026-08-17T20:24:04Z,2026-08-17T20:25:03Z,392,CLKQ470I,816,39,Male,White,United States,United States,United States,English,No,Part-Time
37f1b99665dd,6a836c62a8a8c56212d0a9b8,APPROVED,Not Applicable,2026-08-17T20:17:49Z,2026-08-17T20:35:17Z,2026-08-17T20:35:18Z,2026-08-17T20:36:18Z,1049,CLKQ470I,1210,55,Female,White,United States,United States,United States,English,No,"Not in paid work (e.g. homemaker', 'retired or disabled)"
b25c39fffd2b,6a836c726723462d9291970a,APPROVED,Not Applicable,2026-08-17T20:18:05Z,2026-08-17T20:26:14Z,2026-08-17T20:26:15Z,2026-08-17T20:27:14Z,489,CLKQ470I,294,67,Male,Black,United States,United States,United States,English,No,"Not in paid work (e.g. homemaker', 'retired or disabled)"
d772f657bfdf,6a836c77f7d98185ef9202a7,APPROVED,Not Applicable,2026-08-17T20:18:16Z,2026-08-17T20:31:09Z,2026-08-17T20:31:10Z,2026-08-17T20:32:10Z,774,CLKQ470I,2286,23,Male,Black,United States,United States,United States,English,Yes,Part-Time
86a23253666d,6a836c96070108d19e621a19,APPROVED,Not Applicable,2026-08-17T20:18:34Z,2026-08-17T20:23:27Z,2026-08-17T20:23:27Z,2026-08-17T20:24:27Z,293,CLKQ470I,220,46,Male,Black,United States,United States,United States,English,No,Unemployed (and job seeking)
6b4634c203a6,6a836ca4d6167a37e20c22f5,APPROVED,Not Applicable,2026-08-17T20:18:49Z,2026-08-17T20:25:36Z,2026-08-17T20:25:37Z,2026-08-17T20:26:37Z,408,CLKQ470I,6061,56,Male,Mixed,United States,United States,United States,English,No,Full-Time
f56599a99c29,6a836ca80de4f71a03d7b251,APPROVED,Not Applicable,2026-08-17T20:24:21Z,2026-08-17T20:35:30Z,2026-08-17T20:35:31Z,2026-08-17T20:36:31Z,670,CLKQ470I,1349,66,Male,Black,United States,United States,United States,English,No,"Not in paid work (e.g. homemaker', 'retired or disabled)"
3db85e661296,6a836ca8b1d77e18a1c2cb2d,APPROVED,Not Applicable,2026-08-17T20:19:29Z,2026-08-17T20:24:36Z,2026-08-17T20:24:37Z,2026-08-17T20:25:37Z,308,CLKQ470I,4869,52,Female,White,United States,United States,United States,English,No,Full-Time
9c470d641aed,6a836caf3813dfe8c89fece9,APPROVED,Not Applicable,2026-08-17T20:19:31Z,2026-08-17T20:27:51Z,2026-08-17T20:27:52Z,2026-08-17T20:28:51Z,500,CLKQ470I,1443,39,Female,White,United States,United States,United States,English,No,Full-Time
405ef4223db1,6a836cafbc9fdc573376ac09,APPROVED,Not Applicable,2026-08-17T20:19:03Z,2026-08-17T20:28:58Z,2026-08-17T20:28:59Z,2026-08-17T20:29:58Z,596,CLKQ470I,153,42,Female,Asian,Vietnam,United States,United States,Vietnamese,No,"Not in paid work (e.g. homemaker', 'retired or disabled)"
35d9cb2a72e6,6a836cbec4c6ed2c35f231d3,APPROVED,Not Applicable,2026-08-17T20:25:15Z,2026-08-17T20:58:30Z,2026-08-17T20:58:31Z,2026-08-17T20:59:31Z,1996,CLKQ470I,2606,38,Male,Black,United States,United States,United States,English,No,Part-Time
63b2ab64fe40,6a836cc816d6a9f8c91a60bd,APPROVED,Not Applicable,2026-08-17T20:20:31Z,2026-08-17T20:29:36Z,2026-08-17T20:29:37Z,2026-08-17T20:30:37Z,545,CLKQ470I,619,50,Female,Asian,Malaysia,United States,Malaysia,English,No,Part-Time
ff4479c77ffd,6a836cc817caec7bb8366475,APPROVED,Not Applicable,2026-08-17T20:19:46Z,2026-08-17T20:26:53Z,2026-08-17T20:26:54Z,2026-08-17T20:27:54Z,428,CLKQ470I,468,56,Female,Mixed,United States,United States,United States,English,No,Full-Time
ae041ed6defc,6a836cd67fe08893f9765e75,APPROVED,Not Applicable,2026-08-17T20:19:40Z,2026-08-17T20:29:15Z,2026-08-17T20:29:16Z,2026-08-17T20:30:16Z,575,CLKQ470I,625,62,Male,White,United States,United States,United States,English,No,Unemployed (and job seeking)
d73dbe85db2d,6a836d03652904e0ce1f4287,APPROVED,Not Applicable,2026-08-17T20:20:25Z,2026-08-17T20:27:05Z,2026-08-17T20:27:06Z,2026-08-17T20:28:05Z,400,CLKQ470I,413,29,Male,White,United States,United States,United States,English,No,"Not in paid work (e.g. homemaker', 'retired or disabled)"
466cef6e78cc,6a836d2c437a6d26dbe76d94,APPROVED,Not Applicable,2026-08-17T20:21:20Z,2026-08-17T20:27:49Z,2026-08-17T20:27:50Z,2026-08-17T20:28:49Z,389,CLKQ470I,635,42,Female,White,United States,United States,United States,English,No,Full-Time
ea909341c567,6a836d36c69ee7a1c5cac0cb,APPROVED,Not Applicable,2026-08-17T20:21:15Z,2026-08-17T20:26:05Z,2026-08-17T20:26:07Z,2026-08-17T20:27:07Z,291,CLKQ470I,2684,60,Male,Mixed,Canada,United States,United States,English,No,Part-Time
a06d3b5e7864,6a836d4890562c4ffce41335,APPROVED,Not Applicable,2026-08-17T20:21:41Z,2026-08-17T20:28:29Z,2026-08-17T20:28:29Z,2026-08-17T20:29:29Z,408,CLKQ470I,4201,47,Male,White,United States,United States,United States,English,Yes,Full-Time
9f84e853445a,6a836d65d43d79a9a4c543da,APPROVED,Not Applicable,2026-08-17T20:22:00Z,2026-08-17T20:27:10Z,2026-08-17T20:27:11Z,2026-08-17T20:28:11Z,311,CLKQ470I,6226,56,Female,White,United States,United States,United States,English,No,"Not in paid work (e.g. homemaker', 'retired or disabled)"
8682f5dcff32,6a836d70d4211233799fe121,APPROVED,Not Applicable,2026-08-17T20:22:14Z,2026-08-17T20:28:39Z,2026-08-17T20:28:40Z,2026-08-17T20:29:40Z,386,CLKQ470I,1135,21,Female,Black,United States,United States,United States,English,Yes,Part-Time
0b3de2d13e48,6a836d7104bd4c641ecf7def,APPROVED,Not Applicable,2026-08-17T20:22:16Z,2026-08-17T20:28:41Z,2026-08-17T20:28:47Z,2026-08-17T20:29:42Z,386,CLKQ470I,1227,28,Male,White,United States,United States,United States,English,No,Full-Time
795e0473ffec,6a836d7a4fb7dcfe39ba2539,APPROVED,Not Applicable,2026-08-17T20:22:22Z,2026-08-17T20:27:33Z,2026-08-17T20:27:34Z,2026-08-17T20:28:34Z,311,CLKQ470I,2507,70,Male,White,United States,United States,United States,English,No,"Not in paid work (e.g. homemaker', 'retired or disabled)"
ee883d6a4277,6a836d7abe7ba0cb6a714883,APPROVED,Not Applicable,2026-08-17T20:22:25Z,2026-08-17T20:32:01Z,2026-08-17T20:32:07Z,2026-08-17T20:33:02Z,577,CLKQ470I,1645,57,Female,White,United States,United States,United States,English,No,Full-Time
19a7c12df2c4,6a836d83b59b3ed6dfe42317,APPROVED,Not Applicable,2026-08-17T20:22:36Z,2026-08-17T20:31:06Z,2026-08-17T20:31:06Z,2026-08-17T20:32:06Z,510,CLKQ470I,1263,67,Male,Mixed,United States,United States,United States,English,No,Unemployed (and job seeking)
123c0d693c66,6a836d852626d0c1b1c5754f,APPROVED,Not Applicable,2026-08-17T20:22:33Z,2026-08-17T20:27:44Z,2026-08-17T20:27:50Z,2026-08-17T20:28:45Z,311,CLKQ470I,11163,67,Male,White,United States,United States,United States,English,No,"Not in paid work (e.g. homemaker', 'retired or disabled)"
b7ddc5ad6c1e,6a836d8e2e0dae60bfded3e8,APPROVED,Not Applicable,2026-08-17T20:22:43Z,2026-08-17T20:28:41Z,2026-08-17T20:28:42Z,2026-08-17T20:29:42Z,358,CLKQ470I,1085,61,Male,Asian,Philippines,United States,United States,English,No,DATA_EXPIRED
b4a17e861a75,6a836d94699b4ce937d91517,APPROVED,Not Applicable,2026-08-17T20:22:55Z,2026-08-17T20:31:58Z,2026-08-17T20:31:59Z,2026-08-17T20:32:59Z,543,CLKQ470I,7638,61,Female,Black,United States,United States,United States,English,No,Full-Time
0dcd56bc80a6,6a836da2c26a7674fda7e3b7,APPROVED,Not Applicable,2026-08-17T20:25:52Z,2026-08-17T20:31:37Z,2026-08-17T20:31:38Z,2026-08-17T20:32:38Z,346,CLKQ470I,1376,74,Male,White,United States,United States,United States,English,No,Other
13306f0b477d,6a836dbb511a3e4fe7f712df,APPROVED,Not Applicable,2026-08-17T20:25:31Z,2026-08-17T20:33:20Z,2026-08-17T20:33:21Z,2026-08-17T20:34:21Z,469,CLKQ470I,4666,39,Female,White,United States,United States,United States,English,Yes,"Not in paid work (e.g. homemaker', 'retired or disabled)"
48acda147ed6,6a836dc47a7ea85d34d7b25a,APPROVED,Not Applicable,2026-08-17T20:23:37Z,2026-08-17T20:29:56Z,2026-08-17T20:29:57Z,2026-08-17T20:30:57Z,379,CLKQ470I,1056,67,Female,White,United States,United States,United States,English,No,"Not in paid work (e.g. homemaker', 'retired or disabled)"
df334dcc0a43,6a836dca908fc8fb7f7c597a,RETURNED,Not Applicable,2026-08-17T20:23:59Z,NA,NA,2026-08-18T01:59:43Z,NA,NA,4338,CONSENT_REVOKED,CONSENT_REVOKED,CONSENT_REVOKED,CONSENT_REVOKED,CONSENT_REVOKED,CONSENT_REVOKED,CONSENT_REVOKED,CONSENT_REVOKED,CONSENT_REVOKED
f3d9af9abb9e,6a836dd79667a5478aca4e7c,APPROVED,Not Applicable,2026-08-17T20:24:15Z,2026-08-17T20:30:12Z,2026-08-17T20:30:13Z,2026-08-17T20:31:12Z,357,CLKQ470I,11964,41,Female,White,United States,United States,United States,English,DATA_EXPIRED,Full-Time
95c86976d350,6a836ddb32a7c78792b107fd,APPROVED,Not Applicable,2026-08-17T20:28:08Z,2026-08-17T20:35:27Z,2026-08-17T20:35:28Z,2026-08-17T20:36:28Z,439,CLKQ470I,2336,47,Female,Asian,United States,United States,United States,English,No,DATA_EXPIRED
42d449628076,6a836dea3e7d8b383ce946ff,APPROVED,Not Applicable,2026-08-17T20:24:54Z,2026-08-17T20:31:36Z,2026-08-17T20:31:37Z,2026-08-17T20:32:37Z,402,CLKQ470I,472,45,Male,White,United States,United States,United States,English,No,Full-Time
1853b6f7a511,6a836df9e7b6073a8fa8f0b0,APPROVED,Not Applicable,2026-08-17T20:24:31Z,2026-08-17T20:37:33Z,2026-08-17T20:37:34Z,2026-08-17T20:38:34Z,782,CLKQ470I,732,25,Female,Black,United States,United States,United States,English,No,Unemployed (and job seeking)
d68898b060db,6a836e00d90fbc091e1a1305,APPROVED,Not Applicable,2026-08-17T20:24:35Z,2026-08-17T20:29:47Z,2026-08-17T20:29:48Z,2026-08-17T20:30:48Z,312,CLKQ470I,5009,36,Female,Mixed,United States,United States,United States,English,No,Full-Time
37fd734ebf92,6a836e0442874c1297b5a97d,APPROVED,Not Applicable,2026-08-17T20:24:52Z,2026-08-17T20:33:05Z,2026-08-17T20:33:06Z,2026-08-17T20:34:06Z,494,CLKQ470I,14130,67,Female,White,United States,United States,United States,English,No,"Not in paid work (e.g. homemaker', 'retired or disabled)"
157e7df74d6e,6a836e04d3d5984b13564f7b,APPROVED,Not Applicable,2026-08-17T20:24:40Z,2026-08-17T20:30:15Z,2026-08-17T20:30:16Z,2026-08-17T20:31:15Z,335,CLKQ470I,497,29,Male,White,United States,United States,United States,English,No,Unemployed (and job seeking)
106d66c4ed25,6a836e1254723612a4e5d4d0,APPROVED,Not Applicable,2026-08-17T20:25:00Z,2026-08-17T20:34:48Z,2026-08-17T20:34:49Z,2026-08-17T20:35:49Z,589,CLKQ470I,1930,28,Male,Black,Nigeria,United States,United States,English,Yes,Part-Time
cca65137cacd,6a836e20dfdf6aefaf0abdc1,APPROVED,Not Applicable,2026-08-17T20:25:11Z,2026-08-17T20:32:27Z,2026-08-17T20:32:28Z,2026-08-17T20:33:28Z,436,CLKQ470I,99,37,Female,White,United States,United States,United States,English,No,Full-Time
22f569089764,6a836e2c54723612a4e5d4d3,APPROVED,Not Applicable,2026-08-17T20:34:51Z,2026-08-17T20:55:01Z,2026-08-17T20:55:02Z,2026-08-17T20:56:02Z,1211,CLKQ470I,893,50,Male,White,United States,United States,United States,English,No,Full-Time
f0d3c30fe3cb,6a836e304e5d9dc6b9be8405,APPROVED,Not Applicable,2026-08-17T20:25:29Z,2026-08-17T20:35:29Z,2026-08-17T20:35:30Z,2026-08-17T20:36:30Z,601,CLKQ470I,4620,48,Male,Black,United States,United States,United States,English,Yes,Full-Time
2aaf88573ed3,6a836e3717af0d72ebd43e0e,APPROVED,Not Applicable,2026-08-17T20:25:33Z,2026-08-17T20:33:08Z,2026-08-17T20:33:09Z,2026-08-17T20:34:09Z,456,CLKQ470I,7839,76,Female,White,United States,United States,United States,English,No,Other
c874f422a792,6a836e46df5d877049b259a8,APPROVED,Not Applicable,2026-08-17T20:25:52Z,2026-08-17T20:32:38Z,2026-08-17T20:32:39Z,2026-08-17T20:33:39Z,406,CLKQ470I,2319,29,Female,Black,United States,United States,United States,Afrikaans,No,DATA_EXPIRED
b2440ae1f796,6a836e4704bd4c641ecf7e0b,APPROVED,Not Applicable,2026-08-17T20:26:27Z,2026-08-17T20:35:04Z,2026-08-17T20:35:05Z,2026-08-17T20:36:05Z,517,CLKQ470I,45,28,Female,White,Mexico,United States,United States,Spanish,No,"Not in paid work (e.g. homemaker', 'retired or disabled)"
aafdc732b1ec,6a836e496c6bea4bd6ba24f9,APPROVED,Not Applicable,2026-08-17T20:25:57Z,2026-08-17T20:32:28Z,2026-08-17T20:32:34Z,2026-08-17T20:33:28Z,391,CLKQ470I,13228,48,Male,White,United States,United States,United States,English,No,Full-Time
83657279e13b,6a836e4e91e0784d7e60f8d4,APPROVED,Not Applicable,2026-08-17T20:25:55Z,2026-08-17T20:38:23Z,2026-08-17T20:38:25Z,2026-08-17T20:39:24Z,748,CLKQ470I,168,28,Male,Black,United States,United States,United States,English,No,Full-Time
bfbc08e19edc,6a836e4ea048e37bf2b59bae,APPROVED,Not Applicable,2026-08-17T20:28:24Z,2026-08-17T20:34:54Z,2026-08-17T20:34:54Z,2026-08-17T20:35:54Z,390,CLKQ470I,5979,46,Male,White,United States,United States,United States,English,No,Full-Time
8be6213b058a,6a836e5a89061e5ac94c6c73,APPROVED,Not Applicable,2026-08-17T20:26:09Z,2026-08-17T20:33:06Z,2026-08-17T20:33:12Z,2026-08-17T20:34:06Z,417,CLKQ470I,9294,60,Male,White,United States,United States,United States,English,No,Full-Time
d1df409b30f8,6a836e79a4a0bdf4781f423c,RETURNED,Not Applicable,2026-08-17T20:26:37Z,NA,NA,2026-08-18T01:59:43Z,NA,NA,5057,CONSENT_REVOKED,CONSENT_REVOKED,CONSENT_REVOKED,CONSENT_REVOKED,CONSENT_REVOKED,CONSENT_REVOKED,CONSENT_REVOKED,CONSENT_REVOKED,CONSENT_REVOKED
12200d4d597b,6a836e873fd980bb4a7a7b3e,APPROVED,Not Applicable,2026-08-17T20:26:56Z,2026-08-17T20:32:00Z,2026-08-17T20:32:03Z,2026-08-17T20:33:01Z,305,CLKQ470I,211,25,Male,Asian,United States,United States,Philippines,English,No,Unemployed (and job seeking)
c382e2a4846f,6a836ea724da293c8f6a519d,APPROVED,Not Applicable,2026-08-17T20:27:24Z,2026-08-17T20:32:36Z,2026-08-17T20:32:38Z,2026-08-17T20:33:37Z,313,CLKQ470I,4292,72,Male,White,United States,United States,United States,English,No,Full-Time
43f68ece691e,6a836ea802565fd7bba37532,APPROVED,Not Applicable,2026-08-17T20:27:24Z,2026-08-17T20:33:59Z,2026-08-17T20:34:00Z,2026-08-17T20:35:00Z,396,CLKQ470I,197,20,Male,White,United States,United States,United States,English,Yes,Part-Time
a2a163c9cb6a,6a836eb4ecf77ce0fb424f1b,APPROVED,Not Applicable,2026-08-17T20:27:44Z,2026-08-17T20:35:45Z,2026-08-17T20:35:46Z,2026-08-17T20:36:46Z,481,CLKQ470I,3117,60,Male,White,United States,United States,United States,English,DATA_EXPIRED,DATA_EXPIRED
c3a5a373fd79,6a836eb7770b377b5de55430,APPROVED,Not Applicable,2026-08-17T20:27:35Z,2026-08-17T20:45:11Z,2026-08-17T20:45:12Z,2026-08-17T20:46:11Z,1057,CLKQ470I,9680,38,Female,White,United States,United States,United States,English,No,Full-Time
b75e00613b3d,6a836ef617c816ee268f065f,APPROVED,Not Applicable,2026-08-17T20:28:43Z,2026-08-17T20:37:13Z,2026-08-17T20:37:14Z,2026-08-17T20:38:14Z,511,CLKQ470I,1863,41,Male,Asian,Hong Kong,United States,United States,English,No,Part-Time
a2b7e8220c3f,6a836ef75e9cc5b968bd7407,APPROVED,Not Applicable,2026-08-17T20:34:45Z,2026-08-17T20:42:43Z,2026-08-17T20:42:44Z,2026-08-17T20:43:44Z,479,CLKQ470I,5391,47,Male,White,United States,United States,United States,English,DATA_EXPIRED,DATA_EXPIRED
fbc6c341695f,6a836f28a82ed777e0ad3aaa,APPROVED,Not Applicable,2026-08-17T20:29:46Z,2026-08-17T20:35:48Z,2026-08-17T20:35:48Z,2026-08-17T20:36:48Z,362,CLKQ470I,1407,29,Male,White,United States,United States,United States,English,Yes,Part-Time
93e3d1231ec8,6a836f2e839bc22b855b40eb,RETURNED,Not Applicable,2026-08-17T20:29:48Z,NA,NA,2026-08-18T01:59:43Z,NA,NA,14039,CONSENT_REVOKED,CONSENT_REVOKED,CONSENT_REVOKED,CONSENT_REVOKED,CONSENT_REVOKED,CONSENT_REVOKED,CONSENT_REVOKED,CONSENT_REVOKED,CONSENT_REVOKED
00f9463c14a5,6a836f305712088a0748a8a9,APPROVED,Not Applicable,2026-08-17T20:29:40Z,2026-08-17T20:34:19Z,2026-08-17T20:34:20Z,2026-08-17T20:35:20Z,280,CLKQ470I,2233,32,Male,White,United States,United States,United States,English,No,Full-Time
72db32f310f6,6a836f35f54bda929457fd17,APPROVED,Not Applicable,2026-08-17T20:32:57Z,2026-08-17T20:43:20Z,2026-08-17T20:43:21Z,2026-08-17T20:44:21Z,624,CLKQ470I,4626,53,Male,White,United States,United States,United States,English,DATA_EXPIRED,DATA_EXPIRED
8e92d5cd36e3,6a836f41307d6219ecc3d59a,APPROVED,Not Applicable,2026-08-17T20:30:03Z,2026-08-17T20:41:33Z,2026-08-17T20:41:39Z,2026-08-17T20:42:33Z,690,CLKQ470I,5138,66,Male,White,Guam,United States,United States,English,No,Other
84f398617905,6a836f4349c1dae25992221d,APPROVED,Not Applicable,2026-08-17T20:30:00Z,2026-08-17T20:39:20Z,2026-08-17T20:39:23Z,2026-08-17T20:40:21Z,561,CLKQ470I,1025,41,Female,White,United States,United States,United States,English,No,"Not in paid work (e.g. homemaker', 'retired or disabled)"
92466cc8513f,6a836f674df3f275bff3de38,APPROVED,Not Applicable,2026-08-17T20:30:37Z,2026-08-17T20:36:58Z,2026-08-17T20:36:59Z,2026-08-17T20:37:59Z,381,CLKQ470I,5238,35,Female,White,United States,United States,United States,English,No,Part-Time
d0833c73ce6a,6a836f9bb2c73f079b2c4f6b,APPROVED,Not Applicable,2026-08-17T20:31:31Z,2026-08-17T20:38:59Z,2026-08-17T20:39:00Z,2026-08-17T20:40:00Z,449,CLKQ470I,5093,95,Female,White,United States,United States,United States,English,DATA_EXPIRED,"Not in paid work (e.g. homemaker', 'retired or disabled)"
cb7a254cc90e,6a836fa3fe4e9d61a9bd7402,APPROVED,Not Applicable,2026-08-17T20:31:37Z,2026-08-17T20:39:23Z,2026-08-17T20:39:28Z,2026-08-17T20:40:23Z,466,CLKQ470I,6008,47,Male,White,United States,United States,United States,English,No,Full-Time
72741e03fa38,6a836fac25856de0e5f231df,APPROVED,Not Applicable,2026-08-17T20:34:20Z,2026-08-17T20:44:52Z,2026-08-17T20:44:53Z,2026-08-17T20:45:53Z,633,CLKQ470I,667,48,Male,White,United States,United States,DATA_EXPIRED,English,No,Other
a604101e047f,6a836fca1d693263986c3215,RETURNED,Not Applicable,2026-08-17T20:32:16Z,NA,NA,2026-08-18T01:59:43Z,NA,NA,371,CONSENT_REVOKED,CONSENT_REVOKED,CONSENT_REVOKED,CONSENT_REVOKED,CONSENT_REVOKED,CONSENT_REVOKED,CONSENT_REVOKED,CONSENT_REVOKED,CONSENT_REVOKED
43851d5924af,6a836fdcedea30678c858dd2,APPROVED,Not Applicable,2026-08-17T20:35:13Z,2026-08-17T20:43:26Z,2026-08-17T20:43:28Z,2026-08-17T20:44:28Z,494,CLKQ470I,1434,51,Female,White,United States,United States,United States,English,No,Part-Time
0085eebfec41,6a836ff20e69b329708f0788,RETURNED,Not Applicable,2026-08-17T20:34:39Z,NA,NA,2026-08-18T01:59:43Z,NA,NA,10915,CONSENT_REVOKED,CONSENT_REVOKED,CONSENT_REVOKED,CONSENT_REVOKED,CONSENT_REVOKED,CONSENT_REVOKED,CONSENT_REVOKED,CONSENT_REVOKED,CONSENT_REVOKED
6a207078de06,6a836ff43ffd369063aa8491,APPROVED,Not Applicable,2026-08-17T20:33:12Z,2026-08-17T20:39:21Z,2026-08-17T20:39:27Z,2026-08-17T20:40:21Z,369,CLKQ470I,399,45,Female,White,United States,United States,United States,English,No,Part-Time
d46680acf913,6a836ff66a8b195e97cf602d,APPROVED,Not Applicable,2026-08-17T20:33:02Z,2026-08-17T20:39:01Z,2026-08-17T20:39:01Z,2026-08-17T20:40:01Z,359,CLKQ470I,7381,62,Female,White,United States,United States,United States,English,No,Full-Time
d0ec01196648,6a836ff78528abb316442692,APPROVED,Not Applicable,2026-08-17T20:33:01Z,2026-08-17T20:38:13Z,2026-08-17T20:38:14Z,2026-08-17T20:39:14Z,313,CLKQ470I,5402,37,Male,White,United States,United States,United States,English,No,Full-Time
1d41145e0c6b,6a8370148375919ad9c98597,APPROVED,Not Applicable,2026-08-17T20:33:40Z,2026-08-17T20:39:31Z,2026-08-17T20:39:33Z,2026-08-17T20:40:32Z,351,CLKQ470I,269,29,Male,White,United States,United States,United States,English,No,Unemployed (and job seeking)
5cce77ca59d1,6a8370249e7fc1f3c6be4e72,APPROVED,Not Applicable,2026-08-17T20:35:04Z,2026-08-17T20:41:05Z,2026-08-17T20:41:06Z,2026-08-17T20:42:06Z,362,CLKQ470I,7652,28,Male,Mixed,United States,United States,United States,Spanish,Yes,Full-Time
2abe58adba85,6a837026ee1fcd7ae303f44b,APPROVED,Not Applicable,2026-08-17T20:33:49Z,2026-08-17T20:41:33Z,2026-08-17T20:41:33Z,2026-08-17T20:42:33Z,464,CLKQ470I,8927,59,Male,White,United States,United States,United States,English,No,Full-Time
ae5c10dca8aa,6a83702b0b6f72eb8d5354ae,APPROVED,Not Applicable,2026-08-17T20:33:54Z,2026-08-17T20:43:54Z,2026-08-17T20:43:55Z,2026-08-17T20:44:55Z,601,CLKQ470I,686,21,Male,Mixed,United States,United States,DATA_EXPIRED,English,No,Unemployed (and job seeking)
d0151cf3e2b1,6a83702c066e557fc30c70b4,APPROVED,Not Applicable,2026-08-17T20:33:58Z,2026-08-17T20:41:03Z,2026-08-17T20:41:09Z,2026-08-17T20:42:03Z,425,CLKQ470I,2809,42,Male,Asian,China,United States,United States,Chinese,No,Unemployed (and job seeking)
8b10d74a6fcf,6a8370375169be7cb30abd78,APPROVED,Not Applicable,2026-08-17T20:34:04Z,2026-08-17T20:40:05Z,2026-08-17T20:40:06Z,2026-08-17T20:41:06Z,362,CLKQ470I,842,32,Female,White,United States,United States,United States,English,No,Full-Time
e97ccd604ef4,6a8370388de061aeefc2b743,APPROVED,Not Applicable,2026-08-17T20:34:00Z,2026-08-17T21:01:55Z,2026-08-17T21:01:57Z,2026-08-17T21:02:57Z,1676,CLKQ470I,10936,45,Male,Mixed,United States,United States,United States,English,Yes,Full-Time
1650cd7a338c,6a83704d175bbd85e487faf5,APPROVED,Not Applicable,2026-08-17T20:34:30Z,2026-08-17T20:43:34Z,2026-08-17T20:43:35Z,2026-08-17T20:44:35Z,545,CLKQ470I,5416,62,Female,Black,United States,United States,United States,English,No,"Not in paid work (e.g. homemaker', 'retired or disabled)"
cb048a773e15,6a83705d2b8e12cb139a997a,APPROVED,Not Applicable,2026-08-17T20:34:42Z,2026-08-17T20:43:55Z,2026-08-17T20:43:56Z,2026-08-17T20:44:56Z,554,CLKQ470I,3813,57,Male,Asian,Myanmar,United States,United States,Burmese,DATA_EXPIRED,DATA_EXPIRED
671951b3c1ee,6a837069d580f3591038be8c,APPROVED,Not Applicable,2026-08-17T20:34:56Z,2026-08-17T20:40:54Z,2026-08-17T20:40:55Z,2026-08-17T20:41:54Z,358,CLKQ470I,3272,66,Male,White,United States,United States,United States,English,No,Other
beadcdb0a8c8,6a83707fd490ee9b0e75846d,APPROVED,Not Applicable,2026-08-17T20:35:16Z,2026-08-17T21:08:09Z,2026-08-17T21:08:10Z,2026-08-17T21:09:10Z,1974,CLKQ470I,12565,45,Female,White,United States,United States,Norway,English,DATA_EXPIRED,DATA_EXPIRED
081ef4e97532,6a8370838e6909551d990746,APPROVED,Not Applicable,2026-08-17T20:35:24Z,2026-08-17T21:07:20Z,2026-08-17T21:07:20Z,2026-08-17T21:08:20Z,1916,CLKQ470I,312,42,Male,White,United States,United States,United States,English,No,Full-Time
b21243f38e09,6a837084a40d9a4bf4e76db8,APPROVED,Not Applicable,2026-08-17T20:35:20Z,2026-08-17T20:43:26Z,2026-08-17T20:43:27Z,2026-08-17T20:44:27Z,486,CLKQ470I,1503,35,Female,Black,United States,United States,United States,English,No,Full-Time
c5875db45c02,6a83708709bc85d3c65ca17f,APPROVED,Not Applicable,2026-08-17T20:35:24Z,2026-08-17T20:41:38Z,2026-08-17T20:41:44Z,2026-08-17T20:42:39Z,375,CLKQ470I,3856,45,Male,Asian,Singapore,United States,Singapore,English,No,Full-Time
1f13965e3118,6a83708d6d409fbd21c3d5c2,APPROVED,Not Applicable,2026-08-17T20:35:33Z,2026-08-17T20:43:32Z,2026-08-17T20:43:32Z,2026-08-17T20:44:32Z,479,CLKQ470I,1579,48,Female,White,United States,United States,United States,English,No,Full-Time
bd0d550a73ea,6a8370c7fb8a5c207fcf7dd2,APPROVED,Not Applicable,2026-08-17T20:36:28Z,2026-08-17T20:43:36Z,2026-08-17T20:43:37Z,2026-08-17T20:44:36Z,428,CLKQ470I,7081,62,Female,White,United States,United States,United States,English,No,Full-Time
465b10d85795,6a8370cc9f7f8034f005aa6b,APPROVED,Not Applicable,2026-08-17T20:36:33Z,2026-08-17T20:41:02Z,2026-08-17T20:41:03Z,2026-08-17T20:42:03Z,269,CLKQ470I,8957,35,Male,Mixed,United States,United States,United States,English,No,DATA_EXPIRED
4c05c51ab8e9,6a8370d19df5ab157e32dd87,APPROVED,Not Applicable,2026-08-17T20:36:42Z,2026-08-17T20:50:26Z,2026-08-17T20:50:32Z,2026-08-17T20:51:26Z,824,CLKQ470I,115,68,Male,White,United States,United States,United States,English,No,Other
1c0be3339586,6a8370d2e0e1a474c550e24c,APPROVED,Not Applicable,2026-08-17T20:36:38Z,2026-08-17T20:41:51Z,2026-08-17T20:41:52Z,2026-08-17T20:42:51Z,314,CLKQ470I,6949,61,Male,White,Korea,United States,United States,English,No,Full-Time
b6a74c3564f8,6a8370e049294765b8c037b8,APPROVED,Not Applicable,2026-08-17T20:36:53Z,2026-08-17T20:43:30Z,2026-08-17T20:43:31Z,2026-08-17T20:44:31Z,398,CLKQ470I,5776,35,Male,White,United States,United States,United States,English,DATA_EXPIRED,DATA_EXPIRED
c663871ff723,6a83713d9084f3c5ff65d3aa,APPROVED,Not Applicable,2026-08-17T20:38:28Z,2026-08-17T20:45:21Z,2026-08-17T20:45:22Z,2026-08-17T20:46:21Z,413,CLKQ470I,7891,61,Female,White,United States,United States,United States,English,No,Part-Time
f5f899042bd2,6a83713e61b9c23d8fbdbe89,APPROVED,Not Applicable,2026-08-17T20:38:27Z,2026-08-17T20:43:14Z,2026-08-17T20:43:15Z,2026-08-17T20:44:15Z,287,CLKQ470I,10631,70,Female,White,United States,United States,Armenia,English,No,"Not in paid work (e.g. homemaker', 'retired or disabled)"
c2d7e920bba0,6a8371648a9d76c01ed56052,APPROVED,Not Applicable,2026-08-17T20:39:15Z,2026-08-17T20:44:41Z,2026-08-17T20:44:41Z,2026-08-17T20:45:41Z,326,CLKQ470I,1727,36,Female,White,United States,United States,United States,English,No,Part-Time
809a09ec25bc,6a83716db52373bf216c3836,APPROVED,Not Applicable,2026-08-17T20:39:21Z,2026-08-17T20:45:05Z,2026-08-17T20:45:06Z,2026-08-17T20:46:05Z,344,CLKQ470I,15409,62,Female,White,United States,United States,United States,English,No,Full-Time
ffbfe5591240,6a83718e8b34b235b0882714,APPROVED,Not Applicable,2026-08-17T20:39:49Z,2026-08-17T20:47:04Z,2026-08-17T20:47:05Z,2026-08-17T20:48:05Z,435,CLKQ470I,3886,37,Female,White,United States,United States,United States,English,No,Other
3bca3835bd8e,6a83719de6152a087a1a60ab,APPROVED,Not Applicable,2026-08-17T20:40:12Z,2026-08-17T20:50:02Z,2026-08-17T20:50:03Z,2026-08-17T20:51:03Z,590,CLKQ470I,1239,38,Female,Black,United States,United States,United States,English,No,Other
44d26e86008d,6a8371a04788d7d8571c49c6,APPROVED,Not Applicable,2026-08-17T20:46:03Z,2026-08-17T20:57:36Z,2026-08-17T20:57:37Z,2026-08-17T20:58:37Z,693,CLKQ470I,387,70,Male,White,United States,United States,United States,English,No,Full-Time
f35c315a1188,6a8371b427164d1200ba2564,RETURNED,Not Applicable,2026-08-17T20:40:33Z,NA,NA,2026-08-18T01:59:43Z,NA,NA,504,CONSENT_REVOKED,CONSENT_REVOKED,CONSENT_REVOKED,CONSENT_REVOKED,CONSENT_REVOKED,CONSENT_REVOKED,CONSENT_REVOKED,CONSENT_REVOKED,CONSENT_REVOKED
8b9086841095,6a8371ba8e6909551d990757,APPROVED,Not Applicable,2026-08-17T20:40:31Z,2026-08-17T20:45:18Z,2026-08-17T20:45:19Z,2026-08-17T20:46:19Z,288,CLKQ470I,1870,47,Female,White,United States,United States,United States,English,No,Part-Time
270e4a7e9847,6a8371c86037aaea8b5b5a80,APPROVED,Not Applicable,2026-08-17T20:40:46Z,2026-08-17T20:48:20Z,2026-08-17T20:48:21Z,2026-08-17T20:49:21Z,454,CLKQ470I,1475,51,Male,Mixed,United States,United States,United States,English,No,Other
3bc74b33d15d,6a8371c9ed436bb326a528be,APPROVED,Not Applicable,2026-08-17T20:40:45Z,2026-08-17T20:46:02Z,2026-08-17T20:46:03Z,2026-08-17T20:47:03Z,317,CLKQ470I,3112,32,Female,White,United States,United States,United States,English,No,Full-Time
d3e18ff232c8,6a8371fc5fcd7871e14754ab,APPROVED,Not Applicable,2026-08-17T20:41:38Z,2026-08-17T20:51:22Z,2026-08-17T20:51:23Z,2026-08-17T20:52:22Z,585,CLKQ470I,1584,56,Male,White,United States,United States,United States,English,No,Full-Time
8035ffd98c08,6a8372029bf8822b5e621a17,APPROVED,Not Applicable,2026-08-17T20:41:43Z,2026-08-17T20:50:26Z,2026-08-17T20:50:27Z,2026-08-17T20:51:26Z,523,CLKQ470I,496,58,Male,White,United States,United States,United States,English,No,Unemployed (and job seeking)
a4f14f2374de,6a837225fa9e59de7b4879dc,RETURNED,Not Applicable,2026-08-17T20:42:18Z,NA,NA,2026-08-18T01:59:43Z,NA,NA,1119,CONSENT_REVOKED,CONSENT_REVOKED,CONSENT_REVOKED,CONSENT_REVOKED,CONSENT_REVOKED,CONSENT_REVOKED,CONSENT_REVOKED,CONSENT_REVOKED,CONSENT_REVOKED
7be1db0198da,6a8372410e7aa2f76e3bc04e,APPROVED,Not Applicable,2026-08-17T20:42:45Z,2026-08-17T20:53:27Z,2026-08-17T20:53:28Z,2026-08-17T20:54:28Z,642,CLKQ470I,11389,70,Female,White,United States,United States,United States,English,No,Full-Time
70621b1af71b,6a83724783afbacb9b6eb98a,APPROVED,Not Applicable,2026-08-17T20:43:44Z,2026-08-17T20:50:39Z,2026-08-17T20:50:40Z,2026-08-17T20:51:40Z,416,CLKQ470I,120,40,Male,Mixed,United States,United States,United States,English,No,Full-Time
9c131d8fbbc2,6a83725c0f929a09be71f319,APPROVED,Not Applicable,2026-08-17T20:43:15Z,2026-08-17T20:50:41Z,2026-08-17T20:50:42Z,2026-08-17T20:51:42Z,446,CLKQ470I,10368,57,Male,White,United States,United States,United States,English,No,Full-Time
d9568f721123,6a83725f33c932d9f8cd73e9,APPROVED,Not Applicable,2026-08-17T20:43:22Z,2026-08-17T20:50:49Z,2026-08-17T20:50:50Z,2026-08-17T20:51:50Z,447,CLKQ470I,9070,55,Male,Mixed,United States,United States,United States,English,DATA_EXPIRED,DATA_EXPIRED
5d30cc9ca03f,6a837295f8c5585f53e76d85,APPROVED,Not Applicable,2026-08-17T20:44:05Z,2026-08-17T20:51:50Z,2026-08-17T20:51:51Z,2026-08-17T20:52:51Z,465,CLKQ470I,3441,61,Female,White,United States,United States,United States,English,No,Unemployed (and job seeking)
d77b02c174b3,6a8372aebe70692146a5bc65,APPROVED,Not Applicable,2026-08-17T20:44:37Z,2026-08-17T20:49:59Z,2026-08-17T20:50:00Z,2026-08-17T20:51:00Z,322,CLKQ470I,2821,49,Female,Other,United States,United States,United States,Spanish,No,Full-Time
2d61f6d4a77c,6a8372bc01de13a2bb623ec0,APPROVED,Not Applicable,2026-08-17T20:44:48Z,2026-08-17T20:51:37Z,2026-08-17T20:51:38Z,2026-08-17T20:52:37Z,409,CLKQ470I,7882,48,Female,White,United States,United States,United States,English,No,Full-Time
9006d0dc38ff,6a8373292a306a1a7283a531,APPROVED,Not Applicable,2026-08-17T20:46:40Z,2026-08-17T20:53:13Z,2026-08-17T20:53:14Z,2026-08-17T20:54:13Z,394,CLKQ470I,1160,23,Male,White,United States,United States,United States,English,No,Full-Time
d309120f18cc,6a83732b61b9c23d8fbdbea6,APPROVED,Not Applicable,2026-08-17T20:46:40Z,2026-08-17T20:53:23Z,2026-08-17T20:53:24Z,2026-08-17T20:54:23Z,404,CLKQ470I,30,46,Male,Other,United States,United States,United States,English,No,Part-Time
26660738b22c,6a837330ba27028911b21af6,APPROVED,Not Applicable,2026-08-17T20:47:20Z,2026-08-17T20:55:02Z,2026-08-17T20:55:03Z,2026-08-17T20:56:03Z,463,CLKQ470I,10381,62,Male,White,United States,United States,United States,English,No,Part-Time
79883e5097d6,6a837359c5a298b2c0623e8c,APPROVED,Not Applicable,2026-08-17T20:48:11Z,2026-08-17T21:13:36Z,2026-08-17T21:13:37Z,2026-08-17T21:14:37Z,1526,CLKQ470I,864,42,Male,Black,United States,United States,United States,English,No,Part-Time
aea93410655b,6a83735e89f613cc54510a1d,APPROVED,Not Applicable,2026-08-17T20:47:29Z,2026-08-17T20:54:01Z,2026-08-17T20:54:02Z,2026-08-17T20:55:02Z,392,CLKQ470I,10607,31,Male,White,United States,United States,United States,English,No,Full-Time
250b255d84d1,6a83738228450d665c932bba,APPROVED,Not Applicable,2026-08-17T20:48:08Z,2026-08-17T20:53:36Z,2026-08-17T20:53:37Z,2026-08-17T20:54:37Z,329,CLKQ470I,463,21,Male,Asian,United States,United States,United States,English,Yes,Unemployed (and job seeking)
27c7711fbeba,6a8373b445c05bb7f9691fc4,APPROVED,Not Applicable,2026-08-17T20:48:55Z,2026-08-17T20:56:39Z,2026-08-17T20:56:40Z,2026-08-17T20:57:40Z,464,CLKQ470I,868,21,Female,Mixed,United States,United States,United States,English,No,Unemployed (and job seeking)
ecfa8b93173c,6a8373d106db97ea8befacff,APPROVED,Not Applicable,2026-08-17T20:49:27Z,2026-08-17T21:30:49Z,2026-08-17T21:30:50Z,2026-08-17T21:31:50Z,2483,CLKQ470I,3701,60,Female,Black,United States,United States,United States,English,No,Part-Time
96a897b7e2d0,6a8373d43a925d4ee8ddc40f,APPROVED,Not Applicable,2026-08-17T20:49:28Z,2026-08-17T20:55:28Z,2026-08-17T20:55:29Z,2026-08-17T20:56:29Z,361,CLKQ470I,5364,55,Male,White,United Kingdom,United States,United States,English,No,"Not in paid work (e.g. homemaker', 'retired or disabled)"
c44d60121bb5,6a8373e99a7c3da009a7d16b,APPROVED,Not Applicable,2026-08-17T20:49:49Z,2026-08-17T20:56:47Z,2026-08-17T20:56:48Z,2026-08-17T20:57:48Z,419,CLKQ470I,4571,43,Male,White,United States,United States,United States,English,No,"Not in paid work (e.g. homemaker', 'retired or disabled)"
cfcd094305b9,6a8373efc45a8f591bca58f0,APPROVED,Not Applicable,2026-08-17T20:49:56Z,2026-08-17T20:57:41Z,2026-08-17T20:57:42Z,2026-08-17T20:58:42Z,466,CLKQ470I,4982,43,Female,Other,United States,United States,United States,English,No,Part-Time
fe1fd40ef919,6a8373f258821a09c8758453,APPROVED,Not Applicable,2026-08-17T20:50:00Z,2026-08-17T20:58:37Z,2026-08-17T20:58:38Z,2026-08-17T20:59:38Z,518,CLKQ470I,952,49,Female,White,United States,United States,United States,English,No,Other
84586e70c09e,6a8373fafc79b79957387131,RETURNED,Not Applicable,2026-08-17T20:50:13Z,NA,NA,2026-08-18T01:59:43Z,NA,NA,2832,CONSENT_REVOKED,CONSENT_REVOKED,CONSENT_REVOKED,CONSENT_REVOKED,CONSENT_REVOKED,CONSENT_REVOKED,CONSENT_REVOKED,CONSENT_REVOKED,CONSENT_REVOKED
beed5fd759e0,6a83740099016cae9eb8b8d0,APPROVED,Not Applicable,2026-08-17T20:50:13Z,2026-08-17T20:54:49Z,2026-08-17T20:54:50Z,2026-08-17T20:55:50Z,276,CLKQ470I,321,30,Male,White,United States,United States,United States,English,No,Full-Time
bda54997858c,6a8374091f27592894458670,APPROVED,Not Applicable,2026-08-17T20:50:20Z,2026-08-17T20:55:12Z,2026-08-17T20:55:13Z,2026-08-17T20:56:13Z,292,CLKQ470I,1193,47,Female,Asian,Singapore,United States,Singapore,English,No,Unemployed (and job seeking)
7d6d554b19c4,6a83742ef5b57b13117a8540,APPROVED,Not Applicable,2026-08-17T20:57:27Z,2026-08-17T21:10:30Z,2026-08-17T21:10:31Z,2026-08-17T21:11:30Z,784,CLKQ470I,993,23,Female,Black,Nigeria,United States,United States,English,No,Part-Time
8a1e48ec7650,6a83743a891ac8a0039de470,APPROVED,Not Applicable,2026-08-17T20:51:10Z,2026-08-17T21:00:21Z,2026-08-17T21:00:22Z,2026-08-17T21:01:21Z,551,CLKQ470I,1165,64,Male,White,United States,United States,United States,English,No,Part-Time
386dc11a1672,6a8374428c49c54f72de9201,RETURNED,Not Applicable,2026-08-17T20:57:18Z,NA,NA,2026-08-18T01:59:43Z,NA,NA,1566,CONSENT_REVOKED,CONSENT_REVOKED,CONSENT_REVOKED,CONSENT_REVOKED,CONSENT_REVOKED,CONSENT_REVOKED,CONSENT_REVOKED,CONSENT_REVOKED,CONSENT_REVOKED
e0417d51cc85,6a83744b19a349b0f0770f0d,APPROVED,Not Applicable,2026-08-17T20:53:13Z,2026-08-17T21:03:08Z,2026-08-17T21:03:09Z,2026-08-17T21:04:09Z,595,CLKQ470I,352,27,Female,Other,United States,United States,United States,English,No,Unemployed (and job seeking)
75f5e870d2c7,6a83748b7b2df166d540695a,APPROVED,Not Applicable,2026-08-17T20:52:35Z,2026-08-17T20:59:27Z,2026-08-17T20:59:28Z,2026-08-17T21:00:28Z,412,CLKQ470I,619,71,Male,White,United States,United States,United States,English,No,Other
28967991e5eb,6a83748cc971f5ca9e4971d7,APPROVED,Not Applicable,2026-08-17T20:52:35Z,2026-08-17T21:21:21Z,2026-08-17T21:21:21Z,2026-08-17T21:22:21Z,1726,CLKQ470I,267,56,Female,Mixed,Jamaica,United States,Jamaica,English,Yes,Unemployed (and job seeking)
77946581620f,6a8374a7f7800c92de660ebc,APPROVED,Not Applicable,2026-08-17T20:53:16Z,2026-08-17T20:59:57Z,2026-08-17T20:59:58Z,2026-08-17T21:00:58Z,402,CLKQ470I,7086,69,Female,White,United States,United States,United States,English,No,Full-Time
c893a1f077a5,6a8374b978e7896ed2d75a4f,APPROVED,Not Applicable,2026-08-17T20:53:20Z,2026-08-17T21:03:37Z,2026-08-17T21:03:38Z,2026-08-17T21:04:38Z,618,CLKQ470I,229,67,Female,Asian,China,United States,United States,Chinese,No,"Not in paid work (e.g. homemaker', 'retired or disabled)"
3ba889aeac38,6a8374cc432f209f8ac2fe7e,APPROVED,Not Applicable,2026-08-17T20:53:41Z,2026-08-17T21:05:39Z,2026-08-17T21:05:40Z,2026-08-17T21:06:40Z,719,CLKQ470I,71,50,Male,White,United States,United States,United States,English,No,Part-Time
928d50a0a059,6a83750ac9f55a2a001c49c1,APPROVED,Not Applicable,2026-08-17T20:54:46Z,2026-08-17T21:04:26Z,2026-08-17T21:04:27Z,2026-08-17T21:05:27Z,581,CLKQ470I,616,67,Female,White,United States,United States,United States,English,No,Unemployed (and job seeking)
7bd245dde017,6a83755b7d5f02abe68f4e71,APPROVED,Not Applicable,2026-08-17T20:56:18Z,2026-08-17T21:25:57Z,2026-08-17T21:26:00Z,2026-08-17T21:26:57Z,1779,CLKQ470I,1394,33,Female,Black,United States,United States,United States,English,No,Full-Time
2d591141b5c5,6a8375686bc81849f665d278,APPROVED,Not Applicable,2026-08-17T20:56:27Z,2026-08-17T21:02:28Z,2026-08-17T21:02:29Z,2026-08-17T21:03:29Z,362,CLKQ470I,137,21,Male,White,United States,United States,United States,English,Yes,Part-Time
7c4d4dfac631,6a837569bf629bb9f0ec54ab,APPROVED,Not Applicable,2026-08-17T20:56:19Z,2026-08-17T21:02:27Z,2026-08-17T21:02:28Z,2026-08-17T21:03:28Z,369,CLKQ470I,2258,65,Male,White,United States,United States,United States,English,No,Part-Time
0a79642f724b,6a8375ad45af63678ced9c5e,APPROVED,Not Applicable,2026-08-17T20:58:36Z,2026-08-17T21:08:01Z,2026-08-17T21:08:02Z,2026-08-17T21:09:02Z,565,CLKQ470I,1630,29,Male,Black,Nigeria,United States,Nigeria,English,No,Full-Time
a19f1a6616eb,6a8375ba4dc9ea0c75ded3e6,APPROVED,Not Applicable,2026-08-17T21:00:02Z,2026-08-17T21:07:46Z,2026-08-17T21:07:47Z,2026-08-17T21:08:47Z,464,CLKQ470I,5543,62,Female,Black,United States,United States,United States,English,No,"Not in paid work (e.g. homemaker', 'retired or disabled)"
d4cec4322661,6a8375fee0825e337c7e9fee,APPROVED,Not Applicable,2026-08-17T20:58:44Z,2026-08-17T21:07:50Z,2026-08-17T21:07:51Z,2026-08-17T21:08:51Z,546,CLKQ470I,727,58,Male,White,United States,United States,United States,English,No,"Not in paid work (e.g. homemaker', 'retired or disabled)"
148398f7e575,6a837654c26643d8feb8bcfb,APPROVED,Not Applicable,2026-08-17T21:00:11Z,2026-08-17T21:13:24Z,2026-08-17T21:13:25Z,2026-08-17T21:14:25Z,793,CLKQ470I,1638,23,Female,Black,United States,United States,United States,English,No,Full-Time
63543775b120,6a83765c93584e52a8202448,APPROVED,Not Applicable,2026-08-17T21:00:16Z,2026-08-17T21:06:14Z,2026-08-17T21:06:16Z,2026-08-17T21:07:16Z,359,CLKQ470I,553,60,Female,Mixed,Dominican Republic,United States,Dominican Republic,Spanish,No,Part-Time
7e7757a6d889,6a8376601dbceb81c6b19b8e,APPROVED,Not Applicable,2026-08-17T21:00:20Z,2026-08-17T21:05:27Z,2026-08-17T21:05:28Z,2026-08-17T21:06:27Z,307,CLKQ470I,3345,57,Female,White,United States,United States,United States,English,DATA_EXPIRED,DATA_EXPIRED
847cfe5e1bea,6a8376826c6bea4bd6ba252e,APPROVED,Not Applicable,2026-08-17T21:01:00Z,2026-08-17T21:08:12Z,2026-08-17T21:08:13Z,2026-08-17T21:09:13Z,432,CLKQ470I,2027,21,Male,Asian,United States,United States,United States,English,No,Unemployed (and job seeking)
6e889c84340f,6a83769026f06960d78e7db1,APPROVED,Not Applicable,2026-08-17T21:01:14Z,2026-08-17T21:13:31Z,2026-08-17T21:13:32Z,2026-08-17T21:14:31Z,737,CLKQ470I,622,61,Male,White,United States,United States,United States,English,No,Part-Time
e81e4380635a,6a8376ac589e34a213fe54fc,APPROVED,Not Applicable,2026-08-17T21:01:38Z,2026-08-17T21:07:37Z,2026-08-17T21:07:39Z,2026-08-17T21:08:38Z,360,CLKQ470I,5536,55,Male,White,United States,United States,United States,English,No,Other
4bd171340a0f,6a8376d8eee18d2398509c5d,APPROVED,Not Applicable,2026-08-17T21:02:32Z,2026-08-17T21:13:35Z,2026-08-17T21:13:36Z,2026-08-17T21:14:35Z,663,CLKQ470I,5285,71,Female,White,United States,United States,United States,English,No,Full-Time
72ef323ad594,6a83770a0b6f72eb8d5354e1,APPROVED,Not Applicable,2026-08-17T21:06:07Z,2026-08-17T21:11:48Z,2026-08-17T21:11:50Z,2026-08-17T21:12:50Z,342,CLKQ470I,1528,48,Male,White,United States,United States,United States,English,No,Full-Time
af56699ec3ad,6a83774d9185c7eeb8cab786,APPROVED,Not Applicable,2026-08-17T21:04:17Z,2026-08-17T21:10:18Z,2026-08-17T21:10:19Z,2026-08-17T21:11:19Z,362,CLKQ470I,1331,53,Female,White,Puerto Rico,United States,United States,Spanish,No,DATA_EXPIRED
b54566deb02d,6a8377ab3fec69ccd9bcd81a,APPROVED,Not Applicable,2026-08-17T21:05:51Z,2026-08-17T21:10:09Z,2026-08-17T21:10:10Z,2026-08-17T21:11:10Z,259,CLKQ470I,15003,48,Male,White,United States,United States,United States,English,No,Full-Time
bbe5d9c88d9a,6a8377adb04e279469c094c2,APPROVED,Not Applicable,2026-08-17T21:05:55Z,2026-08-17T21:12:39Z,2026-08-17T21:12:40Z,2026-08-17T21:13:40Z,404,CLKQ470I,1613,65,Male,White,Mexico,United States,United States,English,No,"Not in paid work (e.g. homemaker', 'retired or disabled)"
5b681ff64789,6a8377c486080839ffa7d13b,APPROVED,Not Applicable,2026-08-17T21:06:47Z,2026-08-17T21:13:47Z,2026-08-17T21:13:49Z,2026-08-17T21:14:48Z,421,CLKQ470I,1072,49,Female,Black,United States,United States,United States,English,No,Full-Time
32b71fee7acf,6a8377d95cf0156ea2ba382e,APPROVED,Not Applicable,2026-08-17T21:06:37Z,2026-08-17T21:12:01Z,2026-08-17T21:12:02Z,2026-08-17T21:13:02Z,325,CLKQ470I,10804,52,Female,White,Canada,United States,United States,English,No,Full-Time
15b672080966,6a8377f752b45bed3978861b,APPROVED,Not Applicable,2026-08-17T21:07:11Z,2026-08-17T21:15:50Z,2026-08-17T21:15:51Z,2026-08-17T21:16:51Z,520,CLKQ470I,502,40,Male,Mixed,United States,United States,United States,English,No,Full-Time
c978b6f0745a,6a8378127844a0adab8e7d7b,APPROVED,Not Applicable,2026-08-17T21:07:35Z,2026-08-17T21:14:35Z,2026-08-17T21:14:36Z,2026-08-17T21:15:35Z,420,CLKQ470I,9520,65,Female,White,Germany,United States,United States,German,No,DATA_EXPIRED
f66b5bf70883,6a83781f991639231f323992,APPROVED,Not Applicable,2026-08-17T21:07:51Z,2026-08-17T21:22:22Z,2026-08-17T21:22:23Z,2026-08-17T21:23:23Z,872,CLKQ470I,24,29,Male,White,United States,United States,DATA_EXPIRED,English,Yes,Part-Time
cbd3a3cc2bca,6a83782fb4e30fd479d0a9d7,APPROVED,Not Applicable,2026-08-17T21:08:26Z,2026-08-17T21:15:58Z,2026-08-17T21:15:59Z,2026-08-17T21:16:59Z,453,CLKQ470I,4561,30,Male,White,United States,United States,United States,English,No,Full-Time
b2f5e864b618,6a83783fda5cb545b548798c,APPROVED,Not Applicable,2026-08-17T21:12:03Z,2026-08-17T21:26:36Z,2026-08-17T21:26:37Z,2026-08-17T21:27:36Z,873,CLKQ470I,1596,39,Male,Black,United States,United States,United States,English,No,Unemployed (and job seeking)
711849591dc9,6a837855d96917e4d9f6fd26,APPROVED,Not Applicable,2026-08-17T21:08:41Z,2026-08-17T21:17:58Z,2026-08-17T21:18:04Z,2026-08-17T21:18:59Z,558,CLKQ470I,228,31,Female,Black,United States,United States,United States,English,No,Full-Time
655651802841,6a83785b80727cb642c543bb,APPROVED,Not Applicable,2026-08-17T21:08:46Z,2026-08-17T21:16:09Z,2026-08-17T21:16:10Z,2026-08-17T21:17:10Z,444,CLKQ470I,1083,37,Male,White,United States,United States,United States,English,No,Part-Time
cda2aaa3c362,6a83785c8266147f33a7c9ae,APPROVED,Not Applicable,2026-08-17T21:08:48Z,2026-08-17T21:15:14Z,2026-08-17T21:15:15Z,2026-08-17T21:16:15Z,387,CLKQ470I,3089,46,Male,Asian,United States,United States,United States,English,No,Unemployed (and job seeking)
d6da4c97ab32,6a8378a048ea1da91a959822,APPROVED,Not Applicable,2026-08-17T21:09:55Z,2026-08-17T21:17:14Z,2026-08-17T21:17:15Z,2026-08-17T21:18:15Z,439,CLKQ470I,1966,69,Female,White,United States,United States,United States,English,DATA_EXPIRED,DATA_EXPIRED
d6f012c33fc0,6a8378a76fb534e1fa4214d4,APPROVED,Not Applicable,2026-08-17T21:10:03Z,2026-08-17T21:15:58Z,2026-08-17T21:15:59Z,2026-08-17T21:16:59Z,356,CLKQ470I,2691,51,Male,Asian,Vietnam,United States,United States,Vietnamese,No,Full-Time
c84299035c2e,6a8378c980727cb642c543be,APPROVED,Not Applicable,2026-08-17T21:10:38Z,2026-08-17T21:19:06Z,2026-08-17T21:19:07Z,2026-08-17T21:20:07Z,509,CLKQ470I,3411,73,Male,White,United States,United States,United States,English,No,"Not in paid work (e.g. homemaker', 'retired or disabled)"
b4aa553be99d,6a8378de7e238a392a74f3bd,APPROVED,Not Applicable,2026-08-17T21:10:59Z,2026-08-17T21:20:23Z,2026-08-17T21:20:24Z,2026-08-17T21:21:24Z,565,CLKQ470I,440,66,Female,White,United States,United States,United States,English,No,"Not in paid work (e.g. homemaker', 'retired or disabled)"
5d217ade5f80,6a8378df26c851f76f76aba3,APPROVED,Not Applicable,2026-08-17T21:11:00Z,2026-08-17T21:16:13Z,2026-08-17T21:16:15Z,2026-08-17T21:17:14Z,314,CLKQ470I,126,66,Female,White,United States,United States,Ireland,English,No,Full-Time
9486a1c22ff0,6a8378eef091321f2460f92f,APPROVED,Not Applicable,2026-08-17T21:13:17Z,2026-08-17T21:28:26Z,2026-08-17T21:28:27Z,2026-08-17T21:29:26Z,909,CLKQ470I,1099,36,Male,Black,United States,United States,United States,English,No,Full-Time
23901a12d6da,6a8378f3f16d3af42985c1fa,APPROVED,Not Applicable,2026-08-17T21:11:15Z,2026-08-17T21:17:58Z,2026-08-17T21:17:59Z,2026-08-17T21:18:59Z,404,CLKQ470I,4096,68,Male,White,United States,United States,United States,English,No,Part-Time
efa7a23eebd4,6a8378f475c4f5517440693c,RETURNED,Not Applicable,2026-08-17T21:11:26Z,NA,NA,2026-08-18T01:59:43Z,NA,NA,105,CONSENT_REVOKED,CONSENT_REVOKED,CONSENT_REVOKED,CONSENT_REVOKED,CONSENT_REVOKED,CONSENT_REVOKED,CONSENT_REVOKED,CONSENT_REVOKED,CONSENT_REVOKED
3d0ffe0c9f78,6a8378f5a2bf03e053a8a556,APPROVED,Not Applicable,2026-08-17T21:11:31Z,2026-08-17T21:20:40Z,2026-08-17T21:20:41Z,2026-08-17T21:21:41Z,550,CLKQ470I,7104,52,Female,Black,United States,United States,United States,English,No,Full-Time
0a15cf87b023,6a8378ff0cde11e354929a09,APPROVED,Not Applicable,2026-08-17T21:20:07Z,2026-08-17T21:25:57Z,2026-08-17T21:26:03Z,2026-08-17T21:26:58Z,351,CLKQ470I,1770,25,Male,White,United States,United States,United States,English,No,Part-Time
99a085944ebc,6a83790aaf65d18e7060f909,APPROVED,Not Applicable,2026-08-17T21:11:42Z,2026-08-17T21:16:40Z,2026-08-17T21:16:41Z,2026-08-17T21:17:41Z,299,CLKQ470I,2272,40,Female,White,United States,United States,United States,English,No,Full-Time
ea3f466f7a0a,6a8379207d672e51a4ddc3fa,APPROVED,Not Applicable,2026-08-17T21:12:08Z,2026-08-17T21:25:06Z,2026-08-17T21:25:07Z,2026-08-17T21:26:06Z,779,CLKQ470I,553,62,Male,White,United States,United States,United States,English,No,Part-Time
092843e1bd4a,6a83792b7c616b9682850aee,APPROVED,Not Applicable,2026-08-17T21:12:17Z,2026-08-17T21:21:59Z,2026-08-17T21:22:01Z,2026-08-17T21:23:00Z,583,CLKQ470I,2373,59,Female,White,United States,United States,United States,English,No,Part-Time
b3f5e54904d4,6a837934431bdc4f3a2bdfff,APPROVED,Not Applicable,2026-08-17T21:12:24Z,2026-08-17T21:16:44Z,2026-08-17T21:16:45Z,2026-08-17T21:17:45Z,260,CLKQ470I,34,21,Female,White,Poland,United States,United States,Polish,Yes,Unemployed (and job seeking)
054097ad7573,6a837959f4babd1674ca1951,APPROVED,Not Applicable,2026-08-17T21:13:03Z,2026-08-17T21:19:26Z,2026-08-17T21:19:27Z,2026-08-17T21:20:27Z,384,CLKQ470I,847,36,Female,White,United States,United States,United States,English,No,Unemployed (and job seeking)
1845ed3aab17,6a83795bc047f5c351d56061,APPROVED,Not Applicable,2026-08-17T21:13:05Z,2026-08-17T21:20:21Z,2026-08-17T21:20:22Z,2026-08-17T21:21:22Z,437,CLKQ470I,8530,48,Male,Black,United States,United States,United States,English,No,Full-Time
6e0d1bf61121,6a837968df83d37c881da884,APPROVED,Not Applicable,2026-08-17T21:14:14Z,2026-08-17T21:20:32Z,2026-08-17T21:20:33Z,2026-08-17T21:21:33Z,379,CLKQ470I,4528,36,Female,White,United States,United States,United States,English,Yes,Unemployed (and job seeking)
c6e35c991a5e,6a8379942c84387e43475493,APPROVED,Not Applicable,2026-08-17T21:14:02Z,2026-08-17T21:19:55Z,2026-08-17T21:19:56Z,2026-08-17T21:20:56Z,354,CLKQ470I,746,21,Female,White,United States,United States,United States,English,Yes,Unemployed (and job seeking)
2452e506cc1e,6a8379a8184e4760c4553a6b,APPROVED,Not Applicable,2026-08-17T21:14:31Z,2026-08-17T21:21:04Z,2026-08-17T21:21:05Z,2026-08-17T21:22:05Z,394,CLKQ470I,2628,67,Female,White,United States,United States,United States,English,No,"Not in paid work (e.g. homemaker', 'retired or disabled)"
9f937f87c65f,6a8379b1d9045581cf825e89,APPROVED,Not Applicable,2026-08-17T21:14:35Z,2026-08-17T21:22:26Z,2026-08-17T21:22:26Z,2026-08-17T21:23:26Z,471,CLKQ470I,4076,51,Female,White,United States,United States,United States,English,No,Other
3068bf11fa52,6a8379b379cf636a29ab4e6f,APPROVED,Not Applicable,2026-08-17T21:15:07Z,2026-08-17T21:22:54Z,2026-08-17T21:22:55Z,2026-08-17T21:23:55Z,467,CLKQ470I,2595,45,Male,Other,United States,United States,United States,English,DATA_EXPIRED,DATA_EXPIRED
6ff67d67254e,6a8379b9fb11a055ca11653d,APPROVED,Not Applicable,2026-08-17T21:14:37Z,2026-08-17T21:21:00Z,2026-08-17T21:21:01Z,2026-08-17T21:22:01Z,383,CLKQ470I,2488,58,Female,White,United States,United States,United States,English,No,Unemployed (and job seeking)
03435af9c0a5,6a8379bbb7c08f80624754bc,APPROVED,Not Applicable,2026-08-17T21:14:41Z,2026-08-17T21:23:39Z,2026-08-17T21:23:40Z,2026-08-17T21:24:40Z,538,CLKQ470I,4347,58,Female,White,United States,United States,United States,English,No,Other
86e59b3ba58f,6a837a895ae933687df1c39e,APPROVED,Not Applicable,2026-08-17T21:18:26Z,2026-08-17T21:26:18Z,2026-08-17T21:26:19Z,2026-08-17T21:27:19Z,473,CLKQ470I,2622,69,Female,Black,United States,United States,United States,English,No,"Not in paid work (e.g. homemaker', 'retired or disabled)"
e0eda59022dc,6a837a9ae2e43856c2b8bcdd,APPROVED,Not Applicable,2026-08-17T21:18:23Z,2026-08-17T21:40:46Z,2026-08-17T21:40:47Z,2026-08-17T21:41:47Z,1343,CLKQ470I,8073,60,Male,White,United States,United States,United States,English,No,Part-Time
6307ac24d86c,6a837aab2db548d3051bfdd0,APPROVED,Not Applicable,2026-08-17T21:18:39Z,2026-08-17T21:26:00Z,2026-08-17T21:26:01Z,2026-08-17T21:27:01Z,442,CLKQ470I,5738,72,Female,White,United States,United States,United States,English,No,"Not in paid work (e.g. homemaker', 'retired or disabled)"
9f4e0807b16f,6a837aba56b922e11235899a,APPROVED,Not Applicable,2026-08-17T21:19:03Z,2026-08-17T21:30:26Z,2026-08-17T21:30:27Z,2026-08-17T21:31:26Z,684,CLKQ470I,3488,50,Female,Mixed,United States,United States,United States,English,No,Full-Time
3dd1756d98b1,6a837b19be3a59b8509cc1b7,APPROVED,Not Applicable,2026-08-17T21:20:29Z,2026-08-17T21:25:42Z,2026-08-17T21:25:43Z,2026-08-17T21:26:42Z,313,CLKQ470I,497,30,Male,White,United States,United States,United States,English,No,Part-Time
efae0e8d909c,6a837b22e083b842daf7cff9,APPROVED,Not Applicable,2026-08-17T21:20:44Z,2026-08-17T21:27:52Z,2026-08-17T21:27:53Z,2026-08-17T21:28:53Z,429,CLKQ470I,1999,64,Female,White,United States,United States,United States,English,No,DATA_EXPIRED
cce28a9ca1a2,6a837b2cde034b9c37ed9c4e,APPROVED,Not Applicable,2026-08-17T21:20:50Z,2026-08-17T21:28:54Z,2026-08-17T21:28:55Z,2026-08-17T21:29:54Z,484,CLKQ470I,3690,67,Female,White,United States,United States,United States,English,No,Full-Time
e2134d194154,6a837b59c7da1a31ed5cb921,APPROVED,Not Applicable,2026-08-17T21:21:36Z,2026-08-17T21:30:33Z,2026-08-17T21:30:35Z,2026-08-17T21:31:35Z,538,CLKQ470I,1908,69,Male,White,United States,United States,United States,English,No,Part-Time
e05ee45c2d5e,6a837b5b1c2c72c82a0778fd,APPROVED,Not Applicable,2026-08-17T21:21:35Z,2026-08-17T21:30:06Z,2026-08-17T21:30:07Z,2026-08-17T21:31:07Z,511,CLKQ470I,1967,59,Female,White,United States,United States,United States,English,No,Full-Time
ba2f3912f334,6a837b64e931f69723b0c2de,APPROVED,Not Applicable,2026-08-17T21:22:28Z,2026-08-17T21:27:19Z,2026-08-17T21:27:20Z,2026-08-17T21:28:20Z,292,CLKQ470I,1601,52,Female,White,United States,United States,United States,English,No,Full-Time
82137c8d80bc,6a837bc37d672e51a4ddc409,APPROVED,Not Applicable,2026-08-17T21:23:20Z,2026-08-17T21:30:30Z,2026-08-17T21:30:31Z,2026-08-17T21:31:31Z,430,CLKQ470I,1196,56,Female,White,United States,United States,United States,English,DATA_EXPIRED,DATA_EXPIRED
0c0c7fa20e58,6a837bd0a4d0169e8238710c,APPROVED,Not Applicable,2026-08-17T21:23:36Z,2026-08-17T21:31:33Z,2026-08-17T21:31:34Z,2026-08-17T21:32:34Z,478,CLKQ470I,1380,42,Female,Black,United States,United States,United States,English,No,Full-Time
7243b58084d0,6a837bebba99fdd6271bfdb4,APPROVED,Not Applicable,2026-08-17T21:24:10Z,2026-08-17T21:33:00Z,2026-08-17T21:33:01Z,2026-08-17T21:34:00Z,530,CLKQ470I,1965,22,Female,Black,United States,United States,United States,English,Yes,Unemployed (and job seeking)
d4aaca372f98,6a837cd2304926b95174f18f,APPROVED,Not Applicable,2026-08-17T21:27:52Z,2026-08-17T21:34:59Z,2026-08-17T21:34:59Z,2026-08-17T21:35:59Z,427,CLKQ470I,29,57,Female,White,United States,United States,United States,English,No,Part-Time
0dfd585d2f97,6a837ceb6a309fe239b19b5c,APPROVED,Not Applicable,2026-08-17T21:28:18Z,2026-08-17T21:34:22Z,2026-08-17T21:34:23Z,2026-08-17T21:35:22Z,364,CLKQ470I,9740,49,Male,White,United States,United States,United States,English,DATA_EXPIRED,DATA_EXPIRED
26a5fe5d8c6f,6a837d1aca1ee99f02858df9,APPROVED,Not Applicable,2026-08-17T21:29:05Z,2026-08-17T21:42:03Z,2026-08-17T21:42:04Z,2026-08-17T21:43:04Z,778,CLKQ470I,671,65,Female,Asian,Sri Lanka,United States,Sri Lanka,Tamil,No,Part-Time
0af97c61ee30,6a837d24faf54c0a35ded405,APPROVED,Not Applicable,2026-08-17T21:29:13Z,2026-08-17T21:34:48Z,2026-08-17T21:34:49Z,2026-08-17T21:35:49Z,336,CLKQ470I,3831,51,Male,Mixed,United States,United States,United States,English,No,Other
76ca3ce93546,6a837d7efd0fbb0c9a37f677,APPROVED,Not Applicable,2026-08-17T21:30:45Z,2026-08-17T21:42:23Z,2026-08-17T21:42:24Z,2026-08-17T21:43:24Z,699,CLKQ470I,6717,27,Female,White,United States,United States,United States,English,No,Full-Time
4a8b06dae2e8,6a837d9e0ffc6ebda35cb93a,APPROVED,Not Applicable,2026-08-17T21:31:13Z,2026-08-17T21:39:16Z,2026-08-17T21:39:17Z,2026-08-17T21:40:17Z,483,CLKQ470I,3390,35,Female,White,United States,United States,United States,English,No,Unemployed (and job seeking)
9ffef6eb74f2,6a837db2224bbf1f52b6a159,APPROVED,Not Applicable,2026-08-17T21:31:44Z,2026-08-17T21:41:04Z,2026-08-17T21:41:05Z,2026-08-17T21:42:04Z,561,CLKQ470I,1634,62,Female,Asian,Thailand,United States,Thailand,Thai,No,"Not in paid work (e.g. homemaker', 'retired or disabled)"
30f52baf59cf,6a837dd86fce6cfb5870b701,APPROVED,Not Applicable,2026-08-17T21:32:12Z,2026-08-17T21:39:13Z,2026-08-17T21:39:14Z,2026-08-17T21:40:14Z,421,CLKQ470I,11199,58,Male,Asian,United States,United States,United States,English,No,Full-Time
3eaa8f306298,6a837ddd689d9f6175ba3867,APPROVED,Not Applicable,2026-08-17T21:32:18Z,2026-08-17T21:37:41Z,2026-08-17T21:37:42Z,2026-08-17T21:38:41Z,323,CLKQ470I,96,21,Female,White,United States,United States,United States,English,Yes,Other
bb1c12b6e7fe,6a837dfbb90a347e23cac0d7,APPROVED,Not Applicable,2026-08-17T21:32:46Z,2026-08-17T21:38:14Z,2026-08-17T21:38:15Z,2026-08-17T21:39:15Z,329,CLKQ470I,1064,29,Female,White,United States,United States,United States,English,No,"Not in paid work (e.g. homemaker', 'retired or disabled)"
bc7c682c8e84,6a837e084e807453f90313c5,APPROVED,Not Applicable,2026-08-17T21:33:01Z,2026-08-17T21:43:39Z,2026-08-17T21:43:40Z,2026-08-17T21:44:40Z,638,CLKQ470I,1405,25,Female,White,United States,United States,United States,English,No,Full-Time
12afc43d1ac4,6a837e4b172c3a0112d0a9af,APPROVED,Not Applicable,2026-08-17T21:34:07Z,2026-08-17T21:40:50Z,2026-08-17T21:40:51Z,2026-08-17T21:41:51Z,403,CLKQ470I,6782,74,Female,White,United States,United States,United States,English,No,DATA_EXPIRED
849059d23e9e,6a837e9de61aced6ab874469,APPROVED,Not Applicable,2026-08-17T21:35:45Z,2026-08-17T21:45:35Z,2026-08-17T21:45:36Z,2026-08-17T21:46:36Z,591,CLKQ470I,1062,43,Female,Black,United States,United States,United States,English,No,Due to start a new job within the next month
2d1fe21700c0,6a837f1878ac3f3856062706,APPROVED,Not Applicable,2026-08-17T21:37:40Z,2026-08-17T21:43:30Z,2026-08-17T21:43:31Z,2026-08-17T21:44:31Z,351,CLKQ470I,3899,71,Male,White,Brazil,United States,United States,Portuguese,No,"Not in paid work (e.g. homemaker', 'retired or disabled)"
6b203a5db8ad,6a837f19240e449aeeaa4b11,RETURNED,Not Applicable,2026-08-17T21:38:13Z,NA,NA,2026-08-18T01:59:43Z,NA,NA,268,CONSENT_REVOKED,CONSENT_REVOKED,CONSENT_REVOKED,CONSENT_REVOKED,CONSENT_REVOKED,CONSENT_REVOKED,CONSENT_REVOKED,CONSENT_REVOKED,CONSENT_REVOKED
db077a543147,6a837f41cd71367a58c57526,APPROVED,Not Applicable,2026-08-17T21:38:16Z,2026-08-17T21:43:43Z,2026-08-17T21:43:44Z,2026-08-17T21:44:44Z,328,CLKQ470I,2312,61,Male,Mixed,United States,United States,United States,English,DATA_EXPIRED,DATA_EXPIRED
17b012daf2d0,6a837f494788945e388c725c,APPROVED,Not Applicable,2026-08-17T21:38:43Z,2026-08-17T21:49:49Z,2026-08-17T21:49:50Z,2026-08-17T21:50:50Z,667,CLKQ470I,3483,51,Male,Black,United States,United States,United States,English,No,Unemployed (and job seeking)
890344cd5c44,6a837f53c4fe8cf3cd482eb0,APPROVED,Not Applicable,2026-08-17T21:38:32Z,2026-08-17T21:44:13Z,2026-08-17T21:44:14Z,2026-08-17T21:45:14Z,342,CLKQ470I,10257,51,Male,White,United States,United States,United States,English,No,Full-Time
29e34c507aac,6a837f570ee844be2da8a52a,APPROVED,Not Applicable,2026-08-17T21:38:34Z,2026-08-17T21:46:12Z,2026-08-17T21:46:13Z,2026-08-17T21:47:13Z,458,CLKQ470I,10507,32,Male,White,United States,United States,United States,English,No,Other
b932038a7120,6a837f90d6132108c9ca4e5a,APPROVED,Not Applicable,2026-08-17T21:39:32Z,2026-08-17T21:47:52Z,2026-08-17T21:47:53Z,2026-08-17T21:48:53Z,501,CLKQ470I,405,25,Female,White,Canada,United States,United States,Arabic,Yes,Unemployed (and job seeking)
2ea9c96621b6,6a837fda624b041719d914e0,APPROVED,Not Applicable,2026-08-17T21:40:45Z,2026-08-17T21:47:34Z,2026-08-17T21:47:34Z,2026-08-17T21:48:34Z,409,CLKQ470I,455,19,Male,Other,United States,United States,United States,English,Yes,Unemployed (and job seeking)
56885510dacd,6a837fdb25f7a50e558f4e36,APPROVED,Not Applicable,2026-08-17T21:40:46Z,2026-08-17T21:47:32Z,2026-08-17T21:47:33Z,2026-08-17T21:48:33Z,406,CLKQ470I,4828,29,Male,White,United States,United States,United States,English,No,Full-Time
586c309d44f9,6a83801920c75ef8a3fda0ed,APPROVED,Not Applicable,2026-08-17T21:41:49Z,2026-08-17T21:47:38Z,2026-08-17T21:47:39Z,2026-08-17T21:48:39Z,350,CLKQ470I,121,21,Female,White,United States,United States,United States,English,Yes,Part-Time
15073b8afcac,6a838039859d26a97c77ebc5,APPROVED,Not Applicable,2026-08-17T21:42:17Z,2026-08-17T21:48:21Z,2026-08-17T21:48:22Z,2026-08-17T21:49:22Z,364,CLKQ470I,14973,51,Female,White,United States,United States,United States,English,Yes,Full-Time
cdbc69d8b2c4,6a838039f5e588809db5a98e,RETURNED,Not Applicable,2026-08-17T21:42:30Z,NA,NA,2026-08-18T01:59:43Z,NA,NA,4486,CONSENT_REVOKED,CONSENT_REVOKED,CONSENT_REVOKED,CONSENT_REVOKED,CONSENT_REVOKED,CONSENT_REVOKED,CONSENT_REVOKED,CONSENT_REVOKED,CONSENT_REVOKED
1ae345dc09ba,6a8380898ac7a5db158fe5dd,APPROVED,Not Applicable,2026-08-17T21:43:42Z,2026-08-17T21:52:56Z,2026-08-17T21:52:57Z,2026-08-17T21:53:57Z,554,CLKQ470I,957,47,Male,White,United States,United States,United States,English,No,Full-Time
0ae7b2535037,6a8380ac121c3b52258a5e21,APPROVED,Not Applicable,2026-08-17T21:44:20Z,2026-08-17T21:50:49Z,2026-08-17T21:50:50Z,2026-08-17T21:51:50Z,390,CLKQ470I,1322,58,Male,Black,United States,United States,United States,English,No,Full-Time
1eae16389c83,6a8380e7b2d39b54e1fc5bcd,APPROVED,Not Applicable,2026-08-17T21:46:22Z,2026-08-17T22:03:25Z,2026-08-17T22:03:26Z,2026-08-17T22:04:26Z,1023,CLKQ470I,128,29,Male,Black,United States,United States,United States,English,No,Full-Time
6ef7e07ba32b,6a8380e917f847401333afa8,APPROVED,Not Applicable,2026-08-17T21:45:20Z,2026-08-17T21:51:42Z,2026-08-17T21:51:43Z,2026-08-17T21:52:42Z,382,CLKQ470I,1009,57,Male,White,United States,United States,United States,English,No,Part-Time
3d5212bb9717,6a8380e9ee25fce8ac37f676,APPROVED,Not Applicable,2026-08-17T21:45:24Z,2026-08-17T21:51:12Z,2026-08-17T21:51:13Z,2026-08-17T21:52:12Z,348,CLKQ470I,4938,43,Male,White,United States,United States,United States,English,No,Full-Time
eec2a3312d18,6a8380ebb2655d5eea78863b,APPROVED,Not Applicable,2026-08-17T21:45:21Z,2026-08-17T21:54:02Z,2026-08-17T21:54:03Z,2026-08-17T21:55:03Z,522,CLKQ470I,422,49,Female,White,United States,United States,United States,English,Yes,Part-Time
02c23ffd8744,6a8380f2fbc7721a60ed8e3f,APPROVED,Not Applicable,2026-08-17T21:45:26Z,2026-08-17T21:51:59Z,2026-08-17T21:52:01Z,2026-08-17T21:53:01Z,394,CLKQ470I,569,35,Female,White,United States,United States,United States,English,No,DATA_EXPIRED
16ae3160d675,6a8380f3e8f03a028c4c6c91,APPROVED,Not Applicable,2026-08-17T21:45:28Z,2026-08-17T21:51:34Z,2026-08-17T21:51:35Z,2026-08-17T21:52:35Z,366,CLKQ470I,474,30,Female,White,United States,United States,United States,English,No,Part-Time
4eb99c941952,6a8380f413714010a8ab4e86,APPROVED,Not Applicable,2026-08-17T21:45:27Z,2026-08-17T21:51:26Z,2026-08-17T21:51:32Z,2026-08-17T21:52:26Z,359,CLKQ470I,9110,38,Male,White,United States,United States,United States,English,No,Full-Time
08bfeace1524,6a8380f6812b3d011353a1bf,APPROVED,Not Applicable,2026-08-17T21:45:34Z,2026-08-17T21:51:49Z,2026-08-17T21:51:50Z,2026-08-17T21:52:50Z,375,CLKQ470I,470,28,Male,White,United States,United States,United States,English,No,Unemployed (and job seeking)
55d01856f2a5,6a8380f8dfa8c4360a57fcc8,RETURNED,Not Applicable,2026-08-17T21:45:33Z,NA,NA,2026-08-18T01:59:43Z,NA,NA,652,CONSENT_REVOKED,CONSENT_REVOKED,CONSENT_REVOKED,CONSENT_REVOKED,CONSENT_REVOKED,CONSENT_REVOKED,CONSENT_REVOKED,CONSENT_REVOKED,CONSENT_REVOKED
9f3bbc499557,6a8380f8e8f03a028c4c6c93,APPROVED,Not Applicable,2026-08-17T21:49:03Z,2026-08-17T21:55:08Z,2026-08-17T21:55:08Z,2026-08-17T21:56:08Z,365,CLKQ470I,5756,41,Male,White,United States,United States,United States,English,DATA_EXPIRED,DATA_EXPIRED
6c01169ccab5,6a8380fa1c29f3f2d3876fee,APPROVED,Not Applicable,2026-08-17T21:45:41Z,2026-08-17T21:54:26Z,2026-08-17T21:54:27Z,2026-08-17T21:55:27Z,526,CLKQ470I,184,33,Female,Black,United States,United States,United States,English,Yes,Part-Time
1ce5d5db5dd5,6a8380fac1cda5a7e8990764,APPROVED,Not Applicable,2026-08-17T21:45:34Z,2026-08-17T21:54:10Z,2026-08-17T21:54:16Z,2026-08-17T21:55:10Z,516,CLKQ470I,431,26,Male,Black,United States,United States,United States,English,No,Unemployed (and job seeking)
de806906b17c,6a8380fb6957b3119a103867,APPROVED,Not Applicable,2026-08-17T21:45:35Z,2026-08-17T21:51:26Z,2026-08-17T21:51:27Z,2026-08-17T21:52:26Z,351,CLKQ470I,6293,38,Male,White,United States,United States,United States,English,No,Full-Time
16eee4a04109,6a8380fbdefd5fe04a71f34d,APPROVED,Not Applicable,2026-08-17T21:48:59Z,2026-08-17T21:56:28Z,2026-08-17T21:56:34Z,2026-08-17T21:57:29Z,450,CLKQ470I,14139,58,Female,White,United States,United States,United States,English,No,Full-Time
ef8ded2efc98,6a8380fcad71355504503954,APPROVED,Not Applicable,2026-08-17T21:45:36Z,2026-08-17T21:51:13Z,2026-08-17T21:51:14Z,2026-08-17T21:52:14Z,337,CLKQ470I,1481,28,Female,Other,United States,United States,United States,Spanish,Yes,Part-Time
6eee633171c8,6a8380fed89a559e8bd3d9f0,APPROVED,Not Applicable,2026-08-17T21:45:38Z,2026-08-17T21:52:36Z,2026-08-17T21:52:36Z,2026-08-17T21:53:36Z,418,CLKQ470I,281,20,Male,Mixed,United States,United States,United States,English,No,Unemployed (and job seeking)
b9516ff58c24,6a83810008b3ce65ec6a51b6,APPROVED,Not Applicable,2026-08-17T21:45:41Z,2026-08-17T21:55:27Z,2026-08-17T21:55:30Z,2026-08-17T21:56:28Z,587,CLKQ470I,1613,67,Male,White,United States,United States,United States,English,No,"Not in paid work (e.g. homemaker', 'retired or disabled)"
484ffe7b3243,6a83810182df7049278141b8,RETURNED,Not Applicable,NA,NA,NA,2026-08-18T01:59:43Z,NA,NA,5003,CONSENT_REVOKED,CONSENT_REVOKED,CONSENT_REVOKED,CONSENT_REVOKED,CONSENT_REVOKED,CONSENT_REVOKED,CONSENT_REVOKED,CONSENT_REVOKED,CONSENT_REVOKED
bc6a67dc766a,6a838103530254dbb65109d5,APPROVED,Not Applicable,2026-08-17T21:51:31Z,2026-08-17T22:00:05Z,2026-08-17T22:00:06Z,2026-08-17T22:01:05Z,514,CLKQ470I,471,30,Male,Other,United States,United States,DATA_EXPIRED,English,No,Full-Time
a19893852717,6a8381055fa6e6321e691fd2,APPROVED,Not Applicable,2026-08-17T21:47:42Z,2026-08-17T21:53:09Z,2026-08-17T21:53:09Z,2026-08-17T21:54:09Z,327,CLKQ470I,3080,33,Female,White,United States,United States,United States,English,No,Other
d8b0db47917f,6a8381075f02d4806aca4e6e,APPROVED,Not Applicable,2026-08-17T21:45:49Z,2026-08-17T21:54:43Z,2026-08-17T21:54:44Z,2026-08-17T21:55:44Z,534,CLKQ470I,240,40,Male,White,Russian Federation,United States,Russian Federation,Russian,No,Full-Time
e2e2a9ff7ab1,6a838108debde57450c5755f,APPROVED,Not Applicable,2026-08-17T21:45:50Z,2026-08-17T21:57:16Z,2026-08-17T21:57:33Z,2026-08-17T21:58:18Z,687,CLKQ470I,154,22,Male,Black,United States,United States,United States,English,Yes,Unemployed (and job seeking)
dc59ad82611c,6a83810e36c6943dc1070aab,APPROVED,Not Applicable,2026-08-17T21:46:11Z,2026-08-17T21:53:19Z,2026-08-17T21:53:25Z,2026-08-17T21:54:19Z,428,CLKQ470I,4630,49,Male,White,United States,United States,United States,English,DATA_EXPIRED,Full-Time
a5a1a6381465,6a83810e6732f4f53eb5e87f,APPROVED,Not Applicable,2026-08-17T21:45:56Z,2026-08-17T21:52:26Z,2026-08-17T21:52:27Z,2026-08-17T21:53:27Z,390,CLKQ470I,220,31,Male,White,United States,United States,United States,English,Yes,Other
925124d327d2,6a83811045cd8b9914509c5a,APPROVED,Not Applicable,2026-08-17T21:45:57Z,2026-08-17T21:51:13Z,2026-08-17T21:51:19Z,2026-08-17T21:52:14Z,316,CLKQ470I,4336,29,Male,White,United States,United States,United States,English,Yes,Full-Time
87068815b587,6a83811055e55fb3c4e2909b,APPROVED,Not Applicable,2026-08-17T21:46:11Z,2026-08-17T21:52:18Z,2026-08-17T21:52:25Z,2026-08-17T21:53:20Z,367,CLKQ470I,4243,25,Male,Asian,United States,United States,United States,English,No,Due to start a new job within the next month
3882bcfa8436,6a8381115f93e3a19a8f4e47,APPROVED,Not Applicable,2026-08-17T21:45:58Z,2026-08-17T22:03:06Z,2026-08-17T22:03:07Z,2026-08-17T22:04:07Z,1029,CLKQ470I,12608,49,Female,White,Italy,United States,United States,English,DATA_EXPIRED,Full-Time
016f179b6d92,6a8381125a60cab1bcfe54d4,APPROVED,Not Applicable,2026-08-17T21:45:58Z,2026-08-17T22:01:15Z,2026-08-17T22:01:16Z,2026-08-17T22:02:16Z,918,CLKQ470I,10964,46,Female,Black,United States,United States,United States,English,No,Full-Time
5b4f52730075,6a8381127cbc80e5e4d4b6a2,APPROVED,Not Applicable,2026-08-17T21:46:01Z,2026-08-17T21:54:22Z,2026-08-17T21:54:23Z,2026-08-17T21:55:23Z,502,CLKQ470I,1190,63,Female,Black,United States,United States,United States,English,No,"Not in paid work (e.g. homemaker', 'retired or disabled)"
e360e087b310,6a838112aeaf881ca3b5e885,APPROVED,Not Applicable,2026-08-17T21:45:58Z,2026-08-17T21:51:50Z,2026-08-17T21:51:55Z,2026-08-17T21:52:50Z,352,CLKQ470I,1660,36,Female,White,Puerto Rico,United States,United States,Spanish,Yes,Part-Time
0b29fcf763a3,6a838112f875b190d4a685e0,APPROVED,Not Applicable,2026-08-17T21:45:59Z,2026-08-17T21:55:14Z,2026-08-17T21:55:20Z,2026-08-17T21:56:15Z,556,CLKQ470I,3220,50,Male,White,United States,United States,Hungary,English,DATA_EXPIRED,DATA_EXPIRED
d25b6b96c93d,6a8381132708382f5ff6d937,APPROVED,Not Applicable,2026-08-17T21:45:59Z,2026-08-17T21:53:51Z,2026-08-17T21:53:52Z,2026-08-17T21:54:52Z,472,CLKQ470I,4526,33,Female,White,United States,United States,United States,English,No,Unemployed (and job seeking)
edc6136a1989,6a8381134b251b585b5b40d3,APPROVED,Not Applicable,2026-08-17T21:46:32Z,2026-08-17T21:56:40Z,2026-08-17T21:56:43Z,2026-08-17T21:57:41Z,609,CLKQ470I,972,39,Female,Black,United States,United States,DATA_EXPIRED,English,No,Part-Time
c9d7e82493f6,6a838114aaebbc468a64062b,APPROVED,Not Applicable,2026-08-17T21:46:07Z,2026-08-17T21:53:33Z,2026-08-17T21:53:34Z,2026-08-17T21:54:34Z,446,CLKQ470I,493,50,Female,White,United States,United States,United States,English,No,"Not in paid work (e.g. homemaker', 'retired or disabled)"
033c3d5d2bfd,6a8381151fae266b2d1a60b0,APPROVED,Not Applicable,2026-08-17T21:47:14Z,2026-08-17T22:09:12Z,2026-08-17T22:09:12Z,2026-08-17T22:10:12Z,1319,CLKQ470I,4194,42,Female,White,United States,United States,United States,English,Yes,Part-Time
b2818dc3e1de,6a838115e5373630bf60448d,APPROVED,Not Applicable,2026-08-17T21:46:02Z,2026-08-17T21:54:47Z,2026-08-17T21:54:53Z,2026-08-17T21:55:48Z,526,CLKQ470I,220,40,Female,White,United States,United States,United States,English,No,Part-Time
6226033dd0e2,6a83811665316bddf8cb0358,RETURNED,Not Applicable,NA,NA,NA,2026-08-18T01:59:43Z,NA,NA,599,CONSENT_REVOKED,CONSENT_REVOKED,CONSENT_REVOKED,CONSENT_REVOKED,CONSENT_REVOKED,CONSENT_REVOKED,CONSENT_REVOKED,CONSENT_REVOKED,CONSENT_REVOKED
5c34916f736e,6a838116af6909201605d5fc,APPROVED,Not Applicable,2026-08-17T21:47:23Z,2026-08-17T21:56:11Z,2026-08-17T21:56:17Z,2026-08-17T21:57:12Z,528,CLKQ470I,693,29,Female,Mixed,United States,United States,United States,English,No,Unemployed (and job seeking)
564abf20e3f4,6a83811764377ce31f116541,APPROVED,Not Applicable,2026-08-17T21:46:03Z,2026-08-17T21:53:51Z,2026-08-17T21:53:57Z,2026-08-17T21:54:52Z,468,CLKQ470I,458,40,Female,White,United States,United States,United States,English,No,Full-Time
80e35faf9902,6a8381185568ae698e0bbdfa,APPROVED,Not Applicable,2026-08-17T21:48:56Z,2026-08-17T21:54:08Z,2026-08-17T21:54:14Z,2026-08-17T21:55:09Z,313,CLKQ470I,2539,47,Male,White,United States,United States,United States,English,DATA_EXPIRED,Full-Time
aa845c0dd65f,6a83811b23f15fcb799196e2,APPROVED,Not Applicable,2026-08-17T21:46:07Z,2026-08-17T21:52:23Z,2026-08-17T21:52:23Z,2026-08-17T21:53:23Z,377,CLKQ470I,941,23,Female,Mixed,United States,United States,United States,English,No,Due to start a new job within the next month
acffe5df8cc4,6a83811bbeaead0fd1e7d6e5,APPROVED,Not Applicable,2026-08-17T21:47:42Z,2026-08-17T21:52:42Z,2026-08-17T21:52:48Z,2026-08-17T21:53:42Z,300,CLKQ470I,7280,71,Female,White,United States,United States,United States,English,No,Full-Time
316f12d827a2,6a83811f31d74363d9577cba,APPROVED,Not Applicable,2026-08-17T21:47:35Z,2026-08-17T21:56:34Z,2026-08-17T21:56:35Z,2026-08-17T21:57:35Z,539,CLKQ470I,2923,35,Female,Black,United States,United States,United States,English,No,Unemployed (and job seeking)
4a7548d0ad1a,6a83811f88f94c6b38116554,APPROVED,Not Applicable,2026-08-17T21:46:13Z,2026-08-17T21:54:08Z,2026-08-17T21:54:44Z,2026-08-17T21:55:09Z,476,CLKQ470I,5513,70,Female,White,United States,United States,United States,English,No,"Not in paid work (e.g. homemaker', 'retired or disabled)"
145f78b096c7,6a83811fab37a560de2f9ed1,APPROVED,Not Applicable,2026-08-17T21:46:13Z,2026-08-17T21:53:19Z,2026-08-17T21:53:19Z,2026-08-17T21:54:19Z,426,CLKQ470I,2150,60,Female,White,United States,United States,United States,English,No,Full-Time
3c06261853d6,6a8381206e682c31501a60b0,APPROVED,Not Applicable,2026-08-17T21:47:21Z,2026-08-17T22:09:28Z,2026-08-17T22:09:29Z,2026-08-17T22:10:29Z,1327,CLKQ470I,1048,40,Male,Black,United States,United States,United States,English,No,Full-Time
2425e2144289,6a838120b49e5508ca0abd85,APPROVED,Not Applicable,2026-08-17T21:46:14Z,2026-08-17T21:53:46Z,2026-08-17T21:53:53Z,2026-08-17T21:54:47Z,453,CLKQ470I,416,35,Female,White,United States,United States,United States,English,No,Full-Time
46930b69a955,6a838120ffafbd72d4062709,APPROVED,Not Applicable,2026-08-17T21:46:14Z,2026-08-17T21:55:04Z,2026-08-17T21:55:04Z,2026-08-17T21:56:04Z,530,CLKQ470I,6087,52,Female,White,United States,United States,United States,English,No,Full-Time
1e80e71ef7b9,6a8381238b085639f1ab4e5d,APPROVED,Not Applicable,2026-08-17T21:46:15Z,2026-08-17T21:50:36Z,2026-08-17T21:50:37Z,2026-08-17T21:51:37Z,262,CLKQ470I,8176,46,Male,White,United States,United States,United States,English,No,Full-Time
c237d97de8e5,6a83812594ebc9757238712c,APPROVED,Not Applicable,2026-08-17T21:46:49Z,2026-08-17T21:53:45Z,2026-08-17T21:53:46Z,2026-08-17T21:54:46Z,416,CLKQ470I,959,38,Male,White,United States,United States,United States,English,No,Full-Time
682bc06af624,6a8381269faa4671238e1c7a,APPROVED,Not Applicable,2026-08-17T21:46:17Z,2026-08-17T21:55:00Z,2026-08-17T21:55:02Z,2026-08-17T21:56:02Z,524,CLKQ470I,1040,21,Male,Asian,United States,United States,Philippines,English,No,Unemployed (and job seeking)
42b40552fdaf,6a838126ef24bfc5e5b19b42,APPROVED,Not Applicable,2026-08-17T21:46:23Z,2026-08-17T21:58:07Z,2026-08-17T21:58:09Z,2026-08-17T21:59:09Z,705,CLKQ470I,644,45,Male,White,United States,United States,United States,English,No,Unemployed (and job seeking)
34d85f5c2f6e,6a8381271b278052259196fd,APPROVED,Not Applicable,2026-08-17T21:46:51Z,2026-08-17T21:56:28Z,2026-08-17T21:56:29Z,2026-08-17T21:57:29Z,577,CLKQ470I,8053,35,Female,White,United States,United States,United States,English,Yes,Full-Time
daffc8d7b9e8,6a838129b42308703e8b8dfa,APPROVED,Not Applicable,2026-08-17T21:46:24Z,2026-08-17T21:50:50Z,2026-08-17T21:50:51Z,2026-08-17T21:51:51Z,267,CLKQ470I,2037,28,Male,Black,United States,United States,United States,English,No,Unemployed (and job seeking)
d1688cdfec44,6a838129f1fcbb214338be85,APPROVED,Not Applicable,2026-08-17T21:46:22Z,2026-08-17T21:52:36Z,2026-08-17T21:52:39Z,2026-08-17T21:53:37Z,375,CLKQ470I,2608,52,Female,White,United States,United States,United States,English,No,Full-Time
d22952846ab8,6a83812a2056195bd6f7cfd4,APPROVED,Not Applicable,2026-08-17T21:54:27Z,2026-08-17T22:01:32Z,2026-08-17T22:01:34Z,2026-08-17T22:02:33Z,425,CLKQ470I,681,30,Male,Asian,United States,United States,United States,English,No,Unemployed (and job seeking)
0d274a34b7de,6a83812a530254dbb65109d9,APPROVED,Not Applicable,2026-08-17T21:46:22Z,2026-08-17T21:52:32Z,2026-08-17T21:53:08Z,2026-08-17T21:53:33Z,370,CLKQ470I,361,26,Female,Black,United States,United States,United States,English,No,Unemployed (and job seeking)
1985245c2516,6a83812dcf5211c456cf16ef,APPROVED,Not Applicable,2026-08-17T21:47:28Z,2026-08-17T21:56:20Z,2026-08-17T21:56:26Z,2026-08-17T21:57:21Z,532,CLKQ470I,12763,48,Female,White,United States,United States,United States,English,No,Full-Time
54a03f53fcf7,6a83812f2f8552b5ac5cf45b,APPROVED,Not Applicable,2026-08-17T21:46:27Z,2026-08-17T21:51:21Z,2026-08-17T21:51:21Z,2026-08-17T21:52:21Z,294,CLKQ470I,2506,46,Female,White,United States,United States,United States,English,No,Unemployed (and job seeking)
b57cdc066443,6a83812f4d63f0ca118e7db5,APPROVED,Not Applicable,2026-08-17T21:51:27Z,2026-08-17T21:59:25Z,2026-08-17T21:59:26Z,2026-08-17T22:00:25Z,479,CLKQ470I,11967,32,Male,Black,United States,United States,United States,English,No,Full-Time
43b09dfca6ff,6a83812f812b3d011353a1c4,APPROVED,Not Applicable,2026-08-17T21:46:37Z,2026-08-17T21:52:32Z,2026-08-17T21:52:33Z,2026-08-17T21:53:32Z,355,CLKQ470I,1312,31,Male,White,United States,United States,United States,English,Yes,Full-Time
e516d803a41d,6a83812fc0ea115f14932bd1,APPROVED,Not Applicable,2026-08-17T21:46:27Z,2026-08-17T21:52:56Z,2026-08-17T21:53:02Z,2026-08-17T21:53:57Z,389,CLKQ470I,7988,53,Female,White,United States,United States,United States,English,DATA_EXPIRED,DATA_EXPIRED
619f9605749f,6a83813020c75ef8a3fda0ff,APPROVED,Not Applicable,2026-08-17T21:46:39Z,2026-08-17T22:04:42Z,2026-08-17T22:04:43Z,2026-08-17T22:05:43Z,1084,CLKQ470I,415,30,Male,White,United States,United States,United States,Spanish,No,Unemployed (and job seeking)
c54360267b04,6a838130b96a434cb93b6f19,APPROVED,Not Applicable,2026-08-17T21:46:34Z,2026-08-17T21:53:34Z,2026-08-17T21:53:35Z,2026-08-17T21:54:35Z,421,CLKQ470I,800,68,Female,White,United States,United States,United States,English,No,"Not in paid work (e.g. homemaker', 'retired or disabled)"
af3fbcfa0b09,6a838131607f14a5105cb5a9,APPROVED,Not Applicable,2026-08-17T21:46:28Z,2026-08-17T21:53:37Z,2026-08-18T02:02:43Z,2026-08-17T21:53:38Z,430,NOCODE,1086,39,Male,White,United States,United States,United States,English,No,Part-Time
e733112d508f,6a838131a358242eb25354b3,APPROVED,Not Applicable,2026-08-17T21:46:40Z,2026-08-17T21:58:27Z,2026-08-17T21:58:28Z,2026-08-17T21:59:28Z,707,CLKQ470I,516,66,Female,Asian,United States,United States,United States,English,No,Other
7b860186b65f,6a838131c669f3d79c9de4b1,APPROVED,Not Applicable,2026-08-17T21:46:30Z,2026-08-17T21:59:37Z,2026-08-17T21:59:43Z,2026-08-17T22:00:38Z,787,CLKQ470I,816,29,Male,Black,United States,United States,United States,English,No,Part-Time
a041a1160dc0,6a8381322c00d3d0cfe76d84,APPROVED,Not Applicable,2026-08-17T21:47:29Z,2026-08-17T22:02:53Z,2026-08-17T22:02:54Z,2026-08-17T22:03:54Z,925,CLKQ470I,4925,39,Female,Black,United States,United States,United States,English,No,DATA_EXPIRED
20c8458d9e08,6a8381338d5dca4bdb062731,APPROVED,Not Applicable,2026-08-17T21:46:35Z,2026-08-17T21:59:28Z,2026-08-17T21:59:29Z,2026-08-17T22:00:29Z,773,CLKQ470I,29,61,Female,White,Netherlands,United States,United States,Dutch,No,"Not in paid work (e.g. homemaker', 'retired or disabled)"
ef4f01b81ece,6a8381341a3ecbeafab6a156,APPROVED,Not Applicable,2026-08-17T21:46:31Z,2026-08-17T22:20:13Z,2026-08-17T22:20:14Z,2026-08-17T22:21:13Z,2022,CLKQ470I,4770,52,Male,White,United States,United States,United States,English,No,Full-Time
f09a21395971,6a838134c586cd655c41af83,APPROVED,Not Applicable,2026-08-17T21:47:40Z,2026-08-17T21:56:32Z,2026-08-17T21:56:48Z,2026-08-17T21:57:33Z,533,CLKQ470I,401,21,Female,Black,Kenya,United States,United States,English,Yes,Unemployed (and job seeking)
b10135e6d31b,6a83813659aad62e6bf88b09,APPROVED,Not Applicable,2026-08-17T21:46:37Z,2026-08-17T21:50:39Z,2026-08-17T21:50:40Z,2026-08-17T21:51:40Z,242,CLKQ470I,5000,46,Male,White,United States,United States,United States,English,DATA_EXPIRED,DATA_EXPIRED
7d6d7138e681,6a838136abce7f2cb453a1b1,APPROVED,Not Applicable,2026-08-17T21:46:37Z,2026-08-17T21:54:34Z,2026-08-17T21:54:35Z,2026-08-17T21:55:35Z,478,CLKQ470I,158,60,Female,White,United States,United States,United States,English,No,"Not in paid work (e.g. homemaker', 'retired or disabled)"
84ff0de6db0b,6a838137b49e5508ca0abd8b,APPROVED,Not Applicable,2026-08-17T21:46:33Z,2026-08-17T21:52:54Z,2026-08-17T21:52:54Z,2026-08-17T21:53:54Z,381,CLKQ470I,316,38,Male,White,Russian Federation,United States,Russian Federation,Russian,No,Part-Time
7dd8cc4f526f,6a838137c35f08532f72e897,APPROVED,Not Applicable,2026-08-17T21:46:35Z,2026-08-17T21:52:03Z,2026-08-17T21:52:04Z,2026-08-17T21:53:04Z,328,CLKQ470I,1254,29,Female,White,United States,United States,United States,English,Yes,"Not in paid work (e.g. homemaker', 'retired or disabled)"
01c7beda9123,6a838138f5a5b1626db19b50,APPROVED,Not Applicable,2026-08-17T21:46:36Z,2026-08-17T21:52:37Z,2026-08-17T21:52:43Z,2026-08-17T21:53:37Z,361,CLKQ470I,5376,39,Female,White,United States,United States,United States,English,DATA_EXPIRED,Full-Time
481f96d4f4fa,6a838139e52e2facff03c715,APPROVED,Not Applicable,2026-08-17T21:46:44Z,2026-08-17T21:57:23Z,2026-08-17T21:57:24Z,2026-08-17T21:58:24Z,639,CLKQ470I,2312,32,Male,Black,Kenya,United States,United States,English,No,Full-Time
60ebcec37d89,6a83813aac941b36d64a418b,APPROVED,Not Applicable,2026-08-17T21:46:44Z,2026-08-17T21:54:42Z,2026-08-17T21:54:49Z,2026-08-17T21:55:44Z,479,CLKQ470I,1415,59,Female,White,United States,United States,United States,English,No,Part-Time
19b6385e209e,6a83813bbfd7bd7dd4da7401,APPROVED,Not Applicable,2026-08-17T21:46:42Z,2026-08-17T22:04:33Z,2026-08-17T22:04:34Z,2026-08-17T22:05:34Z,1072,CLKQ470I,1601,29,Male,White,United States,United States,United States,English,DATA_EXPIRED,DATA_EXPIRED
474dc4190c59,6a83813c5e881e6b2060f8fe,APPROVED,Not Applicable,2026-08-17T21:46:49Z,2026-08-17T22:01:31Z,2026-08-17T22:01:31Z,2026-08-17T22:02:31Z,882,CLKQ470I,2587,30,Male,Black,United States,United States,United States,English,DATA_EXPIRED,DATA_EXPIRED
4647ac1f58f1,6a83813e275bbace3af8ad89,APPROVED,Not Applicable,2026-08-17T21:46:47Z,2026-08-17T21:54:50Z,2026-08-17T21:54:51Z,2026-08-17T21:55:51Z,484,CLKQ470I,3138,32,Male,White,United States,United States,United States,English,No,Full-Time
1ab739939eca,6a83813e327d79dba1a0b98f,APPROVED,Not Applicable,2026-08-17T21:46:45Z,2026-08-17T22:03:18Z,2026-08-17T22:03:19Z,2026-08-17T22:04:19Z,994,CLKQ470I,756,41,Male,Mixed,United States,United States,United States,English,No,Part-Time
126a5f6d1d00,6a8381403628618b88e5d4fd,APPROVED,Not Applicable,2026-08-17T21:46:45Z,2026-08-17T21:58:16Z,2026-08-17T21:58:16Z,2026-08-17T21:59:16Z,691,CLKQ470I,572,20,Male,Black,United States,United States,United States,English,No,Due to start a new job within the next month
c46a5d743f77,6a838141372304e66f5cf408,APPROVED,Not Applicable,2026-08-17T21:46:46Z,2026-08-17T21:56:30Z,2026-08-17T21:56:36Z,2026-08-17T21:57:31Z,584,CLKQ470I,6329,39,Female,White,United States,United States,United States,English,Yes,Full-Time
20003e9d63db,6a838142909d2dcec28fe5f3,APPROVED,Not Applicable,2026-08-17T21:46:47Z,2026-08-17T21:51:53Z,2026-08-17T21:51:54Z,2026-08-17T21:52:54Z,307,CLKQ470I,161,23,Female,Mixed,United States,United States,United States,English,No,Part-Time
a7983b6d161c,6a83814341099ca82c640628,APPROVED,Not Applicable,2026-08-17T21:46:51Z,2026-08-17T21:54:30Z,2026-08-17T21:54:36Z,2026-08-17T21:55:31Z,460,CLKQ470I,1647,29,Male,White,United States,United States,United States,English,Yes,Part-Time
b181c87b8777,6a838143939147f9daba382e,APPROVED,Not Applicable,2026-08-17T21:46:53Z,2026-08-17T21:54:58Z,2026-08-17T21:54:59Z,2026-08-17T21:55:59Z,486,CLKQ470I,12395,53,Male,White,United States,United States,United States,English,No,DATA_EXPIRED
1faf9e5b7e0c,6a838143d13cfbeb7b936972,RETURNED,Not Applicable,2026-08-17T21:46:57Z,NA,NA,2026-08-18T01:59:43Z,NA,NA,4680,CONSENT_REVOKED,CONSENT_REVOKED,CONSENT_REVOKED,CONSENT_REVOKED,CONSENT_REVOKED,CONSENT_REVOKED,CONSENT_REVOKED,CONSENT_REVOKED,CONSENT_REVOKED
0a2eb79ff2bd,6a838143dfa8c4360a57fccc,APPROVED,Not Applicable,2026-08-17T21:46:49Z,2026-08-17T21:53:24Z,2026-08-17T21:53:30Z,2026-08-17T21:54:25Z,396,CLKQ470I,2454,42,Male,White,United States,United States,United States,English,No,Full-Time
fc16f262e304,6a83814411c10d6fcb0c2325,APPROVED,Not Applicable,2026-08-17T21:46:49Z,2026-08-17T21:56:49Z,2026-08-17T21:56:55Z,2026-08-17T21:57:50Z,601,CLKQ470I,1674,50,Female,White,United States,United States,United States,English,No,Full-Time
3322c75a5d3c,6a83814782ae1f828dcbc58c,APPROVED,Not Applicable,2026-08-17T21:46:51Z,2026-08-17T21:53:37Z,2026-08-17T21:53:38Z,2026-08-17T21:54:38Z,406,CLKQ470I,168,41,Female,Asian,Philippines,United States,Philippines,English,No,"Not in paid work (e.g. homemaker', 'retired or disabled)"
5dc9dc696f21,6a838148f0748fbbf14d466e,APPROVED,Not Applicable,2026-08-17T21:46:53Z,2026-08-17T21:55:40Z,2026-08-17T21:55:41Z,2026-08-17T21:56:41Z,527,CLKQ470I,9061,60,Female,White,United States,United States,United States,English,No,"Not in paid work (e.g. homemaker', 'retired or disabled)"
6a569bd925ae,6a83814a77bc0326166eb985,APPROVED,Not Applicable,2026-08-17T21:46:54Z,2026-08-17T21:52:58Z,2026-08-17T21:53:00Z,2026-08-17T21:53:59Z,365,CLKQ470I,3239,50,Female,White,United States,United States,United States,English,No,Full-Time
a2a9eed56012,6a83814aadd90d293a5b5a98,APPROVED,Not Applicable,2026-08-17T21:46:53Z,2026-08-17T21:54:29Z,2026-08-17T21:54:30Z,2026-08-17T21:55:29Z,456,CLKQ470I,100,28,Male,Other,United States,United States,United States,English,No,Full-Time
a803a2946c87,6a83814c2ad8977571d6ed2b,APPROVED,Not Applicable,2026-08-17T21:46:56Z,2026-08-17T21:57:49Z,2026-08-17T21:57:55Z,2026-08-17T21:58:50Z,653,CLKQ470I,1994,20,Male,Black,United States,United States,United States,English,No,Unemployed (and job seeking)
92c0b8c90bea,6a83814d1b27805225919700,APPROVED,Not Applicable,2026-08-17T21:46:57Z,2026-08-17T21:51:41Z,2026-08-17T21:51:42Z,2026-08-17T21:52:42Z,285,CLKQ470I,312,32,Female,White,United States,United States,United States,English,No,Full-Time
94be22839057,6a83814f9172211d08b8bd1c,APPROVED,Not Applicable,2026-08-17T21:47:01Z,2026-08-17T21:56:04Z,2026-08-17T21:56:05Z,2026-08-17T21:57:05Z,544,CLKQ470I,1424,37,Male,White,United States,United States,United States,English,No,Full-Time
9a00136cb1a5,6a838151e2c234958b47546f,APPROVED,Not Applicable,2026-08-17T21:47:03Z,2026-08-17T21:52:27Z,2026-08-17T21:52:28Z,2026-08-17T21:53:28Z,325,CLKQ470I,320,33,Male,Mixed,United States,United States,United States,English,No,Part-Time
0d912d73358c,6a838152f8d111f5ba8c0707,APPROVED,Not Applicable,2026-08-17T21:47:01Z,2026-08-17T21:52:52Z,2026-08-17T21:52:52Z,2026-08-17T21:53:52Z,351,CLKQ470I,122,26,Female,Black,United States,United States,United States,Twi,Yes,"Not in paid work (e.g. homemaker', 'retired or disabled)"
9beb4591c20f,6a8381542c00d3d0cfe76d88,APPROVED,Not Applicable,2026-08-17T21:47:06Z,2026-08-17T21:53:04Z,2026-08-17T21:53:04Z,2026-08-17T21:54:04Z,358,CLKQ470I,817,30,Female,White,United States,United States,United States,English,No,Full-Time
7a8fa1f82d7e,6a83815435461a216872a7d1,APPROVED,Not Applicable,2026-08-17T21:47:00Z,2026-08-17T21:52:30Z,2026-08-17T21:52:31Z,2026-08-17T21:53:31Z,330,CLKQ470I,8610,36,Female,Asian,United States,United States,United States,English,No,Full-Time
04fdaaa478b7,6a83815636d665de7d4e16b1,APPROVED,Not Applicable,2026-08-17T21:47:05Z,2026-08-17T21:54:47Z,2026-08-17T21:54:48Z,2026-08-17T21:55:48Z,463,CLKQ470I,874,40,Female,Other,United States,United States,United States,English,No,Other
1c1d74e32e07,6a8381567a98e846c2fe54c3,APPROVED,Not Applicable,2026-08-17T21:52:47Z,2026-08-17T22:19:37Z,2026-08-17T22:19:38Z,2026-08-17T22:20:38Z,1610,CLKQ470I,3625,29,Female,White,United States,United States,United States,English,No,Full-Time
d8b67f2b0f0e,6a838156d3ecc7f777a1e06c,APPROVED,Not Applicable,2026-08-17T21:47:19Z,2026-08-17T21:54:20Z,2026-08-17T21:54:21Z,2026-08-17T21:55:20Z,421,CLKQ470I,2632,48,Female,White,United States,United States,United States,English,No,Part-Time
fd42365a1bb3,6a838157e2c234958b475471,APPROVED,Not Applicable,2026-08-17T21:47:12Z,2026-08-17T22:08:03Z,2026-08-17T22:08:04Z,2026-08-17T22:09:04Z,1251,CLKQ470I,34,36,Male,White,United States,United States,United States,English,No,Full-Time
6fd069a7f396,6a838158ef24bfc5e5b19b44,TIMED-OUT,Not Applicable,2026-08-17T21:47:07Z,NA,NA,2026-08-18T01:59:43Z,15157,NA,4662,33,Female,Mixed,United States,United States,United States,English,Yes,"Not in paid work (e.g. homemaker', 'retired or disabled)"
2aebaa72438b,6a83815a61267e6811fe54ad,APPROVED,Not Applicable,2026-08-17T21:47:17Z,2026-08-17T21:56:59Z,2026-08-17T21:57:02Z,2026-08-17T21:58:00Z,583,CLKQ470I,983,68,Female,White,United States,United States,United States,English,No,"Not in paid work (e.g. homemaker', 'retired or disabled)"
bc3549f4b686,6a83815a6649b5283f6afa7b,APPROVED,Not Applicable,2026-08-17T21:47:12Z,2026-08-17T21:52:29Z,2026-08-17T21:52:29Z,2026-08-17T21:53:29Z,317,CLKQ470I,360,22,Female,Black,United States,United States,United States,English,DATA_EXPIRED,DATA_EXPIRED
ae1e965af69f,6a83815b607f14a5105cb5ac,APPROVED,Not Applicable,2026-08-17T21:47:34Z,2026-08-17T21:54:46Z,2026-08-17T21:54:47Z,2026-08-17T21:55:46Z,432,CLKQ470I,1142,35,Male,White,Mexico,United States,United States,Spanish,No,Full-Time
eb7d14c78216,6a83815ba5b8ba3e3ecf1707,APPROVED,Not Applicable,2026-08-17T21:47:20Z,2026-08-17T21:57:38Z,2026-08-17T21:57:39Z,2026-08-17T21:58:39Z,618,CLKQ470I,2956,57,Female,White,United States,United States,United States,English,No,"Not in paid work (e.g. homemaker', 'retired or disabled)"
830a3b9551f7,6a83815cfac3f23bf2f712da,APPROVED,Not Applicable,2026-08-17T21:47:08Z,2026-08-17T21:56:32Z,2026-08-17T21:56:33Z,2026-08-17T21:57:33Z,564,CLKQ470I,720,37,Female,White,United States,United States,United States,English,No,Full-Time
07b4cad340e5,6a83815dd1ce8c2c7a7ca6cd,RETURNED,Not Applicable,2026-08-17T21:47:09Z,NA,NA,2026-08-18T01:59:43Z,NA,NA,3712,CONSENT_REVOKED,CONSENT_REVOKED,CONSENT_REVOKED,CONSENT_REVOKED,CONSENT_REVOKED,CONSENT_REVOKED,CONSENT_REVOKED,CONSENT_REVOKED,CONSENT_REVOKED
c1e79b1f33a8,6a83815e5631beab0f8141ac,APPROVED,Not Applicable,2026-08-17T21:47:15Z,2026-08-17T21:55:03Z,2026-08-17T21:55:04Z,2026-08-17T21:56:03Z,468,CLKQ470I,433,33,Male,White,United States,United States,United States,English,No,Part-Time
7a62559a5418,6a83815f3c5f23a676b21aef,APPROVED,Not Applicable,2026-08-17T21:47:19Z,2026-08-17T21:56:09Z,2026-08-17T21:56:10Z,2026-08-17T21:57:10Z,531,CLKQ470I,4337,57,Female,White,United States,United States,United States,English,DATA_EXPIRED,DATA_EXPIRED
1f9e337364fd,6a83815f939147f9daba3833,APPROVED,Not Applicable,2026-08-17T21:47:14Z,2026-08-17T21:52:22Z,2026-08-17T21:52:59Z,2026-08-17T21:53:23Z,309,CLKQ470I,1188,26,Female,White,United States,United States,Poland,English,No,Part-Time
972ac303191c,6a838160b954f9fa0647d53f,APPROVED,Not Applicable,2026-08-17T21:47:19Z,2026-08-17T21:56:54Z,2026-08-17T21:57:00Z,2026-08-17T21:57:55Z,575,CLKQ470I,2418,43,Female,Black,United States,United States,United States,English,No,Full-Time
940ef45390c6,6a838160c398387f3a41af7c,APPROVED,Not Applicable,2026-08-17T21:47:18Z,2026-08-17T21:51:08Z,2026-08-17T21:51:09Z,2026-08-17T21:52:09Z,231,CLKQ470I,2148,28,Male,White,United States,United States,United States,English,No,Full-Time
9fabbf3ea86e,6a838161cf5211c456cf16f9,APPROVED,Not Applicable,2026-08-17T21:47:21Z,2026-08-17T21:55:11Z,2026-08-17T21:55:17Z,2026-08-17T21:56:12Z,471,CLKQ470I,1396,48,Male,Black,United States,United States,United States,English,DATA_EXPIRED,DATA_EXPIRED
a15758620488,6a838162fd913ca6a6e9a344,APPROVED,Not Applicable,2026-08-17T21:47:18Z,2026-08-17T21:54:30Z,2026-08-17T21:54:31Z,2026-08-17T21:55:30Z,432,CLKQ470I,9710,37,Male,White,United States,United States,United States,English,No,Full-Time
cb04e28c8f04,6a83816839857e6701424eee,APPROVED,Not Applicable,2026-08-17T21:47:26Z,2026-08-17T21:55:02Z,2026-08-17T21:55:03Z,2026-08-17T21:56:03Z,456,CLKQ470I,258,66,Female,White,United States,United States,United States,English,No,"Not in paid work (e.g. homemaker', 'retired or disabled)"
77dc24c69570,6a8381696ea12f704876abbc,APPROVED,Not Applicable,2026-08-17T21:54:29Z,2026-08-17T22:04:02Z,2026-08-17T22:04:02Z,2026-08-17T22:05:02Z,573,CLKQ470I,424,19,Male,Black,United States,United States,United States,English,Yes,Part-Time
7b94e2d7e6ed,6a83816993497bd26126118f,APPROVED,Not Applicable,2026-08-17T21:47:26Z,2026-08-17T21:55:51Z,2026-08-17T21:55:52Z,2026-08-17T21:56:52Z,506,CLKQ470I,6114,67,Male,White,United States,United States,United States,English,No,Part-Time
bcdd6f6e9e4a,6a83816be748fcde8fb259eb,APPROVED,Not Applicable,2026-08-17T21:47:32Z,2026-08-17T21:52:53Z,2026-08-17T21:52:54Z,2026-08-17T21:53:54Z,322,CLKQ470I,624,29,Female,White,United States,United States,United States,English,No,Due to start a new job within the next month
d0fcbb67f43d,6a83816c0ee844be2da8a556,APPROVED,Not Applicable,2026-08-17T21:52:04Z,2026-08-17T22:08:11Z,2026-08-17T22:08:12Z,2026-08-17T22:09:12Z,968,CLKQ470I,678,48,Female,Other,Honduras,United States,Honduras,Spanish,No,Full-Time
1087e71fda04,6a83816d1c746e5e437ca6f7,APPROVED,Not Applicable,2026-08-17T21:47:31Z,2026-08-17T21:54:55Z,2026-08-17T21:54:56Z,2026-08-17T21:55:56Z,445,CLKQ470I,645,66,Female,White,United States,United States,United States,English,No,Part-Time
97b64a891987,6a83816e3590c453dad6ed09,APPROVED,Not Applicable,2026-08-17T21:47:32Z,2026-08-17T21:56:00Z,2026-08-17T21:56:06Z,2026-08-17T21:57:01Z,509,CLKQ470I,238,42,Female,White,Australia,United States,Australia,English,No,Full-Time
35d24c111261,6a83816f82aabe764d621a5c,APPROVED,Not Applicable,2026-08-17T21:47:38Z,2026-08-17T21:54:27Z,2026-08-17T21:54:28Z,2026-08-17T21:55:28Z,410,CLKQ470I,1050,67,Female,Black,United States,United States,United States,English,No,"Not in paid work (e.g. homemaker', 'retired or disabled)"
67ae1f052064,6a8381706c60c47864acde7e,APPROVED,Not Applicable,2026-08-17T21:47:35Z,2026-08-17T21:55:09Z,2026-08-17T21:55:15Z,2026-08-17T21:56:10Z,454,CLKQ470I,213,31,Female,Black,United States,United States,United States,English,No,"Not in paid work (e.g. homemaker', 'retired or disabled)"
999ee91482ca,6a8381719d3703e343287faf,APPROVED,Not Applicable,2026-08-17T21:47:34Z,2026-08-17T21:52:19Z,2026-08-17T21:52:20Z,2026-08-17T21:53:19Z,285,CLKQ470I,481,29,Female,White,United States,United States,United States,English,No,Full-Time
0f576622592d,6a8381739c53b434b52611aa,APPROVED,Not Applicable,2026-08-17T21:47:36Z,2026-08-17T22:04:19Z,2026-08-17T22:04:20Z,2026-08-17T22:05:20Z,1003,CLKQ470I,5672,31,Female,White,United States,United States,United States,English,No,"Not in paid work (e.g. homemaker', 'retired or disabled)"
7e62065b4aec,6a8381755e1f1caacc6044a3,APPROVED,Not Applicable,2026-08-17T21:49:32Z,2026-08-17T21:56:05Z,2026-08-17T21:56:09Z,2026-08-17T21:57:06Z,394,CLKQ470I,525,28,Female,Asian,United States,United States,United States,English,No,Other
4ac2cb24d77d,6a838176dfb1ecc9bd577c90,TIMED-OUT,Not Applicable,2026-08-17T21:47:39Z,NA,NA,2026-08-18T01:59:43Z,15125,NA,2431,42,Female,White,United States,United States,United States,English,No,Full-Time
0ac514adc8a5,6a838176f2c6b27a00cff728,APPROVED,Not Applicable,2026-08-17T21:52:49Z,2026-08-17T22:01:49Z,2026-08-17T22:01:50Z,2026-08-17T22:02:50Z,541,CLKQ470I,2784,47,Male,White,United States,United States,United States,English,DATA_EXPIRED,DATA_EXPIRED
fa108b8e1ce6,6a838177caeb39649a77ebe9,APPROVED,Not Applicable,2026-08-17T21:47:39Z,2026-08-17T21:53:22Z,2026-08-17T21:53:23Z,2026-08-17T21:54:23Z,343,CLKQ470I,395,32,Female,White,United States,United States,United States,Spanish,No,Full-Time
31775068909e,6a838177d50a91e825cbf097,APPROVED,Not Applicable,2026-08-17T21:47:56Z,2026-08-17T21:54:08Z,2026-08-17T21:54:11Z,2026-08-17T21:55:08Z,372,CLKQ470I,13518,74,Female,White,United States,United States,United States,English,No,"Not in paid work (e.g. homemaker', 'retired or disabled)"
5414a2643069,6a838178a5d6a1b9ca9a9982,APPROVED,Not Applicable,2026-08-17T21:47:43Z,2026-08-17T21:55:38Z,2026-08-17T21:55:44Z,2026-08-17T21:56:38Z,476,CLKQ470I,1097,74,Male,White,United States,United States,United States,English,No,Full-Time
233420d3b2c9,6a838178e05462f6e2482ed8,APPROVED,Not Applicable,2026-08-17T21:54:05Z,2026-08-17T22:02:53Z,2026-08-17T22:02:53Z,2026-08-17T22:03:53Z,528,CLKQ470I,10575,55,Female,Black,United States,United States,United States,English,DATA_EXPIRED,DATA_EXPIRED
c1408a2370b0,6a8381793ca53cf9064a4137,APPROVED,Not Applicable,2026-08-17T21:47:46Z,2026-08-17T21:56:32Z,2026-08-17T21:57:08Z,2026-08-17T21:57:33Z,526,CLKQ470I,1621,33,Male,White,United States,United States,United States,English,No,Part-Time
077d5e0972e4,6a8381799fe29917059fecd5,RETURNED,Not Applicable,2026-08-17T21:47:43Z,NA,NA,2026-08-18T01:59:43Z,NA,NA,1356,CONSENT_REVOKED,CONSENT_REVOKED,CONSENT_REVOKED,CONSENT_REVOKED,CONSENT_REVOKED,CONSENT_REVOKED,CONSENT_REVOKED,CONSENT_REVOKED,CONSENT_REVOKED
ccac92889691,6a83817a4db8d7481bc65cb1,APPROVED,Not Applicable,2026-08-17T21:48:46Z,2026-08-17T21:58:00Z,2026-08-17T21:58:01Z,2026-08-17T21:59:01Z,555,CLKQ470I,744,57,Female,Black,United States,United States,United States,English,No,Full-Time
d89b6a19a600,6a83817a57edef9dbe4e1667,APPROVED,Not Applicable,2026-08-17T21:47:41Z,2026-08-17T21:52:18Z,2026-08-17T21:52:19Z,2026-08-17T21:53:18Z,277,CLKQ470I,440,26,Male,White,United States,United States,United States,English,No,Full-Time
8f4f22c1a018,6a83817c1d92cc6f67a567d3,APPROVED,Not Applicable,2026-08-17T21:47:53Z,2026-08-17T21:57:11Z,2026-08-17T21:57:12Z,2026-08-17T21:58:12Z,559,CLKQ470I,1347,30,Female,Black,United States,United States,United States,English,No,Full-Time
0eda2dd5f486,6a83817dfc90d7bc14db23aa,APPROVED,Not Applicable,2026-08-17T21:47:52Z,2026-08-17T21:54:37Z,2026-08-17T21:54:38Z,2026-08-17T21:55:38Z,406,CLKQ470I,691,58,Female,White,United States,United States,United States,English,No,"Not in paid work (e.g. homemaker', 'retired or disabled)"
d077d4776548,6a8381806803c7aa80765e71,APPROVED,Not Applicable,2026-08-17T21:47:50Z,2026-08-17T21:56:08Z,2026-08-17T21:56:14Z,2026-08-17T21:57:08Z,498,CLKQ470I,50,49,Female,White,United States,United States,United States,English,No,"Not in paid work (e.g. homemaker', 'retired or disabled)"
d949723f391f,6a8381823725fb9e7999074f,APPROVED,Not Applicable,2026-08-17T21:47:50Z,2026-08-17T21:56:02Z,2026-08-17T21:56:03Z,2026-08-17T21:57:02Z,492,CLKQ470I,4336,41,Female,White,United States,United States,United States,English,No,Part-Time
ef6a3e2ca300,6a838182d2c487fe681fc79c,APPROVED,Not Applicable,2026-08-17T21:47:54Z,2026-08-17T21:56:06Z,2026-08-17T21:56:22Z,2026-08-17T21:57:07Z,492,CLKQ470I,247,31,Male,White,United States,United States,United States,English,No,Due to start a new job within the next month
296e440d2fd7,6a83818301e7d32c0dca1920,APPROVED,Not Applicable,2026-08-17T21:49:19Z,2026-08-17T21:59:04Z,2026-08-17T21:59:05Z,2026-08-17T22:00:05Z,586,CLKQ470I,1271,43,Female,White,United States,United States,United States,English,No,Due to start a new job within the next month
d80877240bcd,6a838186a9e94d4176c2fe9c,APPROVED,Not Applicable,2026-08-17T21:48:56Z,2026-08-17T21:57:44Z,2026-08-17T21:57:59Z,2026-08-17T21:58:44Z,528,CLKQ470I,2285,60,Female,White,United States,United States,United States,English,No,Part-Time
6162b8f30ce4,6a838186b2aae2de96db23a5,RETURNED,Not Applicable,2026-08-17T21:58:00Z,NA,NA,2026-08-18T01:59:43Z,NA,NA,984,CONSENT_REVOKED,CONSENT_REVOKED,CONSENT_REVOKED,CONSENT_REVOKED,CONSENT_REVOKED,CONSENT_REVOKED,CONSENT_REVOKED,CONSENT_REVOKED,CONSENT_REVOKED
056447ecd0a0,6a83818725f7a50e558f4e4b,APPROVED,Not Applicable,2026-08-17T21:47:57Z,2026-08-17T21:54:08Z,2026-08-17T21:54:24Z,2026-08-17T21:55:09Z,372,CLKQ470I,1545,50,Female,Mixed,United States,United States,United States,English,No,"Not in paid work (e.g. homemaker', 'retired or disabled)"
1c9cb6c4be95,6a838187cb0a6328abaa849b,APPROVED,Not Applicable,2026-08-17T21:47:55Z,2026-08-17T21:52:10Z,2026-08-17T21:52:11Z,2026-08-17T21:53:10Z,255,CLKQ470I,348,23,Female,White,United States,United States,United States,English,DATA_EXPIRED,DATA_EXPIRED
ab9d47ccbd61,6a838188df8d237c8b691ff0,APPROVED,Not Applicable,2026-08-17T21:47:55Z,2026-08-17T21:55:04Z,2026-08-17T21:55:05Z,2026-08-17T21:56:05Z,429,CLKQ470I,167,26,Male,White,United States,United States,United States,English,No,Full-Time
1286d8ebd2a2,6a83818ab076c114743239dd,APPROVED,Not Applicable,2026-08-17T21:48:54Z,2026-08-17T21:56:31Z,2026-08-17T21:56:39Z,2026-08-17T21:57:32Z,458,CLKQ470I,9561,45,Male,White,United States,United States,United States,English,No,Unemployed (and job seeking)
56384c7f911c,6a83818dbf400a4128a1e052,APPROVED,Not Applicable,2026-08-17T21:47:57Z,2026-08-17T21:56:37Z,2026-08-17T21:57:13Z,2026-08-17T21:57:38Z,521,CLKQ470I,742,23,Female,White,United States,United States,United States,English,Yes,Unemployed (and job seeking)
27538d92a844,6a838194a045e3098b5cb947,APPROVED,Not Applicable,2026-08-17T21:48:08Z,2026-08-17T21:54:46Z,2026-08-17T21:54:52Z,2026-08-17T21:55:47Z,398,CLKQ470I,4037,33,Male,White,United States,United States,United States,English,No,Full-Time
539b4832e012,6a83819a85742f96762c4f53,APPROVED,Not Applicable,2026-08-17T21:48:13Z,2026-08-17T21:57:01Z,2026-08-17T21:57:07Z,2026-08-17T21:58:01Z,528,CLKQ470I,681,29,Female,Mixed,United States,United States,Ireland,English,No,Part-Time
ec4d493984b0,6a83819b69fd20cb8a1fc774,APPROVED,Not Applicable,2026-08-17T21:48:15Z,2026-08-17T21:56:37Z,2026-08-17T21:56:53Z,2026-08-17T21:57:37Z,502,CLKQ470I,7,33,Female,Asian,United States,United States,DATA_EXPIRED,Thai,No,Full-Time
3fb91f4a5561,6a83819ea8141e9769b5a976,APPROVED,Not Applicable,2026-08-17T21:48:17Z,2026-08-17T21:55:11Z,2026-08-17T21:55:12Z,2026-08-17T21:56:11Z,414,CLKQ470I,2429,22,Female,Mixed,United States,United States,United States,English,Yes,Part-Time
a97aede72bbb,6a8381a18ebe203dc57f02e9,APPROVED,Not Applicable,2026-08-17T21:48:23Z,2026-08-17T21:55:36Z,2026-08-17T21:55:37Z,2026-08-17T21:56:37Z,434,CLKQ470I,119,51,Male,White,United States,United States,United States,English,No,"Not in paid work (e.g. homemaker', 'retired or disabled)"
393498fc29da,6a8381a24a88666da2a8a56c,APPROVED,Not Applicable,2026-08-17T21:48:26Z,2026-08-17T21:55:33Z,2026-08-17T21:55:39Z,2026-08-17T21:56:34Z,428,CLKQ470I,1089,36,Female,White,United States,United States,United States,English,No,Unemployed (and job seeking)
1f8e15172352,6a8381a457b8d9c28e1c49f7,APPROVED,Not Applicable,2026-08-17T21:48:26Z,2026-08-17T21:56:10Z,2026-08-17T21:56:12Z,2026-08-17T21:57:10Z,464,CLKQ470I,181,46,Male,White,United States,United States,United States,English,No,Full-Time
80e602f3aade,6a8381a5d6200a2eaf482ea7,APPROVED,Not Applicable,2026-08-17T21:48:26Z,2026-08-17T21:57:48Z,2026-08-17T21:57:52Z,2026-08-17T21:58:49Z,563,CLKQ470I,3011,58,Female,White,United States,United States,United States,English,No,Unemployed (and job seeking)
9c9cc642e11c,6a8381a75676bfe40c05d598,RETURNED,Not Applicable,2026-08-17T21:48:43Z,NA,NA,2026-08-18T01:59:43Z,NA,NA,432,CONSENT_REVOKED,CONSENT_REVOKED,CONSENT_REVOKED,CONSENT_REVOKED,CONSENT_REVOKED,CONSENT_REVOKED,CONSENT_REVOKED,CONSENT_REVOKED,CONSENT_REVOKED
e49f8263eabc,6a8381ab57edef9dbe4e166b,APPROVED,Not Applicable,2026-08-17T21:48:33Z,2026-08-17T21:59:18Z,2026-08-17T21:59:21Z,2026-08-17T22:00:19Z,645,CLKQ470I,3,61,Female,Asian,Bangladesh,United States,United States,Bengali,No,Part-Time
f6d4cc361d43,6a8381ac1df6dab72cab7a5e,APPROVED,Not Applicable,2026-08-17T21:48:35Z,2026-08-17T21:58:18Z,2026-08-17T21:58:19Z,2026-08-17T21:59:19Z,584,CLKQ470I,2945,49,Female,Mixed,United States,United States,United States,English,No,"Not in paid work (e.g. homemaker', 'retired or disabled)"
e8a8b24fd50b,6a8381ac428c249df68dfccd,APPROVED,Not Applicable,2026-08-17T21:48:34Z,2026-08-17T21:55:26Z,2026-08-17T21:55:28Z,2026-08-17T21:56:27Z,413,CLKQ470I,194,22,Female,Other,United States,United States,United States,English,No,Unemployed (and job seeking)
9576563fc2d3,6a8381b608584f3d912f9eb1,APPROVED,Not Applicable,2026-08-17T21:48:42Z,2026-08-17T21:55:43Z,2026-08-17T21:55:49Z,2026-08-17T21:56:43Z,422,CLKQ470I,2098,26,Female,White,United States,United States,United States,English,No,Full-Time
d83f63e32eb7,6a8381b616f2041cec762a65,APPROVED,Not Applicable,2026-08-17T21:48:46Z,2026-08-17T22:02:34Z,2026-08-17T22:02:35Z,2026-08-17T22:03:34Z,828,CLKQ470I,1086,53,Male,White,United States,United States,United States,English,No,Full-Time
ece1a4faa8c5,6a8381b6b317726f7150390e,APPROVED,Not Applicable,2026-08-17T21:48:38Z,2026-08-17T21:58:04Z,2026-08-17T21:58:05Z,2026-08-17T21:59:05Z,567,CLKQ470I,3126,36,Female,Other,Mexico,United States,United States,Spanish,DATA_EXPIRED,Other
d21be5edb037,6a8381ba73eaf0ada96c3865,APPROVED,Not Applicable,2026-08-17T21:48:47Z,2026-08-17T21:56:54Z,2026-08-17T21:57:10Z,2026-08-17T21:57:55Z,487,CLKQ470I,2613,63,Female,Black,United States,United States,United States,English,No,Full-Time
74514315ea2e,6a8381bba545064dcaadf573,APPROVED,Not Applicable,2026-08-17T21:48:47Z,2026-08-17T21:53:53Z,2026-08-17T21:53:54Z,2026-08-17T21:54:54Z,307,CLKQ470I,2684,45,Male,White,United States,United States,United States,English,No,Unemployed (and job seeking)
e44854ef8f1a,6a8381bbb42308703e8b8e0a,APPROVED,Not Applicable,2026-08-17T21:48:47Z,2026-08-17T21:53:46Z,2026-08-17T21:53:47Z,2026-08-17T21:54:47Z,300,CLKQ470I,296,25,Female,Asian,United States,United States,United States,English,No,Unemployed (and job seeking)
ccad995b450b,6a8381c7fd6c2cbb7b6a51b4,APPROVED,Not Applicable,2026-08-17T21:49:00Z,2026-08-17T21:55:37Z,2026-08-17T21:55:38Z,2026-08-17T21:56:38Z,398,CLKQ470I,9204,55,Male,White,United States,United States,United States,English,No,Part-Time
8ff5ed1f54e9,6a8381caf0748fbbf14d4673,APPROVED,Not Applicable,2026-08-17T21:49:01Z,2026-08-17T21:56:41Z,2026-08-17T21:56:47Z,2026-08-17T21:57:42Z,460,CLKQ470I,7030,37,Female,White,United States,United States,United States,English,No,Full-Time
8ebe17a45876,6a8381cceba448ee79ca5916,APPROVED,Not Applicable,2026-08-17T21:49:08Z,2026-08-17T21:55:53Z,2026-08-17T21:55:54Z,2026-08-17T21:56:54Z,406,CLKQ470I,3644,59,Female,White,United States,United States,United States,English,No,"Not in paid work (e.g. homemaker', 'retired or disabled)"
c67b85cbfee1,6a8381cd4382c17a486d9182,APPROVED,Not Applicable,2026-08-17T21:49:04Z,2026-08-17T21:55:33Z,2026-08-17T21:55:49Z,2026-08-17T21:56:34Z,390,CLKQ470I,2846,56,Female,Asian,United States,United States,United States,English,No,Full-Time
eab73cac308e,6a8381cdf9afad5e5574f1d4,APPROVED,Not Applicable,2026-08-17T21:49:06Z,2026-08-17T21:55:29Z,2026-08-17T21:55:32Z,2026-08-17T21:56:30Z,384,CLKQ470I,1143,42,Male,Mixed,Peru,United States,United States,Spanish,No,Full-Time
d12d07cd7ab0,6a8381d156d460ddd75ca172,APPROVED,Not Applicable,2026-08-17T21:49:10Z,2026-08-17T21:56:56Z,2026-08-17T21:56:56Z,2026-08-17T21:57:56Z,466,CLKQ470I,417,60,Male,White,United Kingdom,United States,United Kingdom,English,No,"Not in paid work (e.g. homemaker', 'retired or disabled)"
260d8bbef139,6a8381dc953e1c5d4bd4b697,APPROVED,Not Applicable,2026-08-17T21:49:36Z,2026-08-17T22:01:35Z,2026-08-17T22:01:36Z,2026-08-17T22:02:36Z,719,CLKQ470I,684,28,Female,Mixed,United States,United States,United States,English,No,Part-Time
630d9d0f5468,6a8381e617975dbaf70c70d4,APPROVED,Not Applicable,2026-08-17T21:49:29Z,2026-08-17T21:57:20Z,2026-08-17T21:57:21Z,2026-08-17T21:58:21Z,471,CLKQ470I,3570,31,Female,White,United States,United States,United States,English,No,Part-Time
bd6d651be2d9,6a8381e661b89ced848fed4d,APPROVED,Not Applicable,2026-08-17T21:49:38Z,2026-08-17T22:02:51Z,2026-08-17T22:02:52Z,2026-08-17T22:03:52Z,793,CLKQ470I,172,20,Female,Mixed,United States,United States,United States,English,No,Unemployed (and job seeking)
202943c4eda4,6a8381e736efb666be91bf0f,APPROVED,Not Applicable,2026-08-17T21:49:34Z,2026-08-17T21:59:06Z,2026-08-17T21:59:07Z,2026-08-17T22:00:07Z,572,CLKQ470I,282,55,Female,Black,United States,United States,United States,English,No,Full-Time
12197ec34541,6a8381eb6ceb2b0cbf714850,APPROVED,Not Applicable,2026-08-17T21:50:07Z,2026-08-17T21:56:30Z,2026-08-17T21:56:31Z,2026-08-17T21:57:31Z,384,CLKQ470I,2712,26,Female,Mixed,United States,United States,United States,English,No,Part-Time
8955fa9b5aeb,6a8381ecc586cd655c41af85,APPROVED,Not Applicable,2026-08-17T21:49:45Z,2026-08-17T21:57:17Z,2026-08-17T21:57:18Z,2026-08-17T21:58:17Z,452,CLKQ470I,3615,78,Female,White,United States,United States,United States,English,No,DATA_EXPIRED
6ff23fc77cb3,6a8381edfdb01dcd5574f409,APPROVED,Not Applicable,2026-08-17T21:49:39Z,2026-08-17T21:56:40Z,2026-08-17T21:56:40Z,2026-08-17T21:57:40Z,421,CLKQ470I,85,32,Female,White,United States,United States,United States,English,No,"Not in paid work (e.g. homemaker', 'retired or disabled)"
fabcd15499fa,6a8381ef2a99f1198f458651,APPROVED,Not Applicable,2026-08-17T21:49:37Z,2026-08-17T21:56:20Z,2026-08-17T21:56:21Z,2026-08-17T21:57:21Z,403,CLKQ470I,283,25,Female,White,United States,United States,United States,English,No,Full-Time
cea9ec29bd93,6a8381efde357a56f40778bd,APPROVED,Not Applicable,2026-08-17T21:49:40Z,2026-08-17T21:55:09Z,2026-08-17T21:55:10Z,2026-08-17T21:56:09Z,329,CLKQ470I,633,41,Female,Mixed,United States,United States,United States,English,No,Full-Time
8d9af876d4ee,6a8381f14dc1b88afc5482e9,RETURNED,Not Applicable,2026-08-17T21:49:42Z,NA,NA,2026-08-18T01:59:43Z,NA,NA,3349,CONSENT_REVOKED,CONSENT_REVOKED,CONSENT_REVOKED,CONSENT_REVOKED,CONSENT_REVOKED,CONSENT_REVOKED,CONSENT_REVOKED,CONSENT_REVOKED,CONSENT_REVOKED
064efce1d3c9,6a8381f4504db67dd3d43e4b,APPROVED,Not Applicable,2026-08-17T21:49:46Z,2026-08-17T21:55:44Z,2026-08-17T21:55:45Z,2026-08-17T21:56:44Z,359,CLKQ470I,269,33,Female,White,United States,United States,United States,English,No,"Not in paid work (e.g. homemaker', 'retired or disabled)"
25f788ad46c1,6a8381f475242ceabef8006d,APPROVED,Not Applicable,2026-08-17T21:49:48Z,2026-08-17T21:56:44Z,2026-08-17T21:56:45Z,2026-08-17T21:57:45Z,417,CLKQ470I,1014,21,Male,Black,United States,United States,United States,English,No,Unemployed (and job seeking)
1180bfc4f78a,6a8382007f5b4210ed7a855b,APPROVED,Not Applicable,2026-08-17T21:49:59Z,2026-08-17T21:59:19Z,2026-08-17T21:59:25Z,2026-08-17T22:00:19Z,560,CLKQ470I,326,67,Female,White,United States,United States,United States,English,No,"Not in paid work (e.g. homemaker', 'retired or disabled)"
a20eb3d8f94a,6a8382020dfba19d2c7e9fea,APPROVED,Not Applicable,2026-08-17T21:49:58Z,2026-08-17T21:55:27Z,2026-08-17T21:55:43Z,2026-08-17T21:56:27Z,329,CLKQ470I,3758,31,Female,Mixed,United States,United States,United States,English,DATA_EXPIRED,DATA_EXPIRED
11cfe4ff7511,6a83820359939dc9519fe15d,APPROVED,Not Applicable,2026-08-17T21:49:59Z,2026-08-17T21:55:46Z,2026-08-17T21:55:47Z,2026-08-17T21:56:47Z,348,CLKQ470I,642,32,Female,White,United States,United States,United States,English,No,"Not in paid work (e.g. homemaker', 'retired or disabled)"
870648a8f3d3,6a838204ad26f218776eb9a5,APPROVED,Not Applicable,2026-08-17T21:50:10Z,2026-08-17T21:59:44Z,2026-08-17T21:59:45Z,2026-08-17T22:00:45Z,574,CLKQ470I,111,40,Male,Mixed,United States,United States,United States,English,No,Part-Time
80028b7b6605,6a83820a9faa4671238e1c84,APPROVED,Not Applicable,2026-08-17T21:50:09Z,2026-08-17T21:56:47Z,2026-08-17T21:56:52Z,2026-08-17T21:57:49Z,399,CLKQ470I,835,59,Female,White,United States,United States,United States,English,No,Part-Time
78b4c7290fff,6a83820c372304e66f5cf41b,APPROVED,Not Applicable,2026-08-17T21:50:09Z,2026-08-17T21:55:28Z,2026-08-17T21:55:34Z,2026-08-17T21:56:29Z,320,CLKQ470I,253,20,Female,White,United States,United States,United States,English,Yes,Other
3b5fe851b05c,6a83820cdfb1ecc9bd577c95,APPROVED,Not Applicable,2026-08-17T21:50:11Z,2026-08-17T21:58:06Z,2026-08-17T21:58:13Z,2026-08-17T21:59:07Z,475,CLKQ470I,428,29,Female,White,United States,United States,United States,English,No,"Not in paid work (e.g. homemaker', 'retired or disabled)"
63294fd2bce3,6a83820d3e33280751366495,APPROVED,Not Applicable,2026-08-17T21:50:10Z,2026-08-17T21:56:00Z,2026-08-17T21:56:01Z,2026-08-17T21:57:01Z,351,CLKQ470I,266,19,Female,Mixed,United States,United States,United States,English,Yes,Unemployed (and job seeking)
7fd8a82a93a0,6a83821093bcf452d9623ec0,APPROVED,Not Applicable,2026-08-17T21:52:25Z,2026-08-17T22:00:37Z,2026-08-17T22:00:38Z,2026-08-17T22:01:38Z,493,CLKQ470I,1807,27,Female,White,United States,United States,United States,English,No,Part-Time
a21b7b77d27d,6a8382182611e718b05ca1d2,APPROVED,Not Applicable,2026-08-17T21:50:23Z,2026-08-17T21:59:47Z,2026-08-17T21:59:47Z,2026-08-17T22:00:47Z,564,CLKQ470I,506,64,Female,White,United States,United States,United States,English,No,"Not in paid work (e.g. homemaker', 'retired or disabled)"
9fb95188928f,6a838225263a0cca1a1e0e5a,APPROVED,Not Applicable,2026-08-17T21:50:33Z,2026-08-17T21:56:06Z,2026-08-17T21:57:22Z,2026-08-17T21:57:07Z,334,CLKQ470I,1228,22,Male,White,United States,United States,United States,English,Yes,Full-Time
daeffe0c3574,6a838226a1ea8ef48c00773b,APPROVED,Not Applicable,2026-08-17T21:50:34Z,2026-08-17T21:56:16Z,2026-08-17T21:56:17Z,2026-08-17T21:57:16Z,343,CLKQ470I,44,23,Male,White,United States,United States,United States,English,Yes,Part-Time
8248c42706a1,6a838227e2833e4beb8b8e0f,APPROVED,Not Applicable,2026-08-17T21:50:36Z,2026-08-17T21:58:16Z,2026-08-17T21:58:17Z,2026-08-17T21:59:17Z,461,CLKQ470I,909,29,Female,White,United States,United States,United States,English,No,"Not in paid work (e.g. homemaker', 'retired or disabled)"
bd5fc0f1108c,6a83822c4332cadf8e2c4f66,APPROVED,Not Applicable,2026-08-17T21:51:18Z,2026-08-17T21:59:08Z,2026-08-17T21:59:09Z,2026-08-17T22:00:08Z,470,CLKQ470I,1258,56,Female,White,United States,United States,United States,English,No,Other
e654f1fc97d7,6a8382320f264b0cec1a1322,APPROVED,Not Applicable,2026-08-17T21:50:47Z,2026-08-17T21:57:47Z,2026-08-17T21:57:48Z,2026-08-17T21:58:48Z,421,CLKQ470I,9820,31,Female,Other,United States,United States,United States,English,Yes,Full-Time
35750759222c,6a83823d74644ec6bf4e167f,APPROVED,Not Applicable,2026-08-17T21:58:37Z,2026-08-17T22:13:57Z,2026-08-17T22:13:59Z,2026-08-17T22:14:58Z,920,CLKQ470I,935,58,Female,White,United States,United States,United States,English,No,Unemployed (and job seeking)
fda862d1e6fb,6a838241e85c96e6d8ca5923,APPROVED,Not Applicable,2026-08-17T21:51:04Z,2026-08-17T22:00:26Z,2026-08-17T22:00:27Z,2026-08-17T22:01:27Z,562,CLKQ470I,210,62,Female,White,Mexico,United States,United States,Spanish,No,Full-Time
6b1d93d033d4,6a838241f012a95a448a8dcd,APPROVED,Not Applicable,2026-08-17T21:54:37Z,2026-08-17T22:09:48Z,2026-08-17T22:09:49Z,2026-08-17T22:10:49Z,912,CLKQ470I,802,30,Female,White,United States,United States,United States,English,No,Part-Time
2bde9b29f9eb,6a838244091b74a68bba2500,APPROVED,Not Applicable,2026-08-17T21:51:04Z,2026-08-17T21:55:49Z,2026-08-17T21:55:50Z,2026-08-17T21:56:50Z,286,CLKQ470I,868,22,Female,White,United States,United States,United States,English,DATA_EXPIRED,DATA_EXPIRED
f921768f8779,6a838247cfa7881615a1e059,APPROVED,Not Applicable,2026-08-17T21:51:12Z,2026-08-17T21:59:47Z,2026-08-17T21:59:53Z,2026-08-17T22:00:48Z,516,CLKQ470I,496,42,Male,Mixed,United States,United States,United States,English,No,Part-Time
1f1cfb8e778a,6a8382485dcce2af142f651f,APPROVED,Not Applicable,2026-08-17T21:51:07Z,2026-08-17T21:57:35Z,2026-08-17T21:57:36Z,2026-08-17T21:58:36Z,389,CLKQ470I,141,32,Female,Other,United States,United States,United States,English,No,Part-Time
717b08bf07b9,6a838249ff581cf579072837,APPROVED,Not Applicable,2026-08-17T21:51:08Z,2026-08-17T21:57:38Z,2026-08-17T21:57:45Z,2026-08-17T21:58:39Z,390,CLKQ470I,1425,26,Female,White,United States,United States,United States,English,No,Unemployed (and job seeking)
ec5a64d9437e,6a83824babce7f2cb453a1c4,APPROVED,Not Applicable,2026-08-17T21:51:11Z,2026-08-17T21:56:31Z,2026-08-17T21:56:32Z,2026-08-17T21:57:32Z,321,CLKQ470I,1200,26,Female,White,United States,United States,United States,English,Yes,Full-Time
cde073fd8773,6a83824c2adcc2f4eaa8a54b,APPROVED,Not Applicable,2026-08-17T21:51:11Z,2026-08-17T22:13:53Z,2026-08-17T22:13:56Z,2026-08-17T22:14:54Z,1362,CLKQ470I,1271,20,Male,White,United States,United States,United States,English,Yes,Unemployed (and job seeking)
8b1246fd5ded,6a83824d5cc3eabc5dd9b585,APPROVED,Not Applicable,2026-08-17T21:53:27Z,2026-08-17T22:03:15Z,2026-08-17T22:03:16Z,2026-08-17T22:04:16Z,589,CLKQ470I,539,28,Male,Mixed,United States,United States,United States,English,No,Part-Time
4390a524811a,6a83824edb5f78622bfda0da,APPROVED,Not Applicable,2026-08-17T21:51:17Z,2026-08-17T21:56:23Z,2026-08-17T21:56:24Z,2026-08-17T21:57:24Z,306,CLKQ470I,2007,30,Male,Other,Peru,United States,United States,Spanish,No,Full-Time
1410b8beb07f,6a8382516d7ab908708f0635,APPROVED,Not Applicable,2026-08-17T21:51:17Z,2026-08-17T21:58:10Z,2026-08-17T21:58:11Z,2026-08-17T21:59:11Z,413,CLKQ470I,4470,30,Female,Mixed,United States,United States,United States,English,Yes,Full-Time
4da42ffb9cab,6a8382521d2cd165ed5cb92d,APPROVED,Not Applicable,2026-08-17T21:51:49Z,2026-08-17T21:57:58Z,2026-08-17T21:57:59Z,2026-08-17T21:58:59Z,370,CLKQ470I,677,33,Male,Other,United States,United States,United States,English,No,Full-Time
c57f6460dfb9,6a8382584e5899dbd1ec5467,APPROVED,Not Applicable,2026-08-17T21:51:33Z,2026-08-17T22:01:08Z,2026-08-17T22:01:09Z,2026-08-17T22:02:08Z,575,CLKQ470I,396,33,Female,Mixed,United States,United States,United States,English,Yes,Full-Time
d6e2c9efed64,6a83825bcd59a8bc062f8575,APPROVED,Not Applicable,2026-08-17T21:52:11Z,2026-08-17T21:58:31Z,2026-08-17T21:58:32Z,2026-08-17T21:59:31Z,380,CLKQ470I,12832,71,Female,White,United States,United States,United States,English,DATA_EXPIRED,DATA_EXPIRED
e0e17aee92c0,6a83825c0bdf98ac1327ad2d,APPROVED,Not Applicable,2026-08-17T21:53:55Z,2026-08-17T22:03:52Z,2026-08-17T22:03:53Z,2026-08-17T22:04:53Z,597,CLKQ470I,937,64,Female,Black,United States,United States,United States,English,No,Full-Time
29ad0e799bf2,6a8382606a727d5f1484e39d,APPROVED,Not Applicable,2026-08-17T21:51:32Z,2026-08-17T21:57:01Z,2026-08-17T21:57:02Z,2026-08-17T21:58:02Z,329,CLKQ470I,7315,55,Female,White,United States,United States,United States,English,No,Unemployed (and job seeking)
15997b47e4ad,6a83826159939dc9519fe162,APPROVED,Not Applicable,2026-08-17T21:51:34Z,2026-08-17T21:58:01Z,2026-08-17T21:58:07Z,2026-08-17T21:59:01Z,388,CLKQ470I,2622,67,Female,White,United States,United States,United States,English,No,Unemployed (and job seeking)
e3bb8432edab,6a83826e1bbbd238e087700c,RETURNED,Not Applicable,2026-08-17T21:52:28Z,NA,NA,2026-08-18T01:59:43Z,NA,NA,11795,CONSENT_REVOKED,CONSENT_REVOKED,CONSENT_REVOKED,CONSENT_REVOKED,CONSENT_REVOKED,CONSENT_REVOKED,CONSENT_REVOKED,CONSENT_REVOKED,CONSENT_REVOKED
e3faaffc0698,6a8382763e3328075136649c,APPROVED,Not Applicable,2026-08-17T21:51:57Z,2026-08-17T21:59:18Z,2026-08-17T21:59:24Z,2026-08-17T22:00:19Z,441,CLKQ470I,2773,71,Female,White,United States,United States,United States,English,No,DATA_EXPIRED
79c14e865f42,6a83827bb866ae4ad45b40d1,APPROVED,Not Applicable,2026-08-17T21:52:00Z,2026-08-17T21:58:35Z,2026-08-17T21:58:36Z,2026-08-17T21:59:36Z,396,CLKQ470I,818,56,Male,White,United States,United States,United States,English,No,"Not in paid work (e.g. homemaker', 'retired or disabled)"
6c7a082e0a6f,6a8382807f4e588671b0c2ca,APPROVED,Not Applicable,2026-08-17T21:52:15Z,2026-08-17T21:59:36Z,2026-08-17T21:59:38Z,2026-08-17T22:00:37Z,441,CLKQ470I,177,28,Female,Mixed,United States,United States,United States,English,No,Full-Time
03e382bd507c,6a838284d9ebbc5715f1c375,APPROVED,Not Applicable,2026-08-17T21:52:09Z,2026-08-17T21:57:00Z,2026-08-17T21:57:06Z,2026-08-17T21:58:01Z,292,CLKQ470I,1952,42,Male,Other,United States,United States,United States,English,DATA_EXPIRED,DATA_EXPIRED
bc4468e2a387,6a83828b6a0e73551a65d26a,APPROVED,Not Applicable,2026-08-17T21:52:14Z,2026-08-17T22:27:39Z,2026-08-17T22:27:40Z,2026-08-17T22:28:39Z,2125,CLKQ470I,17522,73,Male,White,United States,United States,United States,English,No,Full-Time
7b843bfb5871,6a83828e530254dbb65109e9,APPROVED,Not Applicable,2026-08-17T21:52:18Z,2026-08-17T21:58:40Z,2026-08-17T21:58:41Z,2026-08-17T21:59:41Z,383,CLKQ470I,644,55,Female,White,United States,United States,United States,English,No,Unemployed (and job seeking)
240182c98421,6a838299812b3d011353a1d5,APPROVED,Not Applicable,2026-08-17T21:52:30Z,2026-08-17T22:05:05Z,2026-08-17T22:05:06Z,2026-08-17T22:06:06Z,755,CLKQ470I,552,18,Male,Mixed,United States,United States,United States,English,No,Part-Time
a44be66e0ff4,6a8382a2725520c7428c0724,APPROVED,Not Applicable,2026-08-17T21:52:38Z,2026-08-17T22:00:26Z,2026-08-17T22:00:27Z,2026-08-17T22:01:27Z,469,CLKQ470I,797,55,Male,White,United States,United States,United States,English,No,Full-Time
4cb8e9334e9b,6a8382a2939147f9daba3854,APPROVED,Not Applicable,2026-08-17T21:52:41Z,2026-08-17T21:58:59Z,2026-08-17T21:59:00Z,2026-08-17T22:00:00Z,378,CLKQ470I,815,23,Female,White,United States,United States,United States,English,No,"Not in paid work (e.g. homemaker', 'retired or disabled)"
421f16f6c39f,6a8382a2bbd60d24a3d9695b,APPROVED,Not Applicable,2026-08-17T21:52:38Z,2026-08-17T22:00:50Z,2026-08-17T22:00:52Z,2026-08-17T22:01:51Z,493,CLKQ470I,938,18,Female,Mixed,United States,United States,United States,English,Yes,Unemployed (and job seeking)
ece84b4f8721,6a8382a2cefe2d0871c2fe8f,APPROVED,Not Applicable,2026-08-17T21:52:43Z,2026-08-17T22:00:18Z,2026-08-17T22:00:19Z,2026-08-17T22:01:19Z,455,CLKQ470I,3002,65,Female,White,United States,United States,United States,English,No,"Not in paid work (e.g. homemaker', 'retired or disabled)"
70045364528b,6a8382a308bfdce1221f4279,APPROVED,Not Applicable,2026-08-17T21:55:15Z,2026-08-17T22:07:50Z,2026-08-17T22:07:51Z,2026-08-17T22:08:51Z,755,CLKQ470I,1426,32,Female,Other,United States,United States,United States,English,No,Full-Time
4d7d5e1eda65,6a8382a7182cd4cb0605d59e,APPROVED,Not Applicable,2026-08-17T21:52:43Z,2026-08-17T22:01:45Z,2026-08-17T22:01:46Z,2026-08-17T22:02:46Z,543,CLKQ470I,65,56,Male,White,United States,United States,United States,English,No,Part-Time
efe80f003de2,6a8382aee0fee09e8a3870f9,APPROVED,Not Applicable,2026-08-17T21:53:57Z,2026-08-17T22:01:09Z,2026-08-17T22:01:10Z,2026-08-17T22:02:10Z,432,CLKQ470I,431,23,Male,White,United States,United States,United States,English,Yes,Other
1d635ff23086,6a8382bf240e449aeeaa4b2e,APPROVED,Not Applicable,2026-08-17T21:53:08Z,2026-08-17T22:00:36Z,2026-08-17T22:00:37Z,2026-08-17T22:01:37Z,449,CLKQ470I,311,26,Male,Mixed,United States,United States,United States,English,No,Other
b64e9e86482f,6a8382c9bad4d31494553a79,APPROVED,Not Applicable,2026-08-17T21:54:01Z,2026-08-17T22:00:43Z,2026-08-17T22:00:44Z,2026-08-17T22:01:43Z,402,CLKQ470I,616,32,Male,Mixed,United States,United States,United States,English,Yes,Part-Time
b93d4efc7f9b,6a8382d64a237b61c9bdbe98,RETURNED,Not Applicable,2026-08-17T21:53:31Z,NA,NA,2026-08-18T01:59:43Z,NA,NA,10552,CONSENT_REVOKED,CONSENT_REVOKED,CONSENT_REVOKED,CONSENT_REVOKED,CONSENT_REVOKED,CONSENT_REVOKED,CONSENT_REVOKED,CONSENT_REVOKED,CONSENT_REVOKED
2a73b4c34f30,6a8382ddbe2dbed1399a9977,RETURNED,Not Applicable,2026-08-17T22:04:00Z,NA,NA,2026-08-18T01:59:43Z,NA,NA,1044,CONSENT_REVOKED,CONSENT_REVOKED,CONSENT_REVOKED,CONSENT_REVOKED,CONSENT_REVOKED,CONSENT_REVOKED,CONSENT_REVOKED,CONSENT_REVOKED,CONSENT_REVOKED
ef6a3cc61ddb,6a8382e0d820ee47251a1300,APPROVED,Not Applicable,2026-08-17T21:53:40Z,2026-08-17T21:58:19Z,2026-08-17T21:58:20Z,2026-08-17T21:59:20Z,279,CLKQ470I,2127,32,Female,Other,United States,United States,United States,English,DATA_EXPIRED,DATA_EXPIRED
aff5c34c87ed,6a8382e10d93ae45821f422d,APPROVED,Not Applicable,2026-08-17T21:53:42Z,2026-08-17T22:02:36Z,2026-08-17T22:02:37Z,2026-08-17T22:03:37Z,535,CLKQ470I,371,22,Female,White,United States,United States,United States,English,No,Due to start a new job within the next month
cca863bca0b4,6a838300c06480af8074f1cf,APPROVED,Not Applicable,2026-08-17T21:55:03Z,2026-08-17T22:00:32Z,2026-08-17T22:00:32Z,2026-08-17T22:01:32Z,329,CLKQ470I,159,22,Female,White,United States,United States,United States,English,Yes,Unemployed (and job seeking)
a587c1f8d1d6,6a8383109cd4ecff306d9165,APPROVED,Not Applicable,2026-08-17T21:54:29Z,2026-08-17T22:07:10Z,2026-08-17T22:07:12Z,2026-08-17T22:08:11Z,761,CLKQ470I,1021,56,Male,Black,United States,United States,United States,English,No,Full-Time
b1033cb7f4b4,6a8383131637ed541a788605,APPROVED,Not Applicable,2026-08-17T21:54:31Z,2026-08-17T22:01:22Z,2026-08-17T22:01:23Z,2026-08-17T22:02:23Z,412,CLKQ470I,610,65,Male,White,United States,United States,United States,English,No,Full-Time
03168eb235ad,6a8383207d3225a417f88ae5,APPROVED,Not Applicable,2026-08-17T21:55:49Z,2026-08-17T22:04:44Z,2026-08-17T22:04:45Z,2026-08-17T22:05:45Z,536,CLKQ470I,15841,59,Female,Mixed,United States,United States,United States,English,No,"Not in paid work (e.g. homemaker', 'retired or disabled)"
de7df3c8e53c,6a838324b5c57dd9f944267c,APPROVED,Not Applicable,2026-08-17T21:54:49Z,2026-08-17T21:59:29Z,2026-08-17T21:59:30Z,2026-08-17T22:00:30Z,281,CLKQ470I,9100,71,Male,White,United States,United States,United States,English,No,Part-Time
fd40a256f4fc,6a83834bca2a51f26296cace,APPROVED,Not Applicable,2026-08-17T21:55:27Z,2026-08-17T22:20:00Z,2026-08-17T22:20:02Z,2026-08-17T22:21:01Z,1474,CLKQ470I,667,19,Male,Other,United States,United States,United States,Spanish,Yes,Part-Time
84275ce4c6a9,6a83837412cde1214c4c6cbb,APPROVED,Not Applicable,2026-08-17T21:56:08Z,2026-08-17T22:02:16Z,2026-08-17T22:02:17Z,2026-08-17T22:03:17Z,368,CLKQ470I,5660,58,Male,White,United States,United States,United States,English,No,Full-Time
18ead8a0a143,6a8383ae4a237b61c9bdbeac,APPROVED,Not Applicable,2026-08-17T21:57:05Z,2026-08-17T22:04:07Z,2026-08-17T22:04:07Z,2026-08-17T22:05:07Z,422,CLKQ470I,37,20,Female,White,United States,United States,United States,English,Yes,Part-Time
53a76a0afc04,6a8383d1765533503633afa6,APPROVED,Not Applicable,2026-08-17T21:57:41Z,2026-08-17T22:03:10Z,2026-08-17T22:03:11Z,2026-08-17T22:04:11Z,329,CLKQ470I,11330,59,Male,White,United Kingdom,United States,United States,English,No,Full-Time
b2d8350afe0f,6a8383dfc8213453ae553a4a,APPROVED,Not Applicable,2026-08-17T21:57:54Z,2026-08-17T22:01:35Z,2026-08-17T22:01:36Z,2026-08-17T22:02:36Z,222,CLKQ470I,363,50,Male,Mixed,United States,United States,United States,English,No,Unemployed (and job seeking)
5e2933625d84,6a8383e76cf49447a3d7b283,RETURNED,Not Applicable,2026-08-17T22:08:00Z,NA,NA,2026-08-18T01:59:43Z,NA,NA,5768,CONSENT_REVOKED,CONSENT_REVOKED,CONSENT_REVOKED,CONSENT_REVOKED,CONSENT_REVOKED,CONSENT_REVOKED,CONSENT_REVOKED,CONSENT_REVOKED,CONSENT_REVOKED
afa5fd71c89a,6a8383f06915dc3c7f26116a,APPROVED,Not Applicable,2026-08-17T21:58:22Z,2026-08-17T22:07:21Z,2026-08-17T22:07:22Z,2026-08-17T22:08:22Z,539,CLKQ470I,429,67,Female,Black,United States,United States,United States,English,DATA_EXPIRED,DATA_EXPIRED
cddadbba7175,6a838401b2525ed232003dda,APPROVED,Not Applicable,2026-08-17T21:58:35Z,2026-08-17T22:12:48Z,2026-08-17T22:12:49Z,2026-08-17T22:13:49Z,854,CLKQ470I,1970,60,Female,Black,United States,United States,United States,English,No,Full-Time
2ce6d8ba1206,6a838406374f0a5470adf58c,RETURNED,Not Applicable,2026-08-17T21:58:33Z,NA,NA,2026-08-18T01:59:43Z,NA,NA,51,CONSENT_REVOKED,CONSENT_REVOKED,CONSENT_REVOKED,CONSENT_REVOKED,CONSENT_REVOKED,CONSENT_REVOKED,CONSENT_REVOKED,CONSENT_REVOKED,CONSENT_REVOKED
64db1f2871b5,6a8384504c36a0cbc1fc5b9f,APPROVED,Not Applicable,2026-08-17T21:59:49Z,2026-08-17T22:30:29Z,2026-08-17T22:30:30Z,2026-08-17T22:31:30Z,1841,CLKQ470I,748,31,Male,Other,United States,United States,United States,Spanish,Yes,Part-Time
b72c56513977,6a838486489bd4bc7a99074a,APPROVED,Not Applicable,2026-08-17T22:00:42Z,2026-08-17T22:04:50Z,2026-08-17T22:04:51Z,2026-08-17T22:05:51Z,249,CLKQ470I,1062,42,Female,Other,United States,United States,United States,English,No,Full-Time
ae8a45524e52,6a8384b418eca945b5780741,APPROVED,Not Applicable,2026-08-17T22:01:30Z,2026-08-17T22:07:38Z,2026-08-17T22:07:38Z,2026-08-17T22:08:38Z,368,CLKQ470I,2211,40,Female,Mixed,Puerto Rico,United States,Puerto Rico,Spanish,No,Full-Time
4cee7938db73,6a8384c3765533503633afb5,APPROVED,Not Applicable,2026-08-17T22:01:43Z,2026-08-17T22:16:49Z,2026-08-17T22:16:50Z,2026-08-17T22:17:49Z,906,CLKQ470I,963,21,Male,Other,United States,United States,United States,English,Yes,Due to start a new job within the next month
161e85368d3d,6a8384f9d55e954b1982070a,APPROVED,Not Applicable,2026-08-17T22:03:58Z,2026-08-17T22:11:37Z,2026-08-17T22:11:38Z,2026-08-17T22:12:38Z,460,CLKQ470I,1472,56,Male,White,United States,United States,United States,English,No,Full-Time
66b66fd23369,6a8384fb3d0326c874206247,APPROVED,Not Applicable,2026-08-17T22:06:40Z,2026-08-17T22:14:23Z,2026-08-17T22:14:24Z,2026-08-17T22:15:23Z,463,CLKQ470I,1685,45,Female,Mixed,United States,United States,United States,English,No,"Not in paid work (e.g. homemaker', 'retired or disabled)"
786276fbb8ca,6a838503f913a60ee9e867b8,APPROVED,Not Applicable,2026-08-17T22:02:53Z,2026-08-17T22:08:48Z,2026-08-17T22:08:49Z,2026-08-17T22:09:49Z,356,CLKQ470I,591,75,Male,White,United States,United States,United States,English,No,"Not in paid work (e.g. homemaker', 'retired or disabled)"
08eac4c52b76,6a838506b5c57dd9f944269c,APPROVED,Not Applicable,2026-08-17T22:03:23Z,2026-08-17T22:10:51Z,2026-08-17T22:10:52Z,2026-08-17T22:11:52Z,448,CLKQ470I,838,76,Female,Mixed,United States,United States,United States,English,No,"Not in paid work (e.g. homemaker', 'retired or disabled)"
bdc02affef49,6a83850a81a3152a548f0767,APPROVED,Not Applicable,2026-08-17T22:02:59Z,2026-08-17T22:09:12Z,2026-08-17T22:09:17Z,2026-08-17T22:10:12Z,373,CLKQ470I,3650,74,Male,White,United States,United States,United States,English,No,DATA_EXPIRED
9ee92300107f,6a838511543f44f5c5f02df7,APPROVED,Not Applicable,2026-08-17T22:03:07Z,2026-08-17T22:12:08Z,2026-08-17T22:12:09Z,2026-08-17T22:13:09Z,542,CLKQ470I,201,20,Male,White,United States,United States,United States,English,Yes,Part-Time
9e1f362ea1f1,6a838528098ad0833e27ace0,APPROVED,Not Applicable,2026-08-17T22:03:29Z,2026-08-17T22:12:37Z,2026-08-17T22:12:38Z,2026-08-17T22:13:37Z,548,CLKQ470I,3445,64,Male,White,United States,United States,United States,English,No,Part-Time
40dcfe08cc01,6a8385894382c17a486d91ac,APPROVED,Not Applicable,2026-08-17T22:05:02Z,2026-08-17T22:11:37Z,2026-08-17T22:11:37Z,2026-08-17T22:12:37Z,395,CLKQ470I,88,19,Male,Mixed,United States,United States,DATA_EXPIRED,English,No,Unemployed (and job seeking)
0e438ad0ed91,6a8385a67d3343d51637f651,RETURNED,Not Applicable,2026-08-17T22:05:32Z,NA,NA,2026-08-18T01:59:43Z,NA,NA,2171,CONSENT_REVOKED,CONSENT_REVOKED,CONSENT_REVOKED,CONSENT_REVOKED,CONSENT_REVOKED,CONSENT_REVOKED,CONSENT_REVOKED,CONSENT_REVOKED,CONSENT_REVOKED
71f2618518ad,6a8385aa30a1d186a9a7d1c6,APPROVED,Not Applicable,2026-08-17T22:05:33Z,2026-08-17T22:11:39Z,2026-08-17T22:11:40Z,2026-08-17T22:12:39Z,366,CLKQ470I,69,20,Male,White,United States,United States,United States,English,Yes,Full-Time
90434cbec529,6a8385b5cd86e8093fb5a980,APPROVED,Not Applicable,2026-08-17T22:09:15Z,2026-08-17T22:17:11Z,2026-08-17T22:17:12Z,2026-08-17T22:18:12Z,476,CLKQ470I,4873,46,Female,Mixed,United States,United States,United States,English,DATA_EXPIRED,DATA_EXPIRED
656307d3a36a,6a8385d95e125e2b30a4ed67,APPROVED,Not Applicable,2026-08-17T22:06:20Z,2026-08-17T22:13:26Z,2026-08-17T22:13:27Z,2026-08-17T22:14:27Z,426,CLKQ470I,85,40,Female,Other,United States,United States,United States,Spanish,No,Unemployed (and job seeking)
b0fcdefe8ceb,6a8385d9971d3b52e2e946fe,APPROVED,Not Applicable,2026-08-17T22:07:00Z,2026-08-17T22:16:22Z,2026-08-17T22:16:23Z,2026-08-17T22:17:23Z,563,CLKQ470I,954,18,Male,White,United States,United States,United States,English,Yes,Part-Time
49039fe37f0f,6a8385e0d3bb71873074f1a3,APPROVED,Not Applicable,2026-08-17T22:06:29Z,2026-08-17T22:14:21Z,2026-08-17T22:14:22Z,2026-08-17T22:15:22Z,472,CLKQ470I,228,19,Female,White,United States,United States,United States,English,Yes,Unemployed (and job seeking)
5ae78e104f0e,6a83860cc46b1fe1423d9237,APPROVED,Not Applicable,2026-08-17T22:07:12Z,2026-08-17T22:12:46Z,2026-08-17T22:12:47Z,2026-08-17T22:13:47Z,335,CLKQ470I,86,22,Female,White,United States,United States,United States,English,Yes,Part-Time
6119a919b2af,6a83860f565e71c71ecf16e7,APPROVED,Not Applicable,2026-08-17T22:07:16Z,2026-08-17T22:10:33Z,2026-08-18T02:02:55Z,2026-08-17T22:11:34Z,198,CLKQ470I,57,22,Female,White,United States,United States,United States,English,Yes,Unemployed (and job seeking)
2acf91b9547b,6a83862003a6eec233b21b15,APPROVED,Not Applicable,2026-08-17T22:07:34Z,2026-08-17T22:18:06Z,2026-08-17T22:18:07Z,2026-08-17T22:19:07Z,633,CLKQ470I,1416,48,Female,Mixed,United States,United States,United States,English,No,"Not in paid work (e.g. homemaker', 'retired or disabled)"
8d6bc1aacf2c,6a838625c31e85855ad0a9a3,APPROVED,Not Applicable,2026-08-17T22:07:40Z,2026-08-17T22:13:54Z,2026-08-17T22:14:00Z,2026-08-17T22:14:54Z,375,CLKQ470I,402,66,Male,White,United States,United States,United States,English,No,Part-Time
473fd5d3fd5a,6a83862ad8e221134cb63261,APPROVED,Not Applicable,2026-08-17T22:07:54Z,2026-08-17T22:15:44Z,2026-08-17T22:15:45Z,2026-08-17T22:16:45Z,470,CLKQ470I,857,71,Male,White,United States,United States,United States,English,No,Part-Time
b6f9d06257f3,6a838639af55284c3953a1c9,APPROVED,Not Applicable,2026-08-17T22:07:55Z,2026-08-17T22:13:21Z,2026-08-17T22:13:22Z,2026-08-17T22:14:22Z,327,CLKQ470I,297,19,Male,White,United States,United States,United States,English,Yes,Other
b7d6bd7f0a51,6a838641d0712a5a5bc094d9,APPROVED,Not Applicable,2026-08-17T22:08:05Z,2026-08-17T22:14:53Z,2026-08-17T22:14:54Z,2026-08-17T22:15:54Z,409,CLKQ470I,1655,46,Male,Mixed,United States,United States,United States,English,No,Full-Time
4206667aaa8e,6a838649c78a3ebf933bc043,APPROVED,Not Applicable,2026-08-17T22:08:22Z,2026-08-17T22:17:23Z,2026-08-17T22:17:24Z,2026-08-17T22:18:24Z,542,CLKQ470I,2193,35,Male,Other,United States,United States,United States,English,No,DATA_EXPIRED
1b3c808f6989,6a838667765533503633afed,APPROVED,Not Applicable,2026-08-17T22:08:43Z,2026-08-17T22:19:11Z,2026-08-17T22:19:12Z,2026-08-17T22:20:12Z,629,CLKQ470I,575,22,Male,Other,United States,United States,United States,Spanish,Yes,Unemployed (and job seeking)
a76a800280ac,6a83867dd7996bf7f0b5a94a,APPROVED,Not Applicable,2026-08-17T22:09:08Z,2026-08-17T22:15:45Z,2026-08-17T22:15:47Z,2026-08-17T22:16:47Z,398,CLKQ470I,2966,22,Male,White,United States,United States,United States,English,Yes,Part-Time
e6fc4afd8bee,6a8386bd078e8d8175621a28,APPROVED,Not Applicable,2026-08-17T22:10:10Z,2026-08-17T22:19:36Z,2026-08-17T22:19:37Z,2026-08-17T22:20:36Z,566,CLKQ470I,19,19,Female,White,Peru,United States,United States,Spanish,Yes,Other
f70e0dd61c23,6a8387097178fdfe97623e97,APPROVED,Not Applicable,2026-08-17T22:13:54Z,2026-08-17T22:20:10Z,2026-08-17T22:20:11Z,2026-08-17T22:21:11Z,376,CLKQ470I,693,39,Female,Mixed,United States,United States,United States,English,No,Other
5c1761be118b,6a83872e19a3509b2f05d58e,APPROVED,Not Applicable,2026-08-17T22:12:09Z,2026-08-17T22:18:30Z,2026-08-17T22:18:31Z,2026-08-17T22:19:30Z,381,CLKQ470I,939,66,Male,White,United States,United States,United States,English,No,"Not in paid work (e.g. homemaker', 'retired or disabled)"
2523dc35b41d,6a8387480c7b3a6923c65cbe,APPROVED,Not Applicable,2026-08-17T22:12:31Z,2026-08-17T22:24:15Z,2026-08-17T22:24:16Z,2026-08-17T22:25:16Z,705,CLKQ470I,11841,67,Male,White,United States,United States,United States,English,No,"Not in paid work (e.g. homemaker', 'retired or disabled)"
05f451669e3e,6a8387501881b4ede9bdbe7f,RETURNED,Not Applicable,NA,NA,NA,2026-08-18T01:59:43Z,NA,NA,167,CONSENT_REVOKED,CONSENT_REVOKED,CONSENT_REVOKED,CONSENT_REVOKED,CONSENT_REVOKED,CONSENT_REVOKED,CONSENT_REVOKED,CONSENT_REVOKED,CONSENT_REVOKED
4b11bcc4954b,6a83875711bbed512d55b921,APPROVED,Not Applicable,2026-08-17T22:12:43Z,2026-08-17T22:18:58Z,2026-08-17T22:18:59Z,2026-08-17T22:19:59Z,376,CLKQ470I,10428,68,Female,Mixed,United States,United States,United States,English,No,"Not in paid work (e.g. homemaker', 'retired or disabled)"
d3e7d6071ea2,6a83879ae947f98f5cc57550,APPROVED,Not Applicable,2026-08-17T22:13:49Z,2026-08-17T22:21:23Z,2026-08-17T22:21:24Z,2026-08-17T22:22:24Z,455,CLKQ470I,399,22,Male,White,United States,United States,United States,English,No,Full-Time
14cff9e3fd95,6a8387a628a1b97bd2ca5928,APPROVED,Not Applicable,2026-08-17T22:14:02Z,2026-08-17T22:18:49Z,2026-08-17T22:18:50Z,2026-08-17T22:19:50Z,288,CLKQ470I,549,22,Female,White,United States,United States,United States,English,Yes,Part-Time
7566a38ce68c,6a8387c49f60c918cf58bc94,APPROVED,Not Applicable,2026-08-17T22:14:32Z,2026-08-17T22:21:17Z,2026-08-17T22:21:18Z,2026-08-17T22:22:17Z,405,CLKQ470I,324,23,Female,White,United States,United States,United States,English,Yes,Part-Time
56d3068a99df,6a8387c74a7ad24428ca5913,APPROVED,Not Applicable,2026-08-17T22:14:35Z,2026-08-17T22:25:32Z,2026-08-17T22:25:34Z,2026-08-17T22:26:34Z,658,CLKQ470I,71,22,Female,Asian,Philippines,United States,Philippines,Tagalog-Filipino,No,Unemployed (and job seeking)
df6170a98d06,6a8387cbf6d9595e9da9eff1,APPROVED,Not Applicable,2026-08-17T22:14:42Z,2026-08-17T22:27:18Z,2026-08-17T22:27:19Z,2026-08-17T22:28:19Z,757,CLKQ470I,3653,48,Female,Black,United States,United States,United States,English,Yes,Part-Time
a1ef23bb9b66,6a8387d404271b84262f9eb4,APPROVED,Not Applicable,2026-08-17T22:14:50Z,2026-08-17T22:20:56Z,2026-08-17T22:20:57Z,2026-08-17T22:21:57Z,367,CLKQ470I,2306,56,Male,White,United States,United States,United States,English,DATA_EXPIRED,DATA_EXPIRED
e5035275c835,6a83882297d6a97488387162,APPROVED,Not Applicable,2026-08-17T22:16:09Z,2026-08-17T22:26:58Z,2026-08-17T22:26:58Z,2026-08-17T22:27:58Z,649,CLKQ470I,305,60,Male,Asian,India,United States,India,Punjabi,No,Part-Time
e5dff10e923a,6a838834dacf8a61d0d7196b,RETURNED,Not Applicable,2026-08-17T22:16:25Z,NA,NA,2026-08-18T01:59:43Z,NA,NA,8751,CONSENT_REVOKED,CONSENT_REVOKED,CONSENT_REVOKED,CONSENT_REVOKED,CONSENT_REVOKED,CONSENT_REVOKED,CONSENT_REVOKED,CONSENT_REVOKED,CONSENT_REVOKED
4922095f860d,6a838841c3b58af8e9a7e3c1,APPROVED,Not Applicable,2026-08-17T22:16:47Z,2026-08-17T22:24:14Z,2026-08-17T22:24:15Z,2026-08-17T22:25:15Z,448,CLKQ470I,2375,84,Male,White,United States,United States,United States,English,No,"Not in paid work (e.g. homemaker', 'retired or disabled)"
37fad475ecef,6a8388422de0cf44070abdbd,APPROVED,Not Applicable,2026-08-17T22:16:43Z,2026-08-17T22:22:54Z,2026-08-17T22:22:55Z,2026-08-17T22:23:55Z,371,CLKQ470I,299,22,Male,White,United States,United States,United States,English,No,Unemployed (and job seeking)
df965383bb0d,6a8388486e3dfd58b785c20f,APPROVED,Not Applicable,2026-08-17T22:16:53Z,2026-08-17T22:24:24Z,2026-08-17T22:24:25Z,2026-08-17T22:25:25Z,452,CLKQ470I,8787,70,Male,White,United States,United States,United States,English,No,"Not in paid work (e.g. homemaker', 'retired or disabled)"
4301f8b04b74,6a83884df8c96b2077b259c7,APPROVED,Not Applicable,2026-08-17T22:16:52Z,2026-08-17T22:21:12Z,2026-08-17T22:21:13Z,2026-08-17T22:22:13Z,261,CLKQ470I,481,46,Female,Mixed,United States,United States,United States,English,No,Full-Time
d2a9aae159a9,6a8388b911730aac6c003e12,APPROVED,Not Applicable,2026-08-17T22:18:36Z,2026-08-17T22:24:13Z,2026-08-17T22:24:14Z,2026-08-17T22:25:14Z,337,CLKQ470I,352,18,Male,White,United States,United States,United States,English,Yes,Full-Time
c765602a69af,6a8388bf1dad6985c94879d0,APPROVED,Not Applicable,2026-08-17T22:23:19Z,2026-08-17T22:36:16Z,2026-08-17T22:36:17Z,2026-08-17T22:37:17Z,778,CLKQ470I,1662,68,Male,White,Peru,United States,Peru,Spanish,No,DATA_EXPIRED
ebf7b187fc4d,6a8388bf7c1220d739548323,RETURNED,Not Applicable,NA,NA,NA,2026-08-18T01:59:43Z,NA,NA,3522,CONSENT_REVOKED,CONSENT_REVOKED,CONSENT_REVOKED,CONSENT_REVOKED,CONSENT_REVOKED,CONSENT_REVOKED,CONSENT_REVOKED,CONSENT_REVOKED,CONSENT_REVOKED
c8cfe2072daa,6a8388c282ff0023e2cab7ba,APPROVED,Not Applicable,2026-08-17T22:18:50Z,2026-08-17T22:26:39Z,2026-08-17T22:26:40Z,2026-08-17T22:27:40Z,470,CLKQ470I,2089,56,Male,White,United States,United States,United States,English,No,Full-Time
a01b3be29e08,6a8388cc4a361888b61c49d8,APPROVED,Not Applicable,2026-08-17T22:19:02Z,2026-08-17T22:29:19Z,2026-08-17T22:29:20Z,2026-08-17T22:30:20Z,618,CLKQ470I,73,60,Male,White,United States,United States,Poland,English,No,Unemployed (and job seeking)
6d2f2fdbf508,6a8388cf3999ad189d765e91,APPROVED,Not Applicable,2026-08-17T22:19:40Z,2026-08-17T22:27:29Z,2026-08-17T22:27:30Z,2026-08-17T22:28:30Z,470,CLKQ470I,2546,61,Female,Mixed,United States,United States,United States,English,No,"Not in paid work (e.g. homemaker', 'retired or disabled)"
4442c9ed3215,6a838916b4d2452eb1b8bd07,APPROVED,Not Applicable,2026-08-17T22:20:10Z,2026-08-17T22:27:00Z,2026-08-17T22:27:01Z,2026-08-17T22:28:00Z,411,CLKQ470I,1719,21,Male,White,United States,United States,United States,English,No,Full-Time
2a747ad70187,6a838942d442fcce92d56089,APPROVED,Not Applicable,2026-08-17T22:21:13Z,2026-08-17T22:28:12Z,2026-08-17T22:28:13Z,2026-08-17T22:29:13Z,419,CLKQ470I,317,60,Male,White,United States,United States,United States,English,DATA_EXPIRED,DATA_EXPIRED
2e8ad63e095a,6a83895444b54b4c2291971c,APPROVED,Not Applicable,2026-08-17T22:21:15Z,2026-08-17T22:28:41Z,2026-08-17T22:28:42Z,2026-08-17T22:29:41Z,446,CLKQ470I,1348,55,Male,White,United States,United States,United States,English,No,Unemployed (and job seeking)
842e325151c7,6a8389550e56335a995cb964,APPROVED,Not Applicable,2026-08-17T22:21:18Z,2026-08-17T22:26:57Z,2026-08-17T22:26:58Z,2026-08-17T22:27:57Z,339,CLKQ470I,2543,22,Female,White,United States,United States,United States,English,Yes,Part-Time
188cd2c2ef07,6a83896bead34b25a676abc2,APPROVED,Not Applicable,2026-08-17T22:21:43Z,2026-08-17T22:30:25Z,2026-08-17T22:30:27Z,2026-08-17T22:31:26Z,522,CLKQ470I,475,72,Male,White,United States,United States,United States,English,No,"Not in paid work (e.g. homemaker', 'retired or disabled)"
2d56e20c0044,6a838986c78a3ebf933bc09e,APPROVED,Not Applicable,2026-08-17T22:22:02Z,2026-08-17T22:29:54Z,2026-08-17T22:29:55Z,2026-08-17T22:30:55Z,472,CLKQ470I,11637,62,Female,Asian,United States,United States,United States,English,No,"Not in paid work (e.g. homemaker', 'retired or disabled)"
c27f08bc5082,6a8389a35468ca4ed6bb9f83,APPROVED,Not Applicable,2026-08-17T22:22:31Z,2026-08-17T22:28:20Z,2026-08-17T22:28:21Z,2026-08-17T22:29:21Z,349,CLKQ470I,431,70,Male,White,United States,United States,United States,English,No,"Not in paid work (e.g. homemaker', 'retired or disabled)"
8418053b0a12,6a8389a8f4ccd71ec40abdc4,RETURNED,Not Applicable,2026-08-17T22:22:36Z,NA,NA,2026-08-18T01:59:43Z,NA,NA,757,CONSENT_REVOKED,CONSENT_REVOKED,CONSENT_REVOKED,CONSENT_REVOKED,CONSENT_REVOKED,CONSENT_REVOKED,CONSENT_REVOKED,CONSENT_REVOKED,CONSENT_REVOKED
f1ace5975a51,6a8389b1d5e58c83eecb0327,APPROVED,Not Applicable,2026-08-17T22:22:52Z,2026-08-17T22:43:21Z,2026-08-17T22:43:22Z,2026-08-17T22:44:21Z,1229,CLKQ470I,125,50,Female,Mixed,United States,United States,United States,English,No,Part-Time
04eba82afba9,6a8389d021143ea65932dd56,APPROVED,Not Applicable,2026-08-17T22:23:15Z,2026-08-17T22:29:06Z,2026-08-17T22:29:07Z,2026-08-17T22:30:07Z,352,CLKQ470I,214,41,Female,Mixed,United States,United States,United States,English,DATA_EXPIRED,DATA_EXPIRED
d258c7a62eb8,6a8389d18e8ba62b04a4ed41,APPROVED,Not Applicable,2026-08-17T22:23:19Z,2026-08-17T22:30:27Z,2026-08-17T22:30:33Z,2026-08-17T22:31:27Z,428,CLKQ470I,407,78,Male,White,United States,United States,United States,English,DATA_EXPIRED,DATA_EXPIRED
d6fdb2d3122f,6a8389e2cd4453434d77ec04,APPROVED,Not Applicable,2026-08-17T22:23:33Z,2026-08-17T22:28:25Z,2026-08-17T22:28:26Z,2026-08-17T22:29:26Z,293,CLKQ470I,216,19,Male,White,United States,United States,United States,English,Yes,Unemployed (and job seeking)
a66da0bb8443,6a8389f1d9fb858a588f0651,APPROVED,Not Applicable,2026-08-17T22:23:55Z,2026-08-17T22:38:16Z,2026-08-17T22:38:17Z,2026-08-17T22:39:17Z,862,CLKQ470I,388,52,Female,Other,Brazil,United States,United States,Portuguese,Yes,Unemployed (and job seeking)
69576b1abf6c,6a8389f8f89235e8ec06275f,APPROVED,Not Applicable,2026-08-17T22:24:52Z,2026-08-17T22:33:13Z,2026-08-17T22:33:14Z,2026-08-17T22:34:14Z,502,CLKQ470I,1036,64,Male,Mixed,United States,United States,United States,English,No,Part-Time
2d732c603506,6a838a153b25bdfb26b259ea,APPROVED,Not Applicable,2026-08-17T22:24:30Z,2026-08-17T22:33:00Z,2026-08-17T22:33:01Z,2026-08-17T22:34:01Z,510,CLKQ470I,3977,58,Male,White,United States,United States,United States,English,No,Part-Time
83d3064cafae,6a838a1da3e4a57470103831,APPROVED,Not Applicable,2026-08-17T22:24:34Z,2026-08-17T22:34:58Z,2026-08-17T22:34:59Z,2026-08-17T22:35:59Z,625,CLKQ470I,395,22,Female,White,United States,United States,United States,English,No,Due to start a new job within the next month
c6b0ca64a912,6a838a30fdfec829c7d2d8fe,APPROVED,Not Applicable,2026-08-17T22:24:57Z,2026-08-17T22:35:24Z,2026-08-17T22:35:25Z,2026-08-17T22:36:25Z,628,CLKQ470I,1159,35,Female,Mixed,United States,United States,United States,English,No,Part-Time
faca7ba9302d,6a838a4f078e8d8175621a65,APPROVED,Not Applicable,2026-08-17T22:25:25Z,2026-08-17T22:33:42Z,2026-08-17T22:33:43Z,2026-08-17T22:34:43Z,498,CLKQ470I,558,58,Male,White,United States,United States,United States,English,No,Full-Time
68b2bfd17444,6a838a5d8426f664ead09922,APPROVED,Not Applicable,2026-08-17T22:25:38Z,2026-08-17T22:30:53Z,2026-08-17T22:30:54Z,2026-08-17T22:31:54Z,316,CLKQ470I,4208,60,Male,White,United States,United States,United States,English,No,Full-Time
bfeed9d92a23,6a838a8161ac0adc97ab4ea3,APPROVED,Not Applicable,2026-08-17T22:26:35Z,2026-08-17T22:34:24Z,2026-08-17T22:34:25Z,2026-08-17T22:35:25Z,469,CLKQ470I,750,22,Female,White,United States,United States,United States,English,No,Full-Time
c7be878e37fd,6a838a93701ec0e9f7cab793,APPROVED,Not Applicable,2026-08-17T22:29:20Z,2026-08-17T22:41:11Z,2026-08-17T22:41:12Z,2026-08-17T22:42:12Z,712,CLKQ470I,334,50,Male,Other,United States,United States,United States,English,No,Full-Time
be45819b04d9,6a838a9bc78a3ebf933bc0b0,APPROVED,Not Applicable,2026-08-17T22:26:38Z,2026-08-17T22:33:12Z,2026-08-17T22:33:13Z,2026-08-17T22:34:13Z,395,CLKQ470I,782,23,Male,White,United States,United States,United States,English,Yes,Unemployed (and job seeking)
b8c6e5426ccc,6a838aa801542bfb47003dc4,APPROVED,Not Applicable,2026-08-17T22:26:53Z,2026-08-17T22:41:43Z,2026-08-17T22:41:44Z,2026-08-17T22:42:43Z,890,CLKQ470I,4497,48,Male,Mixed,United States,United States,United States,English,Yes,Due to start a new job within the next month
d5f4081d6981,6a838ab5df380789e4116561,APPROVED,Not Applicable,2026-08-17T22:27:08Z,2026-08-17T22:32:50Z,2026-08-17T22:32:51Z,2026-08-17T22:33:50Z,342,CLKQ470I,512,19,Male,Other,United States,United States,United States,English,Yes,Unemployed (and job seeking)
4c87fb810065,6a838abaf07727940edcbc60,APPROVED,Not Applicable,2026-08-17T22:27:09Z,2026-08-17T22:33:03Z,2026-08-17T22:33:04Z,2026-08-17T22:34:03Z,354,CLKQ470I,276,19,Female,Asian,United States,United States,United States,English,Yes,Unemployed (and job seeking)
2b243eb4d7f3,6a838ad0e9697e58bd74f1d5,APPROVED,Not Applicable,2026-08-17T22:27:32Z,2026-08-17T22:34:08Z,2026-08-17T22:34:09Z,2026-08-17T22:35:09Z,397,CLKQ470I,957,23,Female,Other,United States,United States,United States,English,Yes,Other
355aa7b272b7,6a838afadd7fbd9f2cd2d8d2,APPROVED,Not Applicable,2026-08-17T22:28:18Z,2026-08-17T22:36:24Z,2026-08-17T22:36:25Z,2026-08-17T22:37:25Z,487,CLKQ470I,825,63,Male,White,United States,United States,United States,English,No,Other
184f62fe528c,6a838b173df04466591fc783,APPROVED,Not Applicable,2026-08-17T22:28:42Z,2026-08-17T22:35:06Z,2026-08-17T22:35:07Z,2026-08-17T22:36:07Z,384,CLKQ470I,1277,22,Male,White,United States,United States,United States,English,No,Unemployed (and job seeking)
3b0589e86864,6a838b1e304946a6efe29089,APPROVED,Not Applicable,2026-08-17T22:28:50Z,2026-08-17T22:33:49Z,2026-08-17T22:33:51Z,2026-08-17T22:34:51Z,300,CLKQ470I,190,19,Female,White,United States,United States,United States,English,Yes,Part-Time
e6208eaa2d7f,6a838b4498dcd7511fd9b5a6,APPROVED,Not Applicable,2026-08-17T22:29:37Z,2026-08-17T22:36:37Z,2026-08-17T22:36:38Z,2026-08-17T22:37:38Z,421,CLKQ470I,11622,55,Male,Black,United States,United States,United States,English,No,Full-Time
7a5d294a3370,6a838b4af80ccdd82c53a1c2,APPROVED,Not Applicable,2026-08-17T22:29:36Z,2026-08-17T22:36:59Z,2026-08-17T22:37:00Z,2026-08-17T22:38:00Z,443,CLKQ470I,2688,59,Male,White,United States,United States,United States,English,No,Part-Time
06b1e4ac3bae,6a838b56a2336e3fa07f55e1,APPROVED,Not Applicable,2026-08-17T22:29:45Z,2026-08-17T22:36:17Z,2026-08-17T22:36:18Z,2026-08-17T22:37:18Z,392,CLKQ470I,329,22,Male,Mixed,United States,United States,DATA_EXPIRED,English,No,Due to start a new job within the next month
38d58bf25f97,6a838b79b3895638e6dd215e,APPROVED,Not Applicable,2026-08-17T22:30:24Z,2026-08-17T22:36:43Z,2026-08-17T22:36:44Z,2026-08-17T22:37:44Z,380,CLKQ470I,31,23,Male,White,United States,United States,United States,English,No,Unemployed (and job seeking)
1e4be4c90dad,6a838ba05fc9c53516a8f112,TIMED-OUT,Not Applicable,2026-08-17T22:31:01Z,NA,NA,2026-08-18T01:59:43Z,12523,NA,1234,51,Male,Mixed,Peru,United States,United States,English,No,Full-Time
a35647da2e56,6a838bbd37b1d5b7da1fc795,APPROVED,Not Applicable,2026-08-17T22:31:31Z,2026-08-17T22:39:06Z,2026-08-17T22:39:07Z,2026-08-17T22:40:06Z,456,CLKQ470I,890,19,Female,Black,Congo the Democratic Republic of the,United States,United States,English,Yes,Full-Time
5f9a43a77f60,6a838bc1722ca4f6b6d0a9d8,APPROVED,Not Applicable,2026-08-17T22:31:31Z,2026-08-17T22:36:55Z,2026-08-17T22:36:56Z,2026-08-17T22:37:55Z,324,CLKQ470I,1714,21,Male,White,United States,United States,United States,English,Yes,DATA_EXPIRED
c088aca2def1,6a838bcbdaff684255cbc5c7,APPROVED,Not Applicable,2026-08-17T22:31:47Z,2026-08-17T22:48:24Z,2026-08-17T22:48:25Z,2026-08-17T22:49:25Z,998,CLKQ470I,1083,58,Female,White,United States,United States,United States,English,No,Unemployed (and job seeking)
15d85274c2c3,6a838bdf0f43bc222fe7d709,APPROVED,Not Applicable,2026-08-17T22:32:02Z,2026-08-17T22:49:08Z,2026-08-17T22:49:09Z,2026-08-17T22:50:09Z,1027,CLKQ470I,1054,35,Female,Mixed,United States,United States,United States,English,Yes,DATA_EXPIRED
89587f4d145c,6a838bfe59025a5b288dfccd,APPROVED,Not Applicable,2026-08-17T22:32:33Z,2026-08-17T22:37:47Z,2026-08-17T22:37:47Z,2026-08-17T22:38:47Z,314,CLKQ470I,784,21,Male,Mixed,United States,United States,United States,Spanish,Yes,Other
e05335d43e4d,6a838c071c4c4e1ee48e8df2,APPROVED,Not Applicable,2026-08-17T22:33:04Z,2026-08-17T22:51:42Z,2026-08-17T22:51:43Z,2026-08-17T22:52:43Z,1119,CLKQ470I,4910,46,Male,Other,United States,United States,United States,English,No,Full-Time
5d423bb9fb74,6a838c0bd87b31e9208c7282,APPROVED,Not Applicable,2026-08-17T22:32:51Z,2026-08-17T22:40:35Z,2026-08-17T22:40:36Z,2026-08-17T22:41:36Z,465,CLKQ470I,78,20,Male,White,United States,United States,United States,English,DATA_EXPIRED,DATA_EXPIRED
83bf877d3889,6a838c10d34dbaaaf5d6e871,APPROVED,Not Applicable,2026-08-17T22:33:02Z,2026-08-17T22:42:13Z,2026-08-17T22:42:14Z,2026-08-17T22:43:14Z,552,CLKQ470I,2833,60,Male,Black,United States,United States,United States,English,No,Other
4962ff921ef5,6a838c3e039570f803d408a8,APPROVED,Not Applicable,2026-08-17T22:33:39Z,2026-08-17T22:42:47Z,2026-08-17T22:42:47Z,2026-08-17T22:43:47Z,548,CLKQ470I,2546,61,Male,Black,United States,United States,United States,English,No,Full-Time
8ffe6ceae80e,6a838c5da0d0610880d09949,APPROVED,Not Applicable,2026-08-17T22:34:12Z,2026-08-17T22:43:33Z,2026-08-17T22:43:34Z,2026-08-17T22:44:34Z,562,CLKQ470I,602,48,Male,Other,United States,United States,United States,English,No,Full-Time
7f9c0157e48d,6a838c69b6ff2b4ff50abd9a,APPROVED,Not Applicable,2026-08-17T22:34:21Z,2026-08-17T22:39:34Z,2026-08-17T22:39:36Z,2026-08-17T22:40:35Z,314,CLKQ470I,554,22,Male,White,United States,United States,United States,English,Yes,Part-Time
b5e7b37e8218,6a838c6fe52a27fe6d4214bc,APPROVED,Not Applicable,2026-08-17T22:35:46Z,2026-08-17T22:53:21Z,2026-08-17T22:53:22Z,2026-08-17T22:54:21Z,1055,CLKQ470I,2430,35,Male,Other,United States,United States,United States,English,No,Full-Time
c39145597c29,6a838cb4439813329eda73e6,APPROVED,Not Applicable,2026-08-17T22:35:36Z,2026-08-17T22:43:36Z,2026-08-17T22:43:37Z,2026-08-17T22:44:37Z,480,CLKQ470I,3214,20,Male,White,United States,United States,United States,English,Yes,Part-Time
5e6f0177e967,6a838cc2565e71c71ecf1744,APPROVED,Not Applicable,2026-08-17T22:35:50Z,2026-08-17T22:44:09Z,2026-08-17T22:44:10Z,2026-08-17T22:45:10Z,500,CLKQ470I,2528,38,Male,Other,United States,United States,United States,English,No,Unemployed (and job seeking)
caaaa4afe4d3,6a838cd212a37ee2dec65c87,RETURNED,Not Applicable,2026-08-17T22:36:05Z,NA,NA,2026-08-18T01:59:43Z,NA,NA,58,CONSENT_REVOKED,CONSENT_REVOKED,CONSENT_REVOKED,CONSENT_REVOKED,CONSENT_REVOKED,CONSENT_REVOKED,CONSENT_REVOKED,CONSENT_REVOKED,CONSENT_REVOKED
b1b30f46de91,6a838d0ac3379ea9c4b0c2ca,APPROVED,Not Applicable,2026-08-17T22:37:03Z,2026-08-17T22:42:38Z,2026-08-17T22:42:40Z,2026-08-17T22:43:40Z,336,CLKQ470I,52,23,Female,White,United States,United States,United States,English,Yes,Full-Time
347f3917f042,6a838d18eaf2344f84eb9a02,APPROVED,Not Applicable,2026-08-17T22:37:15Z,2026-08-17T22:41:08Z,2026-08-17T22:41:09Z,2026-08-17T22:42:09Z,234,CLKQ470I,527,22,Male,White,United States,United States,United States,English,No,Full-Time
ccd50e3c2b65,6a838d4739ad7585af0b407d,APPROVED,Not Applicable,2026-08-17T22:38:04Z,2026-08-17T22:49:26Z,2026-08-17T22:49:27Z,2026-08-17T22:50:26Z,683,CLKQ470I,7821,35,Female,Mixed,United States,United States,United States,English,No,Full-Time
76f4f2acafd5,6a838d493c224a9d14d9b53e,APPROVED,Not Applicable,2026-08-17T22:38:06Z,2026-08-17T22:46:46Z,2026-08-17T22:46:48Z,2026-08-17T22:47:47Z,520,CLKQ470I,273,23,Female,White,United States,United States,United States,English,No,"Not in paid work (e.g. homemaker', 'retired or disabled)"
b5588b390050,6a838dd13dca755a20ab7a45,APPROVED,Not Applicable,2026-08-17T22:40:24Z,2026-08-17T22:47:02Z,2026-08-17T22:47:03Z,2026-08-17T22:48:02Z,398,CLKQ470I,618,35,Female,White,United States,United States,United States,English,No,"Not in paid work (e.g. homemaker', 'retired or disabled)"
5bb8646b43db,6a838dda2641136acc32dd3e,APPROVED,Not Applicable,2026-08-17T22:40:30Z,2026-08-17T22:44:53Z,2026-08-17T22:44:54Z,2026-08-17T22:45:54Z,263,CLKQ470I,420,21,Female,Asian,Korea,United States,United States,Korean,DATA_EXPIRED,DATA_EXPIRED
c316cc709858,6a838ddd939989c26fb63260,APPROVED,Not Applicable,2026-08-17T22:40:42Z,2026-08-17T22:46:32Z,2026-08-17T22:46:34Z,2026-08-17T22:47:34Z,351,CLKQ470I,256,49,Male,Mixed,United States,United States,United States,English,No,Full-Time
1aab68aa8eda,6a838de524f01ead69cab7e4,APPROVED,Not Applicable,2026-08-17T22:40:45Z,2026-08-17T22:46:23Z,2026-08-17T22:46:24Z,2026-08-17T22:47:24Z,338,CLKQ470I,277,23,Female,Other,United States,United States,United States,Spanish,No,Full-Time
7ae41288a309,6a838e7090ec8d4f8455477d,APPROVED,Not Applicable,2026-08-17T22:43:23Z,2026-08-17T22:51:20Z,2026-08-17T22:51:21Z,2026-08-17T22:52:21Z,478,CLKQ470I,499,52,Female,Other,United States,United States,United States,English,No,Due to start a new job within the next month
21dc17e48b0f,6a838f24a5f89e1cb09de4c7,APPROVED,Not Applicable,2026-08-17T22:46:00Z,2026-08-17T23:03:33Z,2026-08-17T23:03:34Z,2026-08-17T23:04:33Z,1053,CLKQ470I,2125,36,Female,Mixed,United States,United States,United States,English,No,Other
622b0b890572,6a8390126cc2eb72292f6505,RETURNED,Not Applicable,2026-08-17T22:49:59Z,NA,NA,2026-08-18T01:59:43Z,NA,NA,167,CONSENT_REVOKED,CONSENT_REVOKED,CONSENT_REVOKED,CONSENT_REVOKED,CONSENT_REVOKED,CONSENT_REVOKED,CONSENT_REVOKED,CONSENT_REVOKED,CONSENT_REVOKED
b9963c7fbe92,6a8390a36f9ed6ea4a71f342,APPROVED,Not Applicable,2026-08-17T22:52:25Z,2026-08-17T22:59:37Z,2026-08-17T22:59:38Z,2026-08-17T23:00:38Z,433,CLKQ470I,7337,56,Female,Mixed,United States,United States,United States,English,No,Part-Time
13ed6a1733be,6a8391f31a07db98b90341cd,APPROVED,Not Applicable,2026-08-17T22:58:02Z,2026-08-17T23:06:48Z,2026-08-17T23:06:49Z,2026-08-17T23:07:49Z,526,CLKQ470I,434,35,Male,Other,United States,United States,United States,English,No,Unemployed (and job seeking)
e412aa8d2927,6a83932f9164292ad56eb988,APPROVED,Not Applicable,2026-08-17T23:03:16Z,2026-08-17T23:10:27Z,2026-08-17T23:10:28Z,2026-08-17T23:11:28Z,431,CLKQ470I,13882,61,Female,Mixed,United States,United States,United States,English,No,Full-Time
705fb0fb4b43,6a83945c8b8a18c187d4087f,APPROVED,Not Applicable,2026-08-17T23:08:20Z,2026-08-17T23:15:25Z,2026-08-17T23:15:26Z,2026-08-17T23:16:26Z,426,CLKQ470I,839,55,Male,Black,United States,United States,United States,English,No,Full-Time
345f1d5d9c2a,6a839576bf87c3be1b3bc09b,APPROVED,Not Applicable,2026-08-17T23:12:56Z,2026-08-17T23:19:40Z,2026-08-17T23:19:41Z,2026-08-17T23:20:41Z,404,CLKQ470I,555,18,Male,Mixed,United States,United States,United States,English,Yes,Unemployed (and job seeking)
bcb849cb65bd,6a83979ebb63527b1a78862a,APPROVED,Not Applicable,2026-08-17T23:22:15Z,2026-08-17T23:30:19Z,2026-08-17T23:30:20Z,2026-08-17T23:31:19Z,484,CLKQ470I,1142,45,Female,White,United States,United States,United States,English,No,Full-Time
fba05a3a7ea7,6a8399269a8fea82258fe5b6,APPROVED,Not Applicable,2026-08-17T23:28:45Z,2026-08-17T23:34:51Z,2026-08-17T23:34:53Z,2026-08-17T23:35:52Z,367,CLKQ470I,409,59,Female,Asian,Japan,United States,Japan,Japanese,No,Part-Time
afdca08020a5,6a8399758fdf8c4fcd1506a7,APPROVED,Not Applicable,2026-08-17T23:30:43Z,2026-08-17T23:37:52Z,2026-08-17T23:37:54Z,2026-08-17T23:38:53Z,429,CLKQ470I,8897,52,Male,Other,United States,United States,United States,English,No,Full-Time
e8ff529d8da1,6a839986b65fb1a3c12be019,APPROVED,Not Applicable,2026-08-17T23:30:19Z,2026-08-17T23:37:09Z,2026-08-17T23:37:10Z,2026-08-17T23:38:10Z,410,CLKQ470I,3893,58,Male,Asian,Canada,United States,United States,English,No,Full-Time
029d10ad0cfa,6a839af7b68d6011fba4ed67,APPROVED,Not Applicable,2026-08-17T23:37:56Z,2026-08-17T23:44:49Z,2026-08-17T23:44:50Z,2026-08-17T23:45:49Z,413,CLKQ470I,206,23,Female,Other,United States,United States,United States,Spanish,Yes,Unemployed (and job seeking)
1b13904c5e98,6a839c89c9c79f2705e55407,APPROVED,Not Applicable,2026-08-17T23:45:27Z,2026-08-17T23:55:10Z,2026-08-17T23:55:11Z,2026-08-17T23:56:11Z,584,CLKQ470I,230,58,Male,Black,United States,United States,United States,English,No,Full-Time
55d6477f443d,6a839cae4cf0afe8cfca4e91,APPROVED,Not Applicable,2026-08-17T23:43:49Z,2026-08-17T23:50:44Z,2026-08-17T23:50:44Z,2026-08-17T23:51:44Z,415,CLKQ470I,4235,59,Female,Mixed,United States,United States,United States,English,No,Part-Time
db9fc517942c,6a839cb1b472403bae76aba0,APPROVED,Not Applicable,2026-08-17T23:43:51Z,2026-08-17T23:49:38Z,2026-08-17T23:49:39Z,2026-08-17T23:50:39Z,348,CLKQ470I,4778,56,Female,Asian,Korea,United States,United States,Korean,No,Full-Time
d7de1a9f21d7,6a839eb55d8215b962a4ed82,APPROVED,Not Applicable,2026-08-17T23:52:26Z,2026-08-18T00:04:01Z,2026-08-18T00:04:02Z,2026-08-18T00:05:02Z,696,CLKQ470I,162,19,Female,Other,United States,United States,Mexico,English,DATA_EXPIRED,DATA_EXPIRED
187e6434c0de,6a839f5d7b2da2a83d64060d,APPROVED,Not Applicable,2026-08-17T23:55:20Z,2026-08-18T00:05:13Z,2026-08-18T00:05:14Z,2026-08-18T00:06:14Z,594,CLKQ470I,1102,78,Male,Mixed,United States,United States,United States,Spanish,No,Unemployed (and job seeking)
44c54746eb8b,6a839fdb7748527bee8a8dd3,APPROVED,Not Applicable,2026-08-17T23:57:20Z,2026-08-18T00:04:47Z,2026-08-18T00:04:48Z,2026-08-18T00:05:48Z,448,CLKQ470I,4009,51,Female,White,United States,United States,United States,English,No,Part-Time
7f689ac34a75,6a83a5515d52488d05509c63,APPROVED,Not Applicable,2026-08-18T00:20:37Z,2026-08-18T00:26:16Z,2026-08-18T00:26:17Z,2026-08-18T00:27:17Z,339,CLKQ470I,239,37,Male,Other,United States,United States,United States,English,DATA_EXPIRED,DATA_EXPIRED
b29925adab7f,6a83a583317d23bf8d9be347,APPROVED,Not Applicable,2026-08-18T00:21:26Z,2026-08-18T00:30:49Z,2026-08-18T00:30:50Z,2026-08-18T00:31:49Z,563,CLKQ470I,1384,77,Male,Black,United States,United States,United States,English,No,"Not in paid work (e.g. homemaker', 'retired or disabled)"
ad366585aa5c,6a83a58d9bb3baffa760c429,APPROVED,Not Applicable,2026-08-18T00:21:39Z,2026-08-18T00:28:45Z,2026-08-18T00:28:46Z,2026-08-18T00:29:45Z,426,CLKQ470I,4645,38,Male,Other,United States,United States,United States,English,No,Full-Time
19d20fb886ec,6a83a63aeb00ff56228e2a38,APPROVED,Not Applicable,2026-08-18T00:25:04Z,2026-08-18T00:35:29Z,2026-08-18T00:35:30Z,2026-08-18T00:36:30Z,625,CLKQ470I,361,56,Male,Black,Kenya,United States,Kenya,Swahili,No,Full-Time
bc66c7ce4f0f,6a83a6924c1f7a64d9424ef3,APPROVED,Not Applicable,2026-08-18T00:26:00Z,2026-08-18T00:36:58Z,2026-08-18T00:36:59Z,2026-08-18T00:37:59Z,658,CLKQ470I,137,64,Female,Other,United States,United States,United States,English,No,"Not in paid work (e.g. homemaker', 'retired or disabled)"
7cc92f71a5b7,6a83a82b9eb2b5ea05d43e18,APPROVED,Not Applicable,2026-08-18T00:32:47Z,2026-08-18T00:37:07Z,2026-08-18T00:37:08Z,2026-08-18T00:38:08Z,261,CLKQ470I,4669,55,Male,Mixed,United States,United States,United States,English,DATA_EXPIRED,Full-Time
31a5fff0d124,6a83aafa92347c2c45b59ba9,APPROVED,Not Applicable,2026-08-18T00:44:49Z,2026-08-18T00:53:35Z,2026-08-18T00:53:36Z,2026-08-18T00:54:36Z,527,CLKQ470I,116,55,Male,Mixed,United States,United States,United States,English,No,"Not in paid work (e.g. homemaker', 'retired or disabled)"
22db575c88af,6a83b6ec66ffb40a321e0e73,APPROVED,Not Applicable,2026-08-18T01:35:48Z,2026-08-18T01:43:31Z,2026-08-18T01:43:32Z,2026-08-18T01:44:32Z,464,CLKQ470I,2945,56,Female,Other,United States,United States,United States,English,DATA_EXPIRED,DATA_EXPIRED
70fa8d96660c,6a83be171e3f267db11e0e5b,APPROVED,Not Applicable,2026-08-18T02:06:23Z,2026-08-18T02:14:12Z,2026-08-18T02:14:13Z,2026-08-18T02:15:13Z,470,CLKQ470I,2541,58,Female,Other,United States,United States,United States,English,No,Other
05710da9db25,6a83c45652062a80e6876fb3,APPROVED,Not Applicable,2026-08-18T02:33:16Z,2026-08-18T02:53:34Z,2026-08-18T02:53:35Z,2026-08-18T02:54:34Z,1218,CLKQ470I,519,56,Male,Black,United States,United States,United States,English,No,Full-Time
34d31bb182da,6a83c98ce251706d80cac0f4,APPROVED,Not Applicable,2026-08-18T02:55:17Z,2026-08-18T03:02:21Z,2026-08-18T03:02:22Z,2026-08-18T03:03:22Z,425,CLKQ470I,602,67,Female,Mixed,United States,United States,United States,English,No,Part-Time
fe6f844a6d75,6a83cfa1f358780ad9ca591c,APPROVED,Not Applicable,2026-08-18T03:21:11Z,2026-08-18T03:30:03Z,2026-08-18T03:30:07Z,2026-08-18T03:31:04Z,532,CLKQ470I,2714,62,Male,Black,United States,United States,United States,English,No,"Not in paid work (e.g. homemaker', 'retired or disabled)"
1fdc498347b1,6a83dde8b14ffaa1b4a43139,APPROVED,Not Applicable,2026-08-18T04:22:04Z,2026-08-18T04:28:10Z,2026-08-18T04:28:11Z,2026-08-18T04:29:11Z,366,CLKQ470I,1076,55,Male,Black,United States,United States,United States,English,No,Full-Time
fff4d694e4af,6a83e13cf879f7ced1cbc56f,APPROVED,Not Applicable,2026-08-18T04:36:26Z,2026-08-18T05:04:21Z,2026-08-18T05:04:22Z,2026-08-18T05:05:22Z,1675,CLKQ470I,136,46,Female,Black,United States,United States,United States,English,No,Other
5cdf88bcadcc,6a83ee37237bda43f51fc7b3,APPROVED,Not Applicable,2026-08-18T05:31:39Z,2026-08-18T05:39:04Z,2026-08-18T05:39:05Z,2026-08-18T05:40:05Z,445,CLKQ470I,377,33,Female,Mixed,United States,United States,United States,English,No,Part-Time
8f9cdb7290a4,6a842ecd078dca1f98991a11,APPROVED,Not Applicable,2026-08-18T10:07:13Z,2026-08-18T10:12:46Z,2026-08-18T10:12:47Z,2026-08-18T10:13:47Z,334,CLKQ470I,448,58,Male,Mixed,United States,United States,United States,English,No,Full-Time
4edf6d0ab30c,6a843443ae809c6f83a72050,APPROVED,Not Applicable,2026-08-18T10:30:32Z,2026-08-18T10:41:51Z,2026-08-18T10:41:52Z,2026-08-18T10:42:52Z,680,CLKQ470I,9779,57,Male,Other,United States,United States,United States,English,No,Full-Time
67292f40b599,6a843d7b66e4cdcd978b862e,APPROVED,Not Applicable,2026-08-18T11:09:54Z,2026-08-18T11:18:42Z,2026-08-18T11:18:43Z,2026-08-18T11:19:43Z,529,CLKQ470I,1935,55,Female,Other,United States,United States,United States,English,No,Other
88fa0d6ed4bf,6a8440cb217a16c7d0aa136f,APPROVED,Not Applicable,2026-08-18T11:24:01Z,2026-08-18T11:31:30Z,2026-08-18T11:31:31Z,2026-08-18T11:32:31Z,449,CLKQ470I,569,53,Male,Mixed,Cuba,United States,Spain,English,No,Full-Time
a0fa75b0caf9,6a845e09f381203854edb313,APPROVED,Not Applicable,2026-08-18T13:28:44Z,2026-08-18T13:36:39Z,2026-08-18T13:36:40Z,2026-08-18T13:37:40Z,475,CLKQ470I,520,55,Male,Mixed,United States,United States,United States,English,No,Part-Time
dfec6ce5ab78,6a846827d63c5fe744ca6c30,APPROVED,Not Applicable,2026-08-18T14:11:59Z,2026-08-18T14:17:55Z,2026-08-18T14:17:57Z,2026-08-18T14:18:57Z,357,CLKQ470I,933,63,Female,Other,United States,United States,United States,English,No,"Not in paid work (e.g. homemaker', 'retired or disabled)"
9e51fcffc251,6a84710ce038e676ded4aed2,APPROVED,Not Applicable,2026-08-18T14:49:54Z,2026-08-18T15:00:49Z,2026-08-18T15:00:50Z,2026-08-18T15:01:49Z,655,CLKQ470I,137,55,Female,Other,United States,United States,United States,English,No,Other
4b8da513a883,6a847fe2154b25083c2ced34,APPROVED,Not Applicable,2026-08-18T15:53:14Z,2026-08-18T16:03:19Z,2026-08-18T16:03:20Z,2026-08-18T16:04:20Z,606,CLKQ470I,7332,66,Male,Other,United States,United States,United States,English,No,Other
127372c66f6f,6a8486b2d79f2bfa8fc3e7dd,APPROVED,Not Applicable,2026-08-18T16:22:20Z,2026-08-18T16:30:14Z,2026-08-18T16:30:15Z,2026-08-18T16:31:15Z,474,CLKQ470I,273,59,Female,Other,Peru,United States,Peru,Spanish,No,"Not in paid work (e.g. homemaker', 'retired or disabled)"
49bcfd5f1fca,6a84c290cf07f05b2464158b,APPROVED,Not Applicable,2026-08-18T20:37:36Z,2026-08-18T20:47:17Z,2026-08-18T20:47:18Z,2026-08-18T20:48:17Z,581,CLKQ470I,521,72,Male,Other,United States,United States,United States,English,DATA_EXPIRED,DATA_EXPIRED
3e82e5e61e23,6a84dddbb2d0ed3d598b8815,APPROVED,Not Applicable,2026-08-18T22:34:03Z,2026-08-18T22:42:25Z,2026-08-18T22:42:26Z,2026-08-18T22:43:26Z,502,CLKQ470I,66,58,Female,Other,Serbia,United States,United States,Serbian,No,"Not in paid work (e.g. homemaker', 'retired or disabled)"
390c97bfd574,6a8547d03b60dc89d4818817,APPROVED,Not Applicable,2026-08-19T06:06:14Z,2026-08-19T06:17:20Z,2026-08-19T06:17:21Z,2026-08-19T06:18:21Z,666,CLKQ470I,2410,56,Male,Other,United States,United States,United States,English,No,Unemployed (and job seeking)
6afb09176f63,6a888bc8ad57ba7428fbbc70,APPROVED,Not Applicable,2026-08-21T17:33:00Z,2026-08-21T17:39:36Z,2026-08-21T17:39:43Z,2026-08-21T17:40:36Z,397,CLKQ470I,7679,36,Male,Other,United States,United States,United States,English,No,Unemployed (and job seeking)
72591c0bbda1,6a888e97c3cfa3bd118013e6,APPROVED,Not Applicable,2026-08-21T17:45:11Z,2026-08-21T18:00:41Z,2026-08-21T18:00:43Z,2026-08-21T18:01:42Z,931,CLKQ470I,1089,22,Male,Other,United States,United States,United States,English,No,Part-Time
