hashed_id,Submission id,Status,Custom study tncs accepted at,Started at,Completed at,Reviewed at,Archived at,Time taken,Completion code,Total approvals,Age,Sex,Ethnicity simplified,Country of birth,Country of residence,Nationality,Language,Student status,Employment status
4fda3d465798,6a3b005d54e74a945455b35d,APPROVED,Not Applicable,2026-06-23T21:54:08Z,2026-06-23T22:03:02Z,2026-06-23T22:03:03Z,2026-06-23T22:04:03Z,535,C1OBW8XB,1515,67,Female,White,United States,United States,United States,English,No,Other
f23c2fb257b2,6a3b00654093fb9049c6e292,APPROVED,Not Applicable,2026-06-23T21:53:50Z,2026-06-23T22:00:49Z,2026-06-23T22:00:50Z,2026-06-23T22:01:49Z,419,C1OBW8XB,79,58,Female,White,United States,United States,United States,English,No,Full-Time
fde2a2a54b03,6a3b0069715719d307f73d88,APPROVED,Not Applicable,2026-06-23T21:53:49Z,2026-06-23T22:01:47Z,2026-06-23T22:01:48Z,2026-06-23T22:02:48Z,479,C1OBW8XB,103,35,Female,White,United States,United States,United States,English,No,Part-Time
d81f6305285e,6a3b006e98ab0a3a50d24ffa,APPROVED,Not Applicable,2026-06-23T21:53:54Z,2026-06-23T22:03:44Z,2026-06-23T22:03:45Z,2026-06-23T22:04:45Z,590,C1OBW8XB,1150,47,Male,White,United States,United States,United States,English,No,Full-Time
462fd5475187,6a3b00744b0baee7e91465c0,APPROVED,Not Applicable,2026-06-23T21:54:52Z,2026-06-23T21:59:20Z,2026-06-23T21:59:21Z,2026-06-23T22:00:21Z,269,C1OBW8XB,5110,57,Female,White,Poland,United States,United States,Polish,No,Full-Time
b6454c8ea4c0,6a3b0074fe89eb426b631865,APPROVED,Not Applicable,2026-06-23T21:54:04Z,2026-06-23T22:02:07Z,2026-06-23T22:02:08Z,2026-06-23T22:03:08Z,484,C1OBW8XB,147,36,Female,White,United States,United States,United States,English,No,Full-Time
ec8980a5b884,6a3b007b740c571b337c3a2b,APPROVED,Not Applicable,2026-06-23T21:54:06Z,2026-06-23T22:05:06Z,2026-06-23T22:05:07Z,2026-06-23T22:06:06Z,660,C1OBW8XB,14412,45,Female,White,United States,United States,United States,English,No,Full-Time
a30c41f20730,6a3b0084dab5f8bbec9e9fbe,APPROVED,Not Applicable,2026-06-23T21:54:17Z,2026-06-23T22:05:16Z,2026-06-23T22:05:17Z,2026-06-23T22:06:17Z,660,C1OBW8XB,1009,37,Female,White,United States,United States,United States,English,No,Part-Time
1d84a1800926,6a3b00857ba64e5077bc6633,APPROVED,Not Applicable,2026-06-23T22:01:25Z,2026-06-23T22:12:05Z,2026-06-23T22:12:06Z,2026-06-23T22:13:05Z,640,C1OBW8XB,418,65,Female,White,United States,United States,United States,English,No,Part-Time
6bdbf82b9489,6a3b0085baeac54a52112129,APPROVED,Not Applicable,2026-06-23T21:54:20Z,2026-06-23T22:05:33Z,2026-06-23T22:05:33Z,2026-06-23T22:06:33Z,673,C1OBW8XB,102,53,Female,White,United States,United States,United States,English,No,Part-Time
6375886fd03b,6a3b0088a40824f2e9743f3a,APPROVED,Not Applicable,2026-06-23T21:54:23Z,2026-06-23T22:03:24Z,2026-06-23T22:03:24Z,2026-06-23T22:04:24Z,541,C1OBW8XB,344,31,Female,White,United States,United States,United States,English,No,"Not in paid work (e.g. homemaker', 'retired or disabled)"
7e1fd1875480,6a3b008a058624a7ff1d6c70,APPROVED,Not Applicable,2026-06-23T21:54:30Z,2026-06-23T22:06:51Z,2026-06-23T22:06:52Z,2026-06-23T22:07:52Z,742,C1OBW8XB,582,46,Female,White,United States,United States,United States,English,No,"Not in paid work (e.g. homemaker', 'retired or disabled)"
8af7f515e0ac,6a3b008acdb2d7fe64b79508,APPROVED,Not Applicable,2026-06-23T21:54:30Z,2026-06-23T22:03:29Z,2026-06-23T22:03:30Z,2026-06-23T22:04:30Z,540,C1OBW8XB,6747,70,Male,White,United States,United States,United States,English,No,Unemployed (and job seeking)
263beedc84e9,6a3b008b36291afab97202fe,APPROVED,Not Applicable,2026-06-23T21:54:27Z,2026-06-23T22:00:15Z,2026-06-23T22:00:16Z,2026-06-23T22:01:16Z,349,C1OBW8XB,403,47,Male,White,United States,United States,United States,English,No,Unemployed (and job seeking)
3bb4bc1e441a,6a3b008b5be9877ada8ae84a,APPROVED,Not Applicable,2026-06-23T22:00:39Z,2026-06-23T22:10:54Z,2026-06-23T22:10:55Z,2026-06-23T22:11:55Z,616,C1OBW8XB,210,32,Female,White,Poland,United States,Poland,Polish,No,Other
0c5b72942383,6a3b008c0b333cb07a34fdef,APPROVED,Not Applicable,2026-06-23T21:54:24Z,2026-06-23T22:02:46Z,2026-06-23T22:02:46Z,2026-06-23T22:03:46Z,502,C1OBW8XB,3135,52,Male,White,United States,United States,United States,English,No,Part-Time
2cf197b93b3d,6a3b008c636f5e74620f826a,APPROVED,Not Applicable,2026-06-23T21:54:25Z,2026-06-23T22:02:44Z,2026-06-23T22:02:58Z,2026-06-23T22:03:44Z,499,C1OBW8XB,2113,65,Female,White,United States,United States,United States,English,No,"Not in paid work (e.g. homemaker', 'retired or disabled)"
5c3a1215f3ea,6a3b008dfb30ee4c0ef3d461,APPROVED,Not Applicable,2026-06-23T21:54:25Z,2026-06-23T22:01:37Z,2026-06-23T22:01:38Z,2026-06-23T22:02:38Z,432,C1OBW8XB,1048,56,Female,White,United States,United States,United States,English,No,Part-Time
900fa4071985,6a3b008e4c2e8e27f390a6f4,APPROVED,Not Applicable,2026-06-23T21:54:52Z,2026-06-23T22:07:48Z,2026-06-23T22:07:49Z,2026-06-23T22:08:49Z,777,C1OBW8XB,604,38,Female,White,United States,United States,United States,English,No,Part-Time
3f37c4f8423d,6a3b008f3148046c8407bdcc,APPROVED,Not Applicable,2026-06-23T21:54:30Z,2026-06-23T22:03:16Z,2026-06-23T22:03:17Z,2026-06-23T22:04:17Z,526,C1OBW8XB,112,57,Male,White,United States,United States,DATA_EXPIRED,English,No,"Not in paid work (e.g. homemaker', 'retired or disabled)"
989295b3b880,6a3b009498316d8cfc644584,APPROVED,Not Applicable,2026-06-23T21:54:33Z,2026-06-23T22:00:14Z,2026-06-23T22:00:15Z,2026-06-23T22:01:15Z,342,C1OBW8XB,530,33,Female,White,United States,United States,United States,English,DATA_EXPIRED,"Not in paid work (e.g. homemaker', 'retired or disabled)"
2b1d5bb7e9de,6a3b0095c4feef401767d48e,APPROVED,Not Applicable,2026-06-23T21:55:02Z,2026-06-23T22:09:23Z,2026-06-23T22:09:29Z,2026-06-23T22:10:24Z,861,C1OBW8XB,8122,33,Female,White,United States,United States,United States,English,DATA_EXPIRED,DATA_EXPIRED
957794117635,6a3b009a289b73992c1e032a,APPROVED,Not Applicable,2026-06-23T21:54:38Z,2026-06-23T22:01:24Z,2026-06-23T22:01:25Z,2026-06-23T22:02:25Z,406,C1OBW8XB,117,25,Female,White,United States,United States,United States,English,No,Unemployed (and job seeking)
5d8fb2ea798d,6a3b00a05985d3a6723e3385,APPROVED,Not Applicable,2026-06-23T21:54:47Z,2026-06-23T22:04:31Z,2026-06-23T22:04:34Z,2026-06-23T22:05:32Z,585,C1OBW8XB,11065,61,Female,White,United States,United States,United States,English,No,Unemployed (and job seeking)
24b2d994193d,6a3b00a3491d37f0fc2c8b58,APPROVED,Not Applicable,2026-06-23T21:54:50Z,2026-06-23T22:03:19Z,2026-06-23T22:03:20Z,2026-06-23T22:04:20Z,509,C1OBW8XB,795,63,Female,White,United States,United States,United States,English,No,Part-Time
c79269ff5a9b,6a3b00a7272cbe55656ce003,APPROVED,Not Applicable,2026-06-23T22:00:18Z,2026-06-23T22:10:56Z,2026-06-23T22:10:57Z,2026-06-23T22:11:56Z,638,C1OBW8XB,9166,45,Female,White,United States,United States,United States,English,No,Part-Time
7c084be86976,6a3b00aa4093fb9049c6e299,APPROVED,Not Applicable,2026-06-23T21:54:58Z,2026-06-23T22:03:16Z,2026-06-23T22:03:17Z,2026-06-23T22:04:16Z,498,C1OBW8XB,4398,66,Female,White,United States,United States,United States,English,DATA_EXPIRED,DATA_EXPIRED
5aaea26d06e3,6a3b00b1e39bd7c73c576fc9,APPROVED,Not Applicable,2026-06-23T21:55:01Z,2026-06-23T22:01:25Z,2026-06-23T22:01:27Z,2026-06-23T22:02:25Z,385,C1OBW8XB,2646,40,Male,White,United States,United States,United States,English,No,Part-Time
fa8fe5745dd0,6a3b00b53207bfa91f8dd1d6,APPROVED,Not Applicable,2026-06-23T21:55:04Z,2026-06-23T22:00:16Z,2026-06-23T22:00:17Z,2026-06-23T22:01:16Z,312,C1OBW8XB,2754,23,Female,White,United States,United States,United States,English,Yes,Part-Time
e188c1346f3c,6a3b00b6989cbf28f442a53c,APPROVED,Not Applicable,2026-06-23T21:55:08Z,2026-06-23T22:02:48Z,2026-06-23T22:02:51Z,2026-06-23T22:03:48Z,460,C1OBW8XB,126,22,Female,White,United States,United States,United States,English,No,Unemployed (and job seeking)
2d50c8ecf43c,6a3b00c3d554e1f9a77b1da6,APPROVED,Not Applicable,2026-06-23T21:55:22Z,2026-06-23T22:01:26Z,2026-06-23T22:01:32Z,2026-06-23T22:02:27Z,364,C1OBW8XB,593,42,Female,White,United States,United States,United States,English,No,Part-Time
b8063b1377ba,6a3b00c4b093404052679e4f,APPROVED,Not Applicable,2026-06-23T21:55:28Z,2026-06-23T22:06:37Z,2026-06-23T22:06:43Z,2026-06-23T22:07:38Z,670,C1OBW8XB,892,69,Male,White,United States,United States,United States,English,No,"Not in paid work (e.g. homemaker', 'retired or disabled)"
1763cf15cfde,6a3b00dfe4be69a2f0895279,APPROVED,Not Applicable,2026-06-23T21:55:46Z,2026-06-23T22:07:21Z,2026-06-23T22:07:22Z,2026-06-23T22:08:22Z,695,C1OBW8XB,1825,26,Male,Asian,United States,United States,United States,English,No,Other
542c0479d77d,6a3b00e03520a8ffdd7bff6b,APPROVED,Not Applicable,2026-06-23T21:56:15Z,2026-06-23T22:05:53Z,2026-06-23T22:05:59Z,2026-06-23T22:06:54Z,579,C1OBW8XB,546,39,Female,White,United States,United States,DATA_EXPIRED,English,No,Full-Time
8b812467c80d,6a3b00e15239c5c1283e22ac,APPROVED,Not Applicable,2026-06-23T21:56:35Z,2026-06-23T22:03:25Z,2026-06-23T22:03:29Z,2026-06-23T22:04:26Z,411,C1OBW8XB,154,39,Female,White,United States,United States,United States,English,No,Part-Time
719f7ecf93dc,6a3b00e30538169c8e90a6e7,APPROVED,Not Applicable,2026-06-23T21:55:52Z,2026-06-23T22:08:53Z,2026-06-23T22:08:54Z,2026-06-23T22:09:54Z,782,C1OBW8XB,5113,62,Female,White,United States,United States,United States,English,No,Part-Time
d16ea97966b6,6a3b00ed61656012e0143cfc,APPROVED,Not Applicable,2026-06-23T22:00:59Z,2026-06-23T22:07:45Z,2026-06-23T22:07:46Z,2026-06-23T22:08:46Z,407,C1OBW8XB,1157,29,Male,White,United States,United States,United States,English,No,"Not in paid work (e.g. homemaker', 'retired or disabled)"
287c2e91c92b,6a3b00f2019cb314a040cf55,APPROVED,Not Applicable,2026-06-23T21:56:06Z,2026-06-23T22:02:04Z,2026-06-23T22:02:04Z,2026-06-23T22:03:04Z,358,C1OBW8XB,8243,51,Female,White,United States,United States,United States,English,No,Part-Time
a631258a7808,6a3b00f6f195f7629d06e649,APPROVED,Not Applicable,2026-06-23T21:56:10Z,2026-06-23T22:03:08Z,2026-06-23T22:03:08Z,2026-06-23T22:04:08Z,418,C1OBW8XB,871,50,Female,White,United States,United States,United States,English,No,Unemployed (and job seeking)
61d6ef676eb7,6a3b00fbfc037f878450950a,APPROVED,Not Applicable,2026-06-23T21:56:16Z,2026-06-23T22:02:44Z,2026-06-23T22:02:44Z,2026-06-23T22:03:44Z,388,C1OBW8XB,425,31,Male,White,United States,United States,United States,English,No,Unemployed (and job seeking)
47e4a7d1b4e2,6a3b0100c9dddf43fe91f5de,APPROVED,Not Applicable,2026-06-23T21:56:21Z,2026-06-23T22:05:51Z,2026-06-23T22:05:54Z,2026-06-23T22:06:52Z,570,C1OBW8XB,614,49,Female,White,United States,United States,United States,English,No,Other
e8d804eaeddd,6a3b0101294f7b63f5c531da,APPROVED,Not Applicable,2026-06-23T21:56:22Z,2026-06-23T22:03:26Z,2026-06-23T22:03:32Z,2026-06-23T22:04:27Z,424,C1OBW8XB,344,21,Female,Black,United States,United States,United States,English,Yes,Due to start a new job within the next month
29c015a6d9eb,6a3b0101cfef97064b927797,APPROVED,Not Applicable,2026-06-23T21:56:22Z,2026-06-23T22:07:28Z,2026-06-23T22:07:29Z,2026-06-23T22:08:29Z,666,C1OBW8XB,497,31,Male,White,United States,United States,United States,English,No,Full-Time
9ee268bad095,6a3b0102b38138a68c927792,APPROVED,Not Applicable,2026-06-23T21:56:24Z,2026-06-23T22:02:42Z,2026-06-23T22:02:43Z,2026-06-23T22:03:42Z,379,C1OBW8XB,851,28,Female,White,United States,United States,United States,English,No,Unemployed (and job seeking)
888058cd2941,6a3b01052a97436fa7fd1838,RETURNED,Not Applicable,2026-06-23T21:56:24Z,NA,NA,2026-06-25T18:47:41Z,NA,NA,517,CONSENT_REVOKED,CONSENT_REVOKED,CONSENT_REVOKED,CONSENT_REVOKED,CONSENT_REVOKED,CONSENT_REVOKED,CONSENT_REVOKED,CONSENT_REVOKED,CONSENT_REVOKED
41a3cd82a571,6a3b010cbb49392d061d98ab,APPROVED,Not Applicable,2026-06-23T21:57:29Z,2026-06-23T22:20:02Z,2026-06-23T22:20:03Z,2026-06-23T22:21:03Z,1354,C1OBW8XB,290,25,Male,White,United States,United States,United States,English,No,Full-Time
2c876b2ce66b,6a3b01110ccedd654d37791c,APPROVED,Not Applicable,2026-06-23T21:56:39Z,2026-06-23T22:08:16Z,2026-06-23T22:08:17Z,2026-06-23T22:09:17Z,698,C1OBW8XB,154,33,Male,White,United States,United States,United States,English,No,Unemployed (and job seeking)
25c0cc0232e3,6a3b0116be7d591a21b4d509,APPROVED,Not Applicable,2026-06-23T21:56:43Z,2026-06-23T22:04:23Z,2026-06-23T22:04:25Z,2026-06-23T22:05:24Z,461,C1OBW8XB,3468,57,Female,White,United States,United States,United States,English,No,"Not in paid work (e.g. homemaker', 'retired or disabled)"
bccb6e35e817,6a3b011728deee04185cbf5e,APPROVED,Not Applicable,2026-06-23T21:56:45Z,2026-06-23T22:09:11Z,2026-06-23T22:09:12Z,2026-06-23T22:10:12Z,747,C1OBW8XB,1969,47,Female,White,United States,United States,United States,English,No,Other
0b1ea4e17c07,6a3b011d4f3f928f6b64456a,APPROVED,Not Applicable,2026-06-23T22:01:44Z,2026-06-23T22:09:40Z,2026-06-23T22:09:46Z,2026-06-23T22:10:41Z,477,C1OBW8XB,6223,45,Male,White,United States,United States,United States,English,DATA_EXPIRED,DATA_EXPIRED
f25e593562b1,6a3b011da350d09bb16792bd,APPROVED,Not Applicable,2026-06-23T21:57:01Z,2026-06-23T22:16:28Z,2026-06-23T22:16:28Z,2026-06-23T22:17:28Z,1167,C1OBW8XB,4184,56,Female,White,United States,United States,United States,English,DATA_EXPIRED,Part-Time
b4d12d6332bc,6a3b01218182a28638c17da7,APPROVED,Not Applicable,2026-06-23T21:56:53Z,2026-06-23T22:02:48Z,2026-06-23T22:02:54Z,2026-06-23T22:03:49Z,356,C1OBW8XB,196,35,Female,White,United States,United States,United States,English,No,"Not in paid work (e.g. homemaker', 'retired or disabled)"
f8e4e05e366d,6a3b01267f102d5ae885db82,APPROVED,Not Applicable,2026-06-23T21:57:03Z,2026-06-23T22:05:04Z,2026-06-23T22:05:05Z,2026-06-23T22:06:05Z,481,C1OBW8XB,335,67,Male,White,United States,United States,United States,English,No,Other
c176cce04afd,6a3b0126a1d6a25c626d98e3,APPROVED,Not Applicable,2026-06-23T21:56:58Z,2026-06-23T22:08:10Z,2026-06-23T22:08:11Z,2026-06-23T22:09:11Z,673,C1OBW8XB,477,22,Male,Asian,China,United States,China,Chinese,Yes,Unemployed (and job seeking)
fd90fb10e61a,6a3b0126ad30f1a7e312427f,APPROVED,Not Applicable,2026-06-23T21:57:05Z,2026-06-23T22:04:33Z,2026-06-23T22:04:39Z,2026-06-23T22:05:33Z,449,C1OBW8XB,3424,55,Female,White,United States,United States,United States,English,No,DATA_EXPIRED
baf60971a09b,6a3b012792dd30750d1c92a0,APPROVED,Not Applicable,2026-06-23T21:56:59Z,2026-06-23T22:05:28Z,2026-06-23T22:05:29Z,2026-06-23T22:06:29Z,509,C1OBW8XB,1644,55,Male,White,Spain,United States,United States,English,No,Unemployed (and job seeking)
f263a4e1ad3f,6a3b01279cb6ce05b1a7879c,APPROVED,Not Applicable,2026-06-23T21:57:02Z,2026-06-23T22:04:32Z,2026-06-23T22:04:38Z,2026-06-23T22:05:33Z,451,C1OBW8XB,594,37,Male,Mixed,United States,United States,United States,English,No,Full-Time
6989d51fee99,6a3b0127a85c53b7a37ff43f,APPROVED,Not Applicable,2026-06-23T21:56:57Z,2026-06-23T22:01:11Z,2026-06-23T22:01:11Z,2026-06-23T22:02:11Z,254,C1OBW8XB,235,18,Male,Mixed,United States,United States,United States,English,Yes,Unemployed (and job seeking)
c59dd1fa9f4a,6a3b012843d4310f11653a5e,APPROVED,Not Applicable,2026-06-23T21:56:59Z,2026-06-23T22:02:06Z,2026-06-23T22:02:07Z,2026-06-23T22:03:07Z,307,C1OBW8XB,163,23,Female,Mixed,United States,United States,United States,English,No,Full-Time
1b4b5b1c782d,6a3b01286e8f364234e959cd,APPROVED,Not Applicable,2026-06-23T21:57:06Z,2026-06-23T22:09:14Z,2026-06-23T22:09:15Z,2026-06-23T22:10:15Z,729,C1OBW8XB,348,29,Female,Mixed,United States,United States,United States,English,No,Part-Time
82ec419346e6,6a3b012a6844af94a9303968,APPROVED,Not Applicable,2026-06-23T21:57:04Z,2026-06-23T22:06:42Z,2026-06-23T22:06:42Z,2026-06-23T22:07:42Z,578,C1OBW8XB,689,56,Female,White,United States,United States,United States,English,No,"Not in paid work (e.g. homemaker', 'retired or disabled)"
1561cc61cda6,6a3b012b3b96368b968f48f4,APPROVED,Not Applicable,2026-06-23T21:57:03Z,2026-06-23T22:09:54Z,2026-06-23T22:09:55Z,2026-06-23T22:10:55Z,771,C1OBW8XB,10295,71,Male,White,United States,United States,United States,English,No,DATA_EXPIRED
8e28216fb2ae,6a3b012c2c5a67040d07bde1,APPROVED,Not Applicable,2026-06-23T21:57:08Z,2026-06-23T22:05:44Z,2026-06-23T22:05:45Z,2026-06-23T22:06:45Z,517,C1OBW8XB,412,55,Female,White,United States,United States,United States,English,No,Unemployed (and job seeking)
7f8d5bf2f899,6a3b012cf4c2f08754ad1037,APPROVED,Not Applicable,2026-06-23T21:57:06Z,2026-06-23T22:08:03Z,2026-06-23T22:08:04Z,2026-06-23T22:09:04Z,658,C1OBW8XB,1021,35,Female,Asian,China,United States,China,Chinese,No,Unemployed (and job seeking)
7c046abbb2b9,6a3b013531616e6477363daf,APPROVED,Not Applicable,2026-06-23T21:57:55Z,2026-06-23T22:05:07Z,2026-06-23T22:05:13Z,2026-06-23T22:06:08Z,432,C1OBW8XB,1409,43,Male,White,United States,United States,United States,English,No,Unemployed (and job seeking)
b2c6a76f1a63,6a3b01407f102d5ae885db84,APPROVED,Not Applicable,2026-06-23T21:57:25Z,2026-06-23T22:06:50Z,2026-06-23T22:06:52Z,2026-06-23T22:07:51Z,566,C1OBW8XB,11877,62,Female,White,United States,United States,United States,English,No,DATA_EXPIRED
2dd922588e7b,6a3b0140f93fc7cf9ab0d53c,APPROVED,Not Applicable,2026-06-23T21:57:20Z,2026-06-23T22:05:44Z,2026-06-23T22:05:45Z,2026-06-23T22:06:44Z,504,C1OBW8XB,143,26,Male,Other,United States,United States,United States,DATA_EXPIRED,No,Unemployed (and job seeking)
c3edd178f632,6a3b0143d50b820e2e179d14,APPROVED,Not Applicable,2026-06-23T21:57:27Z,2026-06-23T22:04:36Z,2026-06-23T22:04:37Z,2026-06-23T22:05:37Z,429,C1OBW8XB,268,18,Female,White,United States,United States,United States,English,Yes,Unemployed (and job seeking)
dacadc7d5f45,6a3b0149a5f2ee0abadd2bd1,APPROVED,Not Applicable,2026-06-23T21:57:32Z,2026-06-23T22:03:54Z,2026-06-23T22:03:55Z,2026-06-23T22:04:55Z,382,C1OBW8XB,74,18,Female,White,United States,United States,United States,English,No,Unemployed (and job seeking)
e23847f89dbf,6a3b014caa64887f73577470,APPROVED,Not Applicable,2026-06-23T21:57:55Z,2026-06-23T22:10:24Z,2026-06-23T22:10:25Z,2026-06-23T22:11:24Z,750,C1OBW8XB,325,20,Male,Black,Nigeria,United States,Nigeria,English,Yes,Full-Time
3f1907e72ae6,6a3b014f41f1cba023c136ef,APPROVED,Not Applicable,2026-06-23T21:57:39Z,2026-06-23T22:03:05Z,2026-06-23T22:03:07Z,2026-06-23T22:04:07Z,327,C1OBW8XB,510,21,Female,White,United States,United States,United States,English,No,Unemployed (and job seeking)
e1a9930522b4,6a3b01529623d8a09c98e75b,APPROVED,Not Applicable,2026-06-23T21:57:43Z,2026-06-23T22:09:37Z,2026-06-23T22:09:39Z,2026-06-23T22:10:39Z,715,C1OBW8XB,659,60,Male,White,United States,United States,United States,English,No,Unemployed (and job seeking)
f823181f1352,6a3b0155d3a05223de4833e8,APPROVED,Not Applicable,2026-06-23T21:59:11Z,2026-06-23T22:11:20Z,2026-06-23T22:11:21Z,2026-06-23T22:12:21Z,730,C1OBW8XB,659,22,Female,White,United States,United States,United States,English,No,Unemployed (and job seeking)
d1737c71076f,6a3b0156e8dc762f49857e7f,APPROVED,Not Applicable,2026-06-23T21:57:47Z,2026-06-23T22:06:29Z,2026-06-23T22:06:30Z,2026-06-23T22:07:30Z,522,C1OBW8XB,1072,20,Male,White,United States,United States,United States,English,Yes,Other
beb8123c699b,6a3b0167326fcb4a90abbf08,APPROVED,Not Applicable,2026-06-23T21:58:02Z,2026-06-23T22:03:57Z,2026-06-23T22:03:58Z,2026-06-23T22:04:58Z,355,C1OBW8XB,369,45,Female,White,United States,United States,United States,English,No,Unemployed (and job seeking)
cdc055c46f2f,6a3b016eafff086222619380,APPROVED,Not Applicable,2026-06-23T21:58:11Z,2026-06-23T22:06:24Z,2026-06-23T22:06:41Z,2026-06-23T22:07:24Z,493,C1OBW8XB,148,23,Male,Mixed,United States,United States,United States,English,No,Part-Time
3ab060888690,6a3b016f1c4fc9f99e68b44f,APPROVED,Not Applicable,2026-06-23T21:58:22Z,2026-06-23T22:06:06Z,2026-06-23T22:06:12Z,2026-06-23T22:07:07Z,464,C1OBW8XB,3657,46,Male,White,United States,United States,United States,English,DATA_EXPIRED,DATA_EXPIRED
8c2fdeb8d698,6a3b0172e0247a421b1ecd58,APPROVED,Not Applicable,2026-06-23T21:58:34Z,2026-06-23T22:07:49Z,2026-06-23T22:07:50Z,2026-06-23T22:08:50Z,555,C1OBW8XB,9694,42,Male,White,United States,United States,United States,English,DATA_EXPIRED,DATA_EXPIRED
ad727350b877,6a3b0172f8f3721c81951665,TIMED-OUT,Not Applicable,2026-06-23T21:58:13Z,NA,NA,2026-06-25T18:47:41Z,161369,NA,7961,36,Female,White,United States,United States,United States,English,No,Part-Time
92c22da9ae6f,6a3b0176095bbed0dcc7eba3,APPROVED,Not Applicable,2026-06-23T21:58:21Z,2026-06-23T22:27:13Z,2026-06-23T22:27:14Z,2026-06-23T22:28:14Z,1733,C1OBW8XB,859,77,Male,White,United States,United States,United States,English,No,Unemployed (and job seeking)
19f12f0fb5a4,6a3b01813558c35344b6a360,APPROVED,Not Applicable,2026-06-23T21:58:31Z,2026-06-23T22:03:52Z,2026-06-23T22:03:53Z,2026-06-23T22:04:53Z,322,C1OBW8XB,96,20,Male,Black,United States,United States,United States,English,Yes,Unemployed (and job seeking)
1e7319783d23,6a3b01819623d8a09c98e767,APPROVED,Not Applicable,2026-06-23T21:59:03Z,2026-06-23T22:05:01Z,2026-06-23T22:05:09Z,2026-06-23T22:06:02Z,358,C1OBW8XB,3280,26,Male,White,United States,United States,United States,English,No,DATA_EXPIRED
4d7b4c7fad74,6a3b01828501895fe451e5fa,APPROVED,Not Applicable,2026-06-23T21:58:32Z,2026-06-23T22:06:06Z,2026-06-23T22:06:07Z,2026-06-23T22:07:06Z,455,C1OBW8XB,2280,59,Female,White,United States,United States,United States,English,No,"Not in paid work (e.g. homemaker', 'retired or disabled)"
fd8400611018,6a3b0186cf56ddcb16858055,APPROVED,Not Applicable,2026-06-23T21:58:33Z,2026-06-23T22:07:10Z,2026-06-23T22:07:11Z,2026-06-23T22:08:11Z,517,C1OBW8XB,1272,32,Female,White,United States,United States,United States,English,No,Due to start a new job within the next month
b1ff65f8ce4d,6a3b0187bb271db797c13759,APPROVED,Not Applicable,2026-06-23T21:58:35Z,2026-06-23T22:07:26Z,2026-06-23T22:07:27Z,2026-06-23T22:08:27Z,532,C1OBW8XB,698,46,Female,White,United States,United States,United States,English,No,Part-Time
f611ed2c18a7,6a3b018994090f9bd17bff85,APPROVED,Not Applicable,2026-06-23T21:58:43Z,2026-06-23T22:16:10Z,2026-06-23T22:16:10Z,2026-06-23T22:17:10Z,1047,C1OBW8XB,1271,22,Female,Black,United States,United States,United States,English,No,Unemployed (and job seeking)
4566d96dbaac,6a3b018a8fd01ea7790ffc80,APPROVED,Not Applicable,2026-06-23T21:58:38Z,2026-06-23T22:03:47Z,2026-06-23T22:03:48Z,2026-06-23T22:04:48Z,310,C1OBW8XB,113,23,Female,Other,United States,United States,United States,Spanish,Yes,Full-Time
649b683214d7,6a3b018cefe3dac816975e8f,APPROVED,Not Applicable,2026-06-23T21:58:48Z,2026-06-23T22:07:52Z,2026-06-23T22:07:53Z,2026-06-23T22:08:52Z,545,C1OBW8XB,288,56,Male,White,United States,United States,United States,English,No,Full-Time
cf41666a8273,6a3b018fa350d09bb16792ce,APPROVED,Not Applicable,2026-06-23T21:58:47Z,2026-06-23T22:06:50Z,2026-06-23T22:06:51Z,2026-06-23T22:07:51Z,483,C1OBW8XB,176,49,Male,White,United States,United States,United States,English,No,Part-Time
bf2038482f1a,6a3b01920ca5f4b5e5adbfda,APPROVED,Not Applicable,2026-06-23T21:58:48Z,2026-06-23T22:11:12Z,2026-06-23T22:11:14Z,2026-06-23T22:12:13Z,744,C1OBW8XB,309,23,Male,White,United States,United States,United States,English,Yes,Other
2a57b33ab5a0,6a3b01931d9320637998129a,APPROVED,Not Applicable,2026-06-23T21:58:46Z,2026-06-23T22:11:12Z,2026-06-23T22:11:28Z,2026-06-23T22:12:13Z,747,C1OBW8XB,1802,46,Male,White,United States,United States,United States,English,No,Full-Time
aaf77f4f7972,6a3b0194157046486e399f11,APPROVED,Not Applicable,2026-06-23T21:58:47Z,2026-06-23T22:04:06Z,2026-06-23T22:04:07Z,2026-06-23T22:05:07Z,319,C1OBW8XB,1656,20,Male,White,United States,United States,United States,English,Yes,Unemployed (and job seeking)
9aaa4fe18590,6a3b0196a19380554fe2c841,APPROVED,Not Applicable,2026-06-23T21:58:51Z,2026-06-23T22:06:55Z,2026-06-23T22:06:56Z,2026-06-23T22:07:56Z,485,C1OBW8XB,422,57,Female,White,United States,United States,United States,English,No,"Not in paid work (e.g. homemaker', 'retired or disabled)"
aea95c7e507c,6a3b0197349547af56d604e2,APPROVED,Not Applicable,2026-06-23T21:58:51Z,2026-06-23T22:06:25Z,2026-06-23T22:06:26Z,2026-06-23T22:07:26Z,455,C1OBW8XB,908,21,Male,Mixed,United States,United States,United States,English,No,"Not in paid work (e.g. homemaker', 'retired or disabled)"
46bc47e75f74,6a3b01a5017b03e755c531a3,APPROVED,Not Applicable,2026-06-23T21:59:18Z,2026-06-23T22:06:48Z,2026-06-23T22:06:49Z,2026-06-23T22:07:48Z,451,C1OBW8XB,5201,50,Female,Other,United States,United States,United States,English,No,"Not in paid work (e.g. homemaker', 'retired or disabled)"
75dac427d4c7,6a3b01ad1583c920ae303965,RETURNED,Not Applicable,2026-06-23T21:59:14Z,NA,NA,2026-06-25T18:47:41Z,NA,NA,48,CONSENT_REVOKED,CONSENT_REVOKED,CONSENT_REVOKED,CONSENT_REVOKED,CONSENT_REVOKED,CONSENT_REVOKED,CONSENT_REVOKED,CONSENT_REVOKED,CONSENT_REVOKED
273ce2b2801c,6a3b01b45fb8a34e7cf38335,TIMED-OUT,Not Applicable,2026-06-23T21:59:22Z,NA,NA,2026-06-25T18:47:41Z,161299,NA,8717,61,Female,Black,United States,United States,United States,English,DATA_EXPIRED,DATA_EXPIRED
a44a055ccd13,6a3b01b5938b1723e447d9b3,APPROVED,Not Applicable,2026-06-23T21:59:21Z,2026-06-23T22:06:56Z,2026-06-24T16:01:17Z,2026-06-23T22:06:57Z,456,NOCODE,3236,64,Male,White,Colombia,United States,United States,Spanish,No,Full-Time
239d8b239685,6a3b01b5c990ea6671b73c03,APPROVED,Not Applicable,2026-06-23T21:59:24Z,2026-06-23T22:08:27Z,2026-06-23T22:08:27Z,2026-06-23T22:09:27Z,543,C1OBW8XB,268,42,Female,White,United States,United States,United States,English,No,Full-Time
10ce4930b124,6a3b01b71a54222e3debfe10,APPROVED,Not Applicable,2026-06-23T21:59:23Z,2026-06-23T22:08:28Z,2026-06-23T22:08:28Z,2026-06-23T22:09:28Z,545,C1OBW8XB,2281,61,Female,White,United States,United States,United States,English,No,Full-Time
bf4099bba36c,6a3b01b76940b0faa3f68de4,APPROVED,Not Applicable,2026-06-23T22:02:40Z,2026-06-23T22:12:09Z,2026-06-23T22:12:15Z,2026-06-23T22:13:10Z,569,C1OBW8XB,1194,32,Male,Black,United States,United States,United States,English,No,Other
31d041abe506,6a3b01b785679a689767d461,APPROVED,Not Applicable,2026-06-23T21:59:25Z,2026-06-23T22:08:31Z,2026-06-23T22:08:33Z,2026-06-23T22:09:33Z,546,C1OBW8XB,47,19,Female,Mixed,United States,United States,United States,English,Yes,Full-Time
21f5875a7cec,6a3b01b836e1dbfc43c4b68f,APPROVED,Not Applicable,2026-06-23T21:59:25Z,2026-06-23T22:10:14Z,2026-06-23T22:10:15Z,2026-06-23T22:11:15Z,650,C1OBW8XB,71,59,Male,White,United States,United States,United States,English,No,Full-Time
738b914ff400,6a3b01ba4ecf8c57f5ab17d7,APPROVED,Not Applicable,2026-06-23T21:59:29Z,2026-06-23T22:05:26Z,2026-06-23T22:05:27Z,2026-06-23T22:06:27Z,357,C1OBW8XB,2382,23,Female,White,United States,United States,United States,English,Yes,Full-Time
44aff102b243,6a3b01c5c02e8f8f2c11212a,APPROVED,Not Applicable,2026-06-23T21:59:38Z,2026-06-23T22:09:47Z,2026-06-23T22:09:48Z,2026-06-23T22:10:48Z,609,C1OBW8XB,3478,59,Female,White,United States,United States,United States,English,No,Other
937549280385,6a3b01ceb6b9f686548b7ced,APPROVED,Not Applicable,2026-06-23T21:59:46Z,2026-06-23T22:09:22Z,2026-06-23T22:09:22Z,2026-06-23T22:10:22Z,576,C1OBW8XB,2229,71,Male,White,United States,United States,United States,English,DATA_EXPIRED,Part-Time
48718e112403,6a3b01cfb1c227b5bd067ebd,APPROVED,Not Applicable,2026-06-23T21:59:47Z,2026-06-23T22:06:33Z,2026-06-23T22:06:34Z,2026-06-23T22:07:34Z,406,C1OBW8XB,11084,41,Male,Mixed,United States,United States,United States,English,No,Full-Time
8654f056bf2e,6a3b01d2b195fe13a16d8113,APPROVED,Not Applicable,2026-06-23T21:59:50Z,2026-06-23T22:07:17Z,2026-06-23T22:07:19Z,2026-06-23T22:08:18Z,448,C1OBW8XB,14,46,Male,Mixed,United States,United States,United States,English,No,Full-Time
9ef53f625c9e,6a3b01d2bb49392d061d98b8,APPROVED,Not Applicable,2026-06-23T21:59:51Z,2026-06-23T22:25:19Z,2026-06-23T22:25:20Z,2026-06-23T22:26:20Z,1528,C1OBW8XB,626,75,Female,White,United States,United States,United States,English,No,Part-Time
b69858d31f12,6a3b01d4190064761954508a,APPROVED,Not Applicable,2026-06-23T21:59:53Z,2026-06-23T22:07:18Z,2026-06-23T22:07:24Z,2026-06-23T22:08:19Z,445,C1OBW8XB,962,46,Female,Mixed,United States,United States,United States,English,No,Part-Time
e391666f65aa,6a3b01d6c9f58f9a0d896e3f,APPROVED,Not Applicable,2026-06-23T21:59:55Z,2026-06-23T22:05:01Z,2026-06-23T22:05:02Z,2026-06-23T22:06:02Z,307,C1OBW8XB,1189,55,Male,White,United States,United States,United States,English,DATA_EXPIRED,DATA_EXPIRED
0204beedc742,6a3b01d71c88994afd576fb7,APPROVED,Not Applicable,2026-06-23T21:59:56Z,2026-06-23T22:09:30Z,2026-06-23T22:09:36Z,2026-06-23T22:10:30Z,574,C1OBW8XB,10299,55,Male,Mixed,United States,United States,United States,English,DATA_EXPIRED,DATA_EXPIRED
cc46322ed55f,6a3b01d90b333cb07a34fe03,APPROVED,Not Applicable,2026-06-23T22:00:04Z,2026-06-23T22:10:38Z,2026-06-23T22:10:39Z,2026-06-23T22:11:39Z,634,C1OBW8XB,2,37,Female,White,United States,United States,United States,English,No,Unemployed (and job seeking)
cd103d822250,6a3b01dc019cb314a040cf6a,APPROVED,Not Applicable,2026-06-23T21:59:56Z,2026-06-23T22:15:11Z,2026-06-23T22:15:12Z,2026-06-23T22:16:12Z,915,C1OBW8XB,9881,37,Male,White,United States,United States,United States,English,No,Full-Time
254b0ba1e8fd,6a3b01dca183e3a6ead25005,APPROVED,Not Applicable,2026-06-23T21:59:56Z,2026-06-23T22:12:40Z,2026-06-23T22:12:41Z,2026-06-23T22:13:40Z,764,C1OBW8XB,278,39,Female,Black,Kenya,United States,Kenya,Other,No,Part-Time
2eee763c3b1c,6a3b01e016019afdf7cdb7fe,APPROVED,Not Applicable,2026-06-23T22:00:19Z,2026-06-23T22:10:36Z,2026-06-23T22:10:36Z,2026-06-23T22:11:36Z,617,C1OBW8XB,4496,66,Male,White,United States,United States,United States,English,No,"Not in paid work (e.g. homemaker', 'retired or disabled)"
6e234f73d2a7,6a3b01e6c65d2a824d8ae821,APPROVED,Not Applicable,2026-06-23T22:00:09Z,2026-06-23T22:05:52Z,2026-06-23T22:05:58Z,2026-06-23T22:06:53Z,344,C1OBW8XB,1262,26,Female,Asian,Pakistan,United States,United States,English,No,Part-Time
182e4b451382,6a3b01e7d682aa26c5f15394,APPROVED,Not Applicable,2026-06-23T22:00:12Z,2026-06-23T22:05:40Z,2026-06-23T22:05:41Z,2026-06-23T22:06:41Z,329,C1OBW8XB,644,43,Female,White,United States,United States,United States,English,No,"Not in paid work (e.g. homemaker', 'retired or disabled)"
d13011d2dad7,6a3b01e8daa677a4c2c136cf,APPROVED,Not Applicable,2026-06-23T22:00:19Z,2026-06-23T22:06:37Z,2026-06-23T22:06:38Z,2026-06-23T22:07:37Z,378,C1OBW8XB,3361,22,Female,White,United States,United States,United States,English,No,Unemployed (and job seeking)
eff6ba45c7de,6a3b01e8f67758532c432132,APPROVED,Not Applicable,2026-06-23T22:00:12Z,2026-06-23T22:07:50Z,2026-06-23T22:07:51Z,2026-06-23T22:08:51Z,458,C1OBW8XB,2752,28,Male,Other,United States,United States,United States,English,No,Due to start a new job within the next month
6e8136359e23,6a3b01ec34ff759e8479268a,APPROVED,Not Applicable,2026-06-23T22:00:21Z,2026-06-23T22:05:45Z,2026-06-23T22:05:46Z,2026-06-23T22:06:46Z,325,C1OBW8XB,377,19,Male,White,United States,United States,United States,English,Yes,Unemployed (and job seeking)
525969f711da,6a3b01f2673461771a543ba2,RETURNED,Not Applicable,2026-06-23T22:00:31Z,NA,NA,2026-06-25T18:47:41Z,NA,NA,10,CONSENT_REVOKED,CONSENT_REVOKED,CONSENT_REVOKED,CONSENT_REVOKED,CONSENT_REVOKED,CONSENT_REVOKED,CONSENT_REVOKED,CONSENT_REVOKED,CONSENT_REVOKED
936af1db0f15,6a3b01f69623d8a09c98e76f,APPROVED,Not Applicable,2026-06-23T22:00:52Z,2026-06-23T22:12:47Z,2026-06-23T22:12:48Z,2026-06-23T22:13:48Z,716,C1OBW8XB,160,33,Female,White,United States,United States,United States,English,No,Full-Time
cefab7451d44,6a3b01fcfc037f8784509515,APPROVED,Not Applicable,2026-06-23T22:00:34Z,2026-06-23T22:14:56Z,2026-06-23T22:14:57Z,2026-06-23T22:15:57Z,862,C1OBW8XB,428,39,Female,White,United States,United States,United States,English,No,"Not in paid work (e.g. homemaker', 'retired or disabled)"
850a1eabcad8,6a3b0207cdb2d7fe64b79517,APPROVED,Not Applicable,2026-06-23T22:00:49Z,2026-06-23T22:10:34Z,2026-06-23T22:10:35Z,2026-06-23T22:11:35Z,586,C1OBW8XB,14416,45,Male,White,United States,United States,United States,English,Yes,Full-Time
c7f843006268,6a3b0209f23c11465ff4086c,APPROVED,Not Applicable,2026-06-23T22:01:16Z,2026-06-23T22:07:40Z,2026-06-23T22:07:41Z,2026-06-23T22:08:41Z,385,C1OBW8XB,4687,53,Male,White,United States,United States,United States,English,No,Part-Time
aea3e7944634,6a3b020cdab5f8bbec9e9fd1,APPROVED,Not Applicable,2026-06-23T22:00:48Z,2026-06-23T22:05:35Z,2026-06-23T22:05:36Z,2026-06-23T22:06:36Z,287,C1OBW8XB,3412,55,Female,White,United States,United States,United States,English,No,Full-Time
257e55ea2785,6a3b021183771b303113958e,APPROVED,Not Applicable,2026-06-23T22:00:56Z,2026-06-23T22:12:09Z,2026-06-23T22:12:10Z,2026-06-23T22:13:10Z,674,C1OBW8XB,531,66,Female,White,United States,United States,United States,English,No,Part-Time
bbf94b6d2a93,6a3b02147a0bafe9e7958381,APPROVED,Not Applicable,2026-06-23T22:01:03Z,2026-06-23T22:07:30Z,2026-06-23T22:07:32Z,2026-06-23T22:08:31Z,388,C1OBW8XB,2764,28,Female,White,United States,United States,United States,English,No,Part-Time
c251cc6e76e4,6a3b0214cfef97064b9277a7,APPROVED,Not Applicable,2026-06-23T22:01:02Z,2026-06-23T22:11:42Z,2026-06-23T22:11:45Z,2026-06-23T22:12:43Z,641,C1OBW8XB,41,61,Male,Mixed,United States,United States,United States,English,No,"Not in paid work (e.g. homemaker', 'retired or disabled)"
0b026d29ac90,6a3b02154283bd61741e2c31,APPROVED,Not Applicable,2026-06-23T22:00:58Z,2026-06-23T22:06:41Z,2026-06-23T22:06:41Z,2026-06-23T22:07:41Z,343,C1OBW8XB,6342,29,Female,White,United States,United States,United States,English,No,Full-Time
edb64e58600c,6a3b021740f0fea37b9540a1,APPROVED,Not Applicable,2026-06-23T22:01:03Z,2026-06-23T22:09:55Z,2026-06-23T22:09:56Z,2026-06-23T22:10:56Z,532,C1OBW8XB,3147,66,Male,White,United States,United States,United States,English,No,DATA_EXPIRED
1c6e304398ed,6a3b0221c2fadc854d79254a,RETURNED,Not Applicable,2026-06-23T22:01:09Z,NA,NA,2026-06-25T18:47:41Z,NA,NA,10448,CONSENT_REVOKED,CONSENT_REVOKED,CONSENT_REVOKED,CONSENT_REVOKED,CONSENT_REVOKED,CONSENT_REVOKED,CONSENT_REVOKED,CONSENT_REVOKED,CONSENT_REVOKED
df3294120503,6a3b0225e5829eb59eb7197d,APPROVED,Not Applicable,2026-06-23T22:01:17Z,2026-06-23T22:09:44Z,2026-06-23T22:09:45Z,2026-06-23T22:10:44Z,507,C1OBW8XB,756,48,Female,White,United States,United States,United States,English,No,"Not in paid work (e.g. homemaker', 'retired or disabled)"
0d093f77efb0,6a3b0227795df6e6f31465c1,APPROVED,Not Applicable,2026-06-23T22:01:48Z,2026-06-23T22:11:10Z,2026-06-23T22:11:18Z,2026-06-23T22:12:13Z,562,C1OBW8XB,1219,60,Female,White,United States,United States,United States,English,No,DATA_EXPIRED
e0b614464a72,6a3b02316b6f8c7f91e9c798,APPROVED,Not Applicable,2026-06-23T22:01:52Z,2026-06-23T22:07:31Z,2026-06-23T22:07:37Z,2026-06-23T22:08:32Z,339,C1OBW8XB,7480,30,Male,Black,United States,United States,United States,English,DATA_EXPIRED,DATA_EXPIRED
a35df8f81f68,6a3b023e5665d1a8ff7388a6,APPROVED,Not Applicable,2026-06-23T22:01:45Z,2026-06-23T22:08:47Z,2026-06-23T22:08:48Z,2026-06-23T22:09:48Z,422,C1OBW8XB,125,60,Male,Black,United States,United States,United States,English,No,Unemployed (and job seeking)
eb1ba5d4bdb9,6a3b023e8205cf35726510bd,APPROVED,Not Applicable,2026-06-23T22:07:00Z,2026-06-23T22:15:41Z,2026-06-23T22:15:41Z,2026-06-23T22:16:41Z,521,C1OBW8XB,740,42,Male,Black,United States,United States,United States,English,No,Full-Time
e3201989c78e,6a3b0242212c8127088f21b1,APPROVED,Not Applicable,2026-06-23T22:01:47Z,2026-06-23T22:11:43Z,2026-06-23T22:11:49Z,2026-06-23T22:12:44Z,597,C1OBW8XB,612,56,Female,White,United States,United States,United States,English,No,Unemployed (and job seeking)
2cbb67caea6d,6a3b0244eda88fce1f97d6f1,APPROVED,Not Applicable,2026-06-23T22:05:20Z,2026-06-23T22:16:20Z,2026-06-23T22:16:21Z,2026-06-23T22:17:21Z,661,C1OBW8XB,853,61,Male,White,United States,United States,United States,English,No,Full-Time
fadd22b7a046,6a3b024ae5829eb59eb71983,APPROVED,Not Applicable,2026-06-23T22:01:50Z,2026-06-23T22:12:15Z,2026-06-23T22:12:16Z,2026-06-23T22:13:16Z,626,C1OBW8XB,327,49,Male,White,United States,United States,United States,English,No,Unemployed (and job seeking)
177703806149,6a3b024ebe6f20f67eb71997,APPROVED,Not Applicable,2026-06-23T22:01:55Z,2026-06-23T22:08:44Z,2026-06-23T22:08:44Z,2026-06-23T22:09:44Z,409,C1OBW8XB,1797,49,Female,Mixed,United States,United States,United States,English,No,"Not in paid work (e.g. homemaker', 'retired or disabled)"
644b6a6ac36d,6a3b024f59786f945d738b9b,APPROVED,Not Applicable,2026-06-23T22:01:58Z,2026-06-23T22:11:12Z,2026-06-23T22:11:23Z,2026-06-23T22:12:13Z,555,C1OBW8XB,210,73,Male,White,United States,United States,DATA_EXPIRED,English,No,Full-Time
559a78d5959e,6a3b025a2b2b048ce23d76ca,APPROVED,Not Applicable,2026-06-23T22:02:06Z,2026-06-23T22:08:04Z,2026-06-23T22:08:05Z,2026-06-23T22:09:05Z,359,C1OBW8XB,161,47,Male,Mixed,United States,United States,United States,English,No,Full-Time
510fbca85025,6a3b025b4353092073952a17,APPROVED,Not Applicable,2026-06-23T22:04:10Z,2026-06-23T22:14:58Z,2026-06-23T22:14:59Z,2026-06-23T22:15:59Z,648,C1OBW8XB,556,72,Male,White,United States,United States,United States,English,No,Full-Time
a25d37ab7c2e,6a3b0267cba1464656966e2d,APPROVED,Not Applicable,2026-06-23T22:02:19Z,2026-06-23T22:13:41Z,2026-06-23T22:13:42Z,2026-06-23T22:14:42Z,683,C1OBW8XB,5930,43,Male,Other,United States,United States,Mexico,English,No,Part-Time
bb2a8158a014,6a3b0269c2fadc854d79254f,APPROVED,Not Applicable,2026-06-23T22:02:22Z,2026-06-23T22:09:41Z,2026-06-23T22:09:42Z,2026-06-23T22:10:42Z,439,C1OBW8XB,20,32,Female,White,United States,United States,United States,English,Yes,Full-Time
e49d317de5cc,6a3b026b7605f9f87d8bc235,APPROVED,Not Applicable,2026-06-23T22:02:27Z,2026-06-23T22:13:20Z,2026-06-23T22:13:21Z,2026-06-23T22:14:20Z,653,C1OBW8XB,147,32,Male,White,United States,United States,United States,English,No,Part-Time
51850542379c,6a3b02796d57d377b82c8b67,APPROVED,Not Applicable,2026-06-23T22:02:36Z,2026-06-23T22:09:42Z,2026-06-23T22:09:42Z,2026-06-23T22:10:42Z,426,C1OBW8XB,192,56,Female,White,United States,United States,United States,English,No,Full-Time
542b24c6fc55,6a3b027c7f2e3f706340285a,APPROVED,Not Applicable,2026-06-23T22:02:43Z,2026-06-23T22:11:12Z,2026-06-23T22:11:12Z,2026-06-23T22:12:12Z,509,C1OBW8XB,701,29,Female,Other,United States,United States,United States,Spanish,DATA_EXPIRED,DATA_EXPIRED
6979f970c181,6a3b027f0bc42fa198719b3b,APPROVED,Not Applicable,2026-06-23T22:02:43Z,2026-06-23T22:09:46Z,2026-06-23T22:09:49Z,2026-06-23T22:10:49Z,423,C1OBW8XB,2041,47,Female,White,United States,United States,United States,English,No,Part-Time
e27db042339d,6a3b028070446e20a9cb9b43,APPROVED,Not Applicable,2026-06-23T22:02:48Z,2026-06-23T22:09:27Z,2026-06-23T22:09:28Z,2026-06-23T22:10:28Z,400,C1OBW8XB,902,29,Male,White,United States,United States,United States,English,No,Unemployed (and job seeking)
b7b2efc12b27,6a3b028104bd2aaeab17c60b,APPROVED,Not Applicable,2026-06-23T22:02:47Z,2026-06-23T22:10:06Z,2026-06-23T22:10:06Z,2026-06-23T22:11:06Z,439,C1OBW8XB,3756,29,Male,Mixed,United States,United States,United States,English,No,Unemployed (and job seeking)
8694b0c1b355,6a3b028698aef386b70dbcbc,APPROVED,Not Applicable,2026-06-23T22:02:46Z,2026-06-23T22:15:07Z,2026-06-23T22:15:10Z,2026-06-23T22:16:08Z,742,C1OBW8XB,1393,60,Female,Black,United States,United States,United States,English,No,Part-Time
2e0b1f4282b7,6a3b02874535b1e99b6a13e6,APPROVED,Not Applicable,2026-06-23T22:03:25Z,2026-06-23T22:11:04Z,2026-06-23T22:11:05Z,2026-06-23T22:12:05Z,460,C1OBW8XB,198,55,Male,Other,Israel,United States,United States,English,No,Part-Time
113dfc89ea0f,6a3b028b20f61cddc930cd6f,APPROVED,Not Applicable,2026-06-23T22:02:55Z,2026-06-23T22:10:12Z,2026-06-23T22:10:12Z,2026-06-23T22:11:12Z,437,C1OBW8XB,458,20,Male,Other,United States,United States,United States,English,Yes,Other
31b1f7cdfa46,6a3b028fa99e81031ef36cb0,APPROVED,Not Applicable,2026-06-23T22:11:19Z,2026-06-23T22:31:35Z,2026-06-23T22:31:36Z,2026-06-23T22:32:36Z,1216,C1OBW8XB,2108,53,Male,Asian,Hong Kong,United States,United States,Cantonese,No,Full-Time
b8c1d016952d,6a3b029117a14df2cee0ef9e,APPROVED,Not Applicable,2026-06-23T22:02:59Z,2026-06-23T22:10:04Z,2026-06-23T22:10:05Z,2026-06-23T22:11:05Z,425,C1OBW8XB,2676,38,Male,White,United States,United States,United States,English,No,Other
1af4e610d942,6a3b02916890d1a6f62b32bf,APPROVED,Not Applicable,2026-06-23T22:03:40Z,2026-06-23T22:09:40Z,2026-06-23T22:09:40Z,2026-06-23T22:10:40Z,360,C1OBW8XB,1086,42,Male,Black,United States,United States,United States,English,No,Other
3e49a8dcb8bc,6a3b0295a4636c2847566e1a,APPROVED,Not Applicable,2026-06-23T22:03:06Z,2026-06-23T22:09:10Z,2026-06-23T22:09:11Z,2026-06-23T22:10:11Z,365,C1OBW8XB,453,28,Female,White,United States,United States,United States,English,No,Full-Time
ac4bf1408c13,6a3b02a71e693dfe41fa356f,APPROVED,Not Applicable,2026-06-23T22:03:24Z,2026-06-23T22:12:22Z,2026-06-23T22:12:23Z,2026-06-23T22:13:23Z,539,C1OBW8XB,2907,30,Male,White,United States,United States,United States,English,No,Full-Time
7bd8fef73393,6a3b02ad4093fb9049c6e2b6,APPROVED,Not Applicable,2026-06-23T22:03:31Z,2026-06-23T22:14:40Z,2026-06-23T22:14:41Z,2026-06-23T22:15:40Z,670,C1OBW8XB,379,26,Male,Black,United States,United States,United States,English,No,Unemployed (and job seeking)
bad885cbf4c1,6a3b02ae6d4f9e184169ce0a,APPROVED,Not Applicable,2026-06-23T22:03:41Z,2026-06-23T22:12:49Z,2026-06-23T22:12:50Z,2026-06-23T22:13:49Z,548,C1OBW8XB,8089,51,Female,Asian,Philippines,United States,United States,Tagalog-Filipino,No,"Not in paid work (e.g. homemaker', 'retired or disabled)"
ecf3d2a13187,6a3b02b14093fb9049c6e2b8,APPROVED,Not Applicable,2026-06-23T22:03:36Z,2026-06-23T22:09:30Z,2026-06-23T22:09:30Z,2026-06-23T22:10:30Z,354,C1OBW8XB,367,65,Male,White,United States,United States,United States,English,No,"Not in paid work (e.g. homemaker', 'retired or disabled)"
6cb7834e04cc,6a3b02b481b52ad85073596c,APPROVED,Not Applicable,2026-06-23T22:03:38Z,2026-06-23T22:10:40Z,2026-06-23T22:10:42Z,2026-06-23T22:11:41Z,422,C1OBW8XB,1090,59,Male,White,United States,United States,United States,English,No,Full-Time
046e9aff2ed8,6a3b02b7cade9ebb067fcffb,APPROVED,Not Applicable,2026-06-23T22:03:39Z,2026-06-23T22:09:22Z,2026-06-23T22:09:26Z,2026-06-23T22:10:23Z,344,C1OBW8XB,8015,53,Male,White,United States,United States,United States,English,No,Full-Time
7f565d054b9c,6a3b02b9db44662238d42036,APPROVED,Not Applicable,2026-06-23T22:03:37Z,2026-06-23T22:12:38Z,2026-06-23T22:12:39Z,2026-06-23T22:13:39Z,542,C1OBW8XB,9564,49,Male,Black,United States,United States,United States,English,DATA_EXPIRED,DATA_EXPIRED
f9cfa5a3226f,6a3b02bb1c161f3a773e3370,APPROVED,Not Applicable,2026-06-23T22:03:39Z,2026-06-23T22:10:28Z,2026-06-23T22:10:28Z,2026-06-23T22:11:28Z,410,C1OBW8XB,12028,45,Female,Asian,Indonesia,United States,United States,Indonesian,No,Full-Time
f51cfdf66bb9,6a3b02beafff086222619389,APPROVED,Not Applicable,2026-06-23T22:03:56Z,2026-06-23T22:13:51Z,2026-06-23T22:13:52Z,2026-06-23T22:14:52Z,595,C1OBW8XB,704,50,Female,Black,United States,United States,United States,English,No,Full-Time
2a7941d0e12b,6a3b02becc8fdd8831bce289,RETURNED,Not Applicable,2026-06-23T22:04:29Z,NA,NA,2026-06-25T18:47:41Z,NA,NA,3302,CONSENT_REVOKED,CONSENT_REVOKED,CONSENT_REVOKED,CONSENT_REVOKED,CONSENT_REVOKED,CONSENT_REVOKED,CONSENT_REVOKED,CONSENT_REVOKED,CONSENT_REVOKED
7b7c420799fc,6a3b02c266c69b947a27b0c4,APPROVED,Not Applicable,2026-06-23T22:08:03Z,2026-06-23T22:20:27Z,2026-06-23T22:20:42Z,2026-06-23T22:21:27Z,744,C1OBW8XB,4002,71,Female,White,United States,United States,United States,English,No,"Not in paid work (e.g. homemaker', 'retired or disabled)"
78df2f94e401,6a3b02c9712d26a3ad4d4df4,APPROVED,Not Applicable,2026-06-23T22:03:57Z,2026-06-23T22:12:32Z,2026-06-23T22:12:33Z,2026-06-23T22:13:33Z,515,C1OBW8XB,666,64,Female,White,United States,United States,United States,English,No,Unemployed (and job seeking)
a80e4ecff05e,6a3b02cb4bfc30121f483d58,APPROVED,Not Applicable,2026-06-23T22:04:31Z,2026-06-23T22:15:31Z,2026-06-23T22:15:40Z,2026-06-23T22:16:32Z,660,C1OBW8XB,626,58,Female,Asian,Korea,United States,United States,Korean,No,Other
dfbb2edaf8bd,6a3b02d008e14116127ccd02,APPROVED,Not Applicable,2026-06-23T22:04:03Z,2026-06-23T22:10:22Z,2026-06-23T22:10:23Z,2026-06-23T22:11:23Z,379,C1OBW8XB,806,57,Male,Mixed,United States,United States,United States,English,No,Full-Time
42a7cf76ffcd,6a3b02e549212f3587dca848,APPROVED,Not Applicable,2026-06-23T22:04:25Z,2026-06-23T22:12:50Z,2026-06-23T22:12:51Z,2026-06-23T22:13:51Z,506,C1OBW8XB,689,53,Female,Mixed,France,United States,France,French,No,Full-Time
c015d42a38ac,6a3b02ea11268a4a04e326f2,APPROVED,Not Applicable,2026-06-23T22:04:30Z,2026-06-23T22:14:36Z,2026-06-23T22:14:37Z,2026-06-23T22:15:37Z,607,C1OBW8XB,2086,28,Male,White,United States,United States,DATA_EXPIRED,English,No,Part-Time
a2a8556e5b50,6a3b02ed349ee9f7ec2578c5,APPROVED,Not Applicable,2026-06-23T22:04:29Z,2026-06-23T22:15:38Z,2026-06-23T22:15:44Z,2026-06-23T22:16:38Z,669,C1OBW8XB,604,19,Male,Other,United States,United States,United States,English,Yes,Unemployed (and job seeking)
b1ef8f78a73c,6a3b02f81297a9486c3aa8b1,APPROVED,Not Applicable,2026-06-23T22:04:44Z,2026-06-23T22:14:52Z,2026-06-23T22:14:53Z,2026-06-23T22:15:53Z,608,C1OBW8XB,4307,56,Male,White,United States,United States,United States,English,DATA_EXPIRED,DATA_EXPIRED
0a5a31785391,6a3b02f9399c66cc60065824,APPROVED,Not Applicable,2026-06-23T22:04:46Z,2026-06-23T22:14:04Z,2026-06-23T22:14:05Z,2026-06-23T22:15:05Z,558,C1OBW8XB,164,42,Female,Black,Nigeria,United States,Nigeria,English,No,Unemployed (and job seeking)
f3edc2519f51,6a3b0305246d7649f597d358,APPROVED,Not Applicable,2026-06-23T22:05:02Z,2026-06-23T22:13:56Z,2026-06-23T22:13:57Z,2026-06-23T22:14:57Z,535,C1OBW8XB,290,56,Female,Mixed,United States,United States,DATA_EXPIRED,DATA_EXPIRED,No,Part-Time
d8a1f138ee93,6a3b030a2f485854687a3505,APPROVED,Not Applicable,2026-06-23T22:05:02Z,2026-06-23T22:16:03Z,2026-06-23T22:16:04Z,2026-06-23T22:17:03Z,661,C1OBW8XB,201,19,Female,White,United States,United States,United States,English,No,"Not in paid work (e.g. homemaker', 'retired or disabled)"
e54bee812913,6a3b030bf71b08f2e103042f,APPROVED,Not Applicable,2026-06-23T22:05:53Z,2026-06-23T22:13:20Z,2026-06-23T22:13:22Z,2026-06-23T22:14:21Z,448,C1OBW8XB,3753,60,Female,Asian,United States,United States,United States,English,No,DATA_EXPIRED
c8bac580db0a,6a3b030f5fb8a34e7cf3834b,APPROVED,Not Applicable,2026-06-23T22:05:11Z,2026-06-23T22:13:21Z,2026-06-23T22:13:27Z,2026-06-23T22:14:22Z,490,C1OBW8XB,9421,71,Female,White,United States,United States,United States,English,No,"Not in paid work (e.g. homemaker', 'retired or disabled)"
363c84600d59,6a3b03139fdea380ea639d67,APPROVED,Not Applicable,2026-06-23T22:05:12Z,2026-06-23T22:11:41Z,2026-06-23T22:11:41Z,2026-06-23T22:12:41Z,389,C1OBW8XB,207,21,Male,White,United States,United States,United States,English,Yes,Full-Time
b1041933d438,6a3b03302c00998456e1f327,APPROVED,Not Applicable,2026-06-23T22:05:40Z,2026-06-23T22:12:23Z,2026-06-23T22:12:25Z,2026-06-23T22:13:24Z,404,C1OBW8XB,2347,42,Female,White,United States,United States,United States,English,No,Full-Time
2f4578da8fa4,6a3b0335ace50e13dab6a381,APPROVED,Not Applicable,2026-06-23T22:05:45Z,2026-06-23T22:14:47Z,2026-06-23T22:14:48Z,2026-06-23T22:15:48Z,542,C1OBW8XB,7,23,Male,White,Mexico,United States,United States,Spanish,Yes,Other
cef8d332ae4e,6a3b034a27b285684e13fcf2,APPROVED,Not Applicable,2026-06-23T22:06:07Z,2026-06-23T22:19:56Z,2026-06-23T22:19:57Z,2026-06-23T22:20:57Z,830,C1OBW8XB,2545,58,Male,White,United States,United States,United States,English,No,Part-Time
28224f5b2094,6a3b03592c00998456e1f32b,APPROVED,Not Applicable,2026-06-23T22:06:24Z,2026-06-23T22:12:41Z,2026-06-23T22:12:42Z,2026-06-23T22:13:42Z,377,C1OBW8XB,7248,56,Female,White,Sweden,United States,Sweden,Swedish,No,Full-Time
1333843ab6ad,6a3b035a0a06976129b4d527,APPROVED,Not Applicable,2026-06-23T22:07:47Z,2026-06-23T22:26:10Z,2026-06-23T22:26:11Z,2026-06-23T22:27:11Z,1104,C1OBW8XB,2413,27,Male,White,United States,United States,United States,English,No,DATA_EXPIRED
bf1262c243af,6a3b035b4ecf8c57f5ab17f4,APPROVED,Not Applicable,2026-06-23T22:06:21Z,2026-06-23T22:12:27Z,2026-06-23T22:12:28Z,2026-06-23T22:13:28Z,367,C1OBW8XB,394,42,Female,White,United States,United States,United States,English,No,Full-Time
ff8283424d39,6a3b0366e3fe26427e719b5b,APPROVED,Not Applicable,2026-06-23T22:06:38Z,2026-06-23T22:15:36Z,2026-06-23T22:15:42Z,2026-06-23T22:16:37Z,539,C1OBW8XB,858,78,Female,White,United States,United States,United States,English,No,"Not in paid work (e.g. homemaker', 'retired or disabled)"
48eee0b93f04,6a3b036b1f102fe82d831393,APPROVED,Not Applicable,2026-06-23T22:06:38Z,2026-06-23T22:11:28Z,2026-06-23T22:11:29Z,2026-06-23T22:12:29Z,290,C1OBW8XB,123,27,Female,White,United States,United States,United States,English,No,Full-Time
0d9083003b5b,6a3b036b3f0dc8246f279ccc,APPROVED,Not Applicable,2026-06-23T22:06:39Z,2026-06-23T22:12:00Z,2026-06-23T22:12:01Z,2026-06-23T22:13:01Z,322,C1OBW8XB,3339,22,Female,White,United States,United States,United States,English,No,"Not in paid work (e.g. homemaker', 'retired or disabled)"
84f95b82b154,6a3b037e0898ec9aa5f97c8c,APPROVED,Not Applicable,2026-06-23T22:06:58Z,2026-06-23T22:20:20Z,2026-06-23T22:20:20Z,2026-06-23T22:21:20Z,802,C1OBW8XB,2961,27,Male,Black,United States,United States,United States,English,Yes,Full-Time
0fdc9d97f214,6a3b037e71a646f19bfbd4ab,APPROVED,Not Applicable,2026-06-23T22:07:00Z,2026-06-23T22:16:24Z,2026-06-23T22:16:25Z,2026-06-23T22:17:25Z,565,C1OBW8XB,1016,39,Female,Black,United States,United States,United States,English,No,Full-Time
bd6a455a5a83,6a3b0388abf9fcca7d0bfd2f,APPROVED,Not Applicable,2026-06-23T22:07:08Z,2026-06-23T22:16:55Z,2026-06-23T22:17:02Z,2026-06-23T22:17:56Z,588,C1OBW8XB,2174,41,Male,White,United States,United States,United States,English,No,Full-Time
6e0f32c4b5a1,6a3b03959f37eb77512e709b,APPROVED,Not Applicable,2026-06-23T22:07:20Z,2026-06-23T22:14:23Z,2026-06-23T22:14:24Z,2026-06-23T22:15:23Z,424,C1OBW8XB,9607,46,Male,White,United States,United States,United States,English,No,Full-Time
0d4d9f333cca,6a3b039a7477a032e0d28352,APPROVED,Not Applicable,2026-06-23T22:07:31Z,2026-06-23T22:15:51Z,2026-06-23T22:15:51Z,2026-06-23T22:16:51Z,501,C1OBW8XB,206,33,Female,White,United States,United States,United States,English,No,Full-Time
68a3b1903e9c,6a3b03a148378eba91000c28,APPROVED,Not Applicable,2026-06-23T22:07:32Z,2026-06-23T22:24:29Z,2026-06-23T22:24:30Z,2026-06-23T22:25:29Z,1017,C1OBW8XB,2506,32,Female,Other,United States,United States,United States,English,DATA_EXPIRED,DATA_EXPIRED
89c330106672,6a3b03a4c6807fc0da1a7eb2,APPROVED,Not Applicable,2026-06-23T22:07:44Z,2026-06-23T22:15:57Z,2026-06-23T22:15:58Z,2026-06-23T22:16:58Z,494,C1OBW8XB,424,67,Female,White,Turkey,United States,United States,Armenian,No,"Not in paid work (e.g. homemaker', 'retired or disabled)"
e4412589787e,6a3b03c09f4a4af251a172de,APPROVED,Not Applicable,2026-06-23T22:08:05Z,2026-06-23T22:14:54Z,2026-06-23T22:14:55Z,2026-06-23T22:15:55Z,409,C1OBW8XB,1231,47,Male,White,United States,United States,United States,English,No,Full-Time
46e060a6b5bc,6a3b03c14a8fcd31f2ad2ca8,APPROVED,Not Applicable,2026-06-23T22:10:32Z,2026-06-23T22:18:22Z,2026-06-23T22:18:23Z,2026-06-23T22:19:23Z,471,C1OBW8XB,2105,49,Female,Other,United States,United States,Puerto Rico,English,No,Other
43088fe714c8,6a3b03c361656012e0143d27,APPROVED,Not Applicable,2026-06-23T22:08:44Z,2026-06-23T22:14:38Z,2026-06-23T22:14:38Z,2026-06-23T22:15:38Z,354,C1OBW8XB,5415,57,Female,White,United States,United States,United States,English,No,"Not in paid work (e.g. homemaker', 'retired or disabled)"
164e79a424d8,6a3b03c8f3bd5a3178edba22,APPROVED,Not Applicable,2026-06-23T22:08:17Z,2026-06-23T22:20:15Z,2026-06-23T22:20:16Z,2026-06-23T22:21:16Z,719,C1OBW8XB,64,70,Female,White,United States,United States,United States,English,No,Part-Time
0b49405ae1c3,6a3b03cf770694fdae5cbf4c,APPROVED,Not Applicable,2026-06-23T22:08:19Z,2026-06-23T22:14:39Z,2026-06-23T22:14:40Z,2026-06-23T22:15:39Z,380,C1OBW8XB,116,20,Male,White,Ukraine,United States,Ukraine,Ukrainian,Yes,Part-Time
dbd7fb3ec3f0,6a3b03d3700ebca03e70a9fa,RETURNED,Not Applicable,2026-06-23T22:09:31Z,NA,NA,2026-06-25T18:47:41Z,NA,NA,1521,CONSENT_REVOKED,CONSENT_REVOKED,CONSENT_REVOKED,CONSENT_REVOKED,CONSENT_REVOKED,CONSENT_REVOKED,CONSENT_REVOKED,CONSENT_REVOKED,CONSENT_REVOKED
5157abeabfb1,6a3b03d6175690c99de0a21a,APPROVED,Not Applicable,2026-06-23T22:08:50Z,2026-06-23T22:19:02Z,2026-06-23T22:19:03Z,2026-06-23T22:20:02Z,612,C1OBW8XB,15623,30,Male,White,United States,United States,United States,English,Yes,Full-Time
efbed34246f5,6a3b03d6882815758cc3a6fd,APPROVED,Not Applicable,2026-06-23T22:08:26Z,2026-06-23T22:14:05Z,2026-06-23T22:14:05Z,2026-06-23T22:15:05Z,339,C1OBW8XB,6995,50,Female,White,United States,United States,United States,English,No,Part-Time
fdfebf1c149d,6a3b03e102d2292afb09b4ea,APPROVED,Not Applicable,2026-06-23T22:08:37Z,2026-06-23T22:15:38Z,2026-06-23T22:15:49Z,2026-06-23T22:16:38Z,421,C1OBW8XB,139,23,Female,Mixed,United States,United States,United States,English,Yes,Full-Time
8971bb851c8f,6a3b03eaadac9a69ea2e709b,APPROVED,Not Applicable,2026-06-23T22:08:49Z,2026-06-23T22:16:55Z,2026-06-23T22:16:56Z,2026-06-23T22:17:56Z,487,C1OBW8XB,84,32,Female,White,United States,United States,United States,English,No,Full-Time
7ddc0f4b9b96,6a3b03eac514654907b74fde,APPROVED,Not Applicable,2026-06-23T22:08:49Z,2026-06-23T22:20:54Z,2026-06-23T22:20:54Z,2026-06-23T22:21:54Z,725,C1OBW8XB,1508,72,Male,Asian,United States,United States,United States,English,No,"Not in paid work (e.g. homemaker', 'retired or disabled)"
8f497de111cd,6a3b03eea5f2ee0abadd2bee,RETURNED,Not Applicable,2026-06-23T22:08:50Z,NA,NA,2026-06-25T18:47:41Z,NA,NA,157,CONSENT_REVOKED,CONSENT_REVOKED,CONSENT_REVOKED,CONSENT_REVOKED,CONSENT_REVOKED,CONSENT_REVOKED,CONSENT_REVOKED,CONSENT_REVOKED,CONSENT_REVOKED
d1b38b790986,6a3b03f6d3a05223de48340a,APPROVED,Not Applicable,2026-06-23T22:13:38Z,2026-06-23T22:23:48Z,2026-06-23T22:23:49Z,2026-06-23T22:24:48Z,610,C1OBW8XB,1954,56,Male,Mixed,United States,United States,United States,English,No,Other
dc6d32065dee,6a3b03fca58455fb0ea4bee6,APPROVED,Not Applicable,2026-06-23T22:09:04Z,2026-06-23T22:17:02Z,2026-06-23T22:17:03Z,2026-06-23T22:18:03Z,479,C1OBW8XB,13,26,Female,Black,United States,United States,United States,English,No,Full-Time
657fba208637,6a3b03fdd8fbd72c41f68dd6,APPROVED,Not Applicable,2026-06-23T22:09:07Z,2026-06-23T22:15:37Z,2026-06-23T22:15:43Z,2026-06-23T22:16:38Z,391,C1OBW8XB,121,63,Male,White,United States,United States,United States,English,No,"Not in paid work (e.g. homemaker', 'retired or disabled)"
c45256d0285d,6a3b0402a5945d0cb3975e7a,APPROVED,Not Applicable,2026-06-23T22:09:50Z,2026-06-23T22:17:46Z,2026-06-23T22:17:47Z,2026-06-23T22:18:47Z,477,C1OBW8XB,237,73,Male,White,United States,United States,United States,English,No,Unemployed (and job seeking)
733cb9f6a161,6a3b040480bfafab9f653a48,APPROVED,Not Applicable,2026-06-23T22:09:17Z,2026-06-23T22:18:24Z,2026-06-23T22:18:25Z,2026-06-23T22:19:25Z,548,C1OBW8XB,9,57,Female,White,United States,United States,DATA_EXPIRED,English,No,Other
045569168e68,6a3b040728f8bde1935e0dfd,APPROVED,Not Applicable,2026-06-23T22:09:17Z,2026-06-23T22:19:38Z,2026-06-23T22:19:39Z,2026-06-23T22:20:39Z,622,C1OBW8XB,399,58,Male,White,United States,United States,United States,English,No,Full-Time
0f5916b97298,6a3b040eca496403c22428e0,APPROVED,Not Applicable,2026-06-23T22:09:24Z,2026-06-23T22:16:54Z,2026-06-23T22:16:55Z,2026-06-23T22:17:55Z,451,C1OBW8XB,8602,42,Male,White,United States,United States,United States,English,No,Full-Time
809b31878038,6a3b040f8ba5a4721d196534,APPROVED,Not Applicable,2026-06-23T22:11:14Z,2026-06-23T22:24:34Z,2026-06-23T22:24:34Z,2026-06-23T22:25:34Z,800,C1OBW8XB,13221,53,Female,White,United States,United States,United States,English,DATA_EXPIRED,DATA_EXPIRED
a2a94af16dee,6a3b04127e7abae03b0246dc,APPROVED,Not Applicable,2026-06-23T22:09:36Z,2026-06-23T22:16:41Z,2026-06-23T22:16:42Z,2026-06-23T22:17:42Z,426,C1OBW8XB,612,58,Female,White,United States,United States,United States,English,No,"Not in paid work (e.g. homemaker', 'retired or disabled)"
1181d56a2cd4,6a3b04201432e196e5ce3848,APPROVED,Not Applicable,2026-06-23T22:09:43Z,2026-06-23T22:20:34Z,2026-06-23T22:20:35Z,2026-06-23T22:21:35Z,652,C1OBW8XB,1775,61,Male,White,United States,United States,United States,English,No,Full-Time
be2182b5179d,6a3b0428f7657bf7e99236ab,APPROVED,Not Applicable,2026-06-23T22:09:47Z,2026-06-23T22:15:08Z,2026-06-23T22:15:14Z,2026-06-23T22:16:08Z,321,C1OBW8XB,1581,28,Male,White,United States,United States,United States,English,Yes,Full-Time
b1f09a82465d,6a3b04341aa16d0d068f848f,APPROVED,Not Applicable,2026-06-23T22:10:01Z,2026-06-23T22:15:31Z,2026-06-23T22:15:32Z,2026-06-23T22:16:32Z,331,C1OBW8XB,491,22,Female,Asian,United States,United States,United States,English,Yes,Part-Time
cde23f68be63,6a3b0441b0b2bf46ca117524,APPROVED,Not Applicable,2026-06-23T22:11:01Z,2026-06-23T22:20:26Z,2026-06-23T22:20:27Z,2026-06-23T22:21:27Z,566,C1OBW8XB,4637,66,Male,White,United States,United States,United States,English,No,Full-Time
89509aa01724,6a3b044339bc6d1efa2f2a54,TIMED-OUT,Not Applicable,2026-06-23T22:10:15Z,NA,NA,2026-06-25T18:47:41Z,160646,NA,514,32,Female,Other,United States,United States,United States,English,No,Full-Time
078537f7e241,6a3b0460d3a05223de483411,APPROVED,Not Applicable,2026-06-23T22:10:45Z,2026-06-23T22:17:40Z,2026-06-23T22:17:41Z,2026-06-23T22:18:41Z,416,C1OBW8XB,784,32,Male,White,United States,United States,United States,English,No,Full-Time
d718d5bcc7e3,6a3b0461e1995393ee56465a,APPROVED,Not Applicable,2026-06-23T22:10:52Z,2026-06-23T22:18:38Z,2026-06-23T22:18:39Z,2026-06-23T22:19:39Z,467,C1OBW8XB,166,62,Male,White,United States,United States,United States,English,No,"Not in paid work (e.g. homemaker', 'retired or disabled)"
fef81fac34d9,6a3b0471e7728b29d89a7e62,APPROVED,Not Applicable,2026-06-23T22:11:03Z,2026-06-23T22:18:44Z,2026-06-23T22:18:45Z,2026-06-23T22:19:45Z,462,C1OBW8XB,290,64,Female,White,United States,United States,United States,English,No,"Not in paid work (e.g. homemaker', 'retired or disabled)"
64a67afe625e,6a3b0480aabb14d848104907,APPROVED,Not Applicable,2026-06-23T22:21:04Z,2026-06-23T22:32:39Z,2026-06-23T22:32:40Z,2026-06-23T22:33:40Z,696,C1OBW8XB,668,19,Female,White,United States,United States,United States,English,Yes,Full-Time
1d0e94fbefdf,6a3b048d1362f65c3380c574,APPROVED,Not Applicable,2026-06-23T22:11:31Z,2026-06-23T22:18:48Z,2026-06-23T22:18:49Z,2026-06-23T22:19:48Z,437,C1OBW8XB,113,68,Male,Black,United States,United States,United Kingdom,English,No,Full-Time
a76fb55c7150,6a3b048fe68eec1b7cb6818b,APPROVED,Not Applicable,2026-06-23T22:11:33Z,2026-06-23T22:20:16Z,2026-06-23T22:20:17Z,2026-06-23T22:21:17Z,523,C1OBW8XB,3174,53,Male,Mixed,United States,United States,United States,English,No,Full-Time
05f345cf56e5,6a3b04902846689894ea910d,APPROVED,Not Applicable,2026-06-23T22:13:33Z,2026-06-23T22:23:24Z,2026-06-23T22:23:25Z,2026-06-23T22:24:24Z,591,C1OBW8XB,516,30,Male,Other,United States,United States,United States,English,No,Other
e07fcf1f8085,6a3b04917d1be7e805d1ce92,APPROVED,Not Applicable,2026-06-23T22:12:24Z,2026-06-23T22:20:14Z,2026-06-23T22:20:15Z,2026-06-23T22:21:15Z,471,C1OBW8XB,2239,62,Female,Mixed,United States,United States,United States,English,No,Full-Time
fec94163f0b2,6a3b049c729833405b205d6c,RETURNED,Not Applicable,2026-06-23T22:21:07Z,NA,NA,2026-06-25T18:47:41Z,NA,NA,674,CONSENT_REVOKED,CONSENT_REVOKED,CONSENT_REVOKED,CONSENT_REVOKED,CONSENT_REVOKED,CONSENT_REVOKED,CONSENT_REVOKED,CONSENT_REVOKED,CONSENT_REVOKED
3597e8ca6585,6a3b04ad29362fe36d8e9232,APPROVED,Not Applicable,2026-06-23T22:12:03Z,2026-06-23T22:25:26Z,2026-06-23T22:25:26Z,2026-06-23T22:26:26Z,803,C1OBW8XB,57,50,Female,Black,United States,United States,United States,English,No,Full-Time
092a67be4248,6a3b04aecbf836dc9ae9ae04,APPROVED,Not Applicable,2026-06-23T22:12:03Z,2026-06-23T22:20:24Z,2026-06-23T22:20:24Z,2026-06-23T22:21:24Z,501,C1OBW8XB,954,29,Male,White,United States,United States,United States,English,Yes,Unemployed (and job seeking)
c7a9c6d764e5,6a3b04aff5d7decd1a906f17,APPROVED,Not Applicable,2026-06-23T22:12:04Z,2026-06-23T22:20:16Z,2026-06-23T22:20:22Z,2026-06-23T22:21:17Z,493,C1OBW8XB,17216,56,Female,White,United States,United States,United States,English,DATA_EXPIRED,DATA_EXPIRED
a847b78c5340,6a3b04bb486d8db50d0ffc86,APPROVED,Not Applicable,2026-06-23T22:12:16Z,2026-06-23T22:19:08Z,2026-06-23T22:19:08Z,2026-06-23T22:20:08Z,412,C1OBW8XB,148,36,Male,Asian,United States,United States,United States,English,No,Full-Time
6bc2ff88aa72,6a3b04bf4af7ef541412426f,APPROVED,Not Applicable,2026-06-23T22:12:20Z,2026-06-23T22:19:33Z,2026-06-23T22:19:33Z,2026-06-23T22:20:33Z,433,C1OBW8XB,1005,28,Female,White,United States,United States,United States,English,No,Part-Time
eb91215aa505,6a3b04c7fa7065d94fa61c52,APPROVED,Not Applicable,2026-06-23T22:12:27Z,2026-06-23T22:19:11Z,2026-06-23T22:19:12Z,2026-06-23T22:20:12Z,405,C1OBW8XB,3352,63,Female,White,United States,United States,United States,English,No,Part-Time
46d569dd525d,6a3b04cd1efcdfb7af075931,APPROVED,Not Applicable,2026-06-23T22:12:37Z,2026-06-23T22:19:55Z,2026-06-23T22:19:56Z,2026-06-23T22:20:55Z,438,C1OBW8XB,331,23,Male,White,United States,United States,United States,English,Yes,Full-Time
06b2f9a0d328,6a3b04d5556271bc90dc5f1a,APPROVED,Not Applicable,2026-06-23T22:12:50Z,2026-06-23T22:21:41Z,2026-06-23T22:21:42Z,2026-06-23T22:22:42Z,532,C1OBW8XB,193,27,Male,Other,United States,United States,Mexico,Spanish,No,"Not in paid work (e.g. homemaker', 'retired or disabled)"
7b8c48a993e8,6a3b04d80d9379dbe2dad63d,APPROVED,Not Applicable,2026-06-23T22:12:53Z,2026-06-23T22:19:34Z,2026-06-23T22:19:35Z,2026-06-23T22:20:35Z,401,C1OBW8XB,6677,41,Male,White,United States,United States,United States,English,DATA_EXPIRED,DATA_EXPIRED
f085f5095ae6,6a3b04e0345df6a26436e3a1,APPROVED,Not Applicable,2026-06-23T22:12:57Z,2026-06-23T22:20:54Z,2026-06-23T22:20:55Z,2026-06-23T22:21:55Z,478,C1OBW8XB,2810,23,Male,Asian,United States,United States,United States,English,DATA_EXPIRED,DATA_EXPIRED
ec55af0bc8ad,6a3b04e3c8b8943fa6d7afaa,APPROVED,Not Applicable,2026-06-23T22:12:56Z,2026-06-23T22:24:06Z,2026-06-23T22:24:07Z,2026-06-23T22:25:07Z,671,C1OBW8XB,285,32,Male,White,Peru,United States,Peru,Spanish,Yes,Unemployed (and job seeking)
dbab89eabe81,6a3b04e793e945f98eb79504,APPROVED,Not Applicable,2026-06-23T22:13:00Z,2026-06-23T22:19:53Z,2026-06-23T22:19:54Z,2026-06-23T22:20:54Z,414,C1OBW8XB,281,28,Male,White,United States,United States,United States,English,No,Unemployed (and job seeking)
1fb6449fe697,6a3b04f3e8dfbadd0189ceab,APPROVED,Not Applicable,2026-06-23T22:13:11Z,2026-06-23T22:19:44Z,2026-06-23T22:19:45Z,2026-06-23T22:20:44Z,393,C1OBW8XB,183,19,Female,White,United States,United States,United States,English,No,Unemployed (and job seeking)
9e35f1757b12,6a3b04f4e0e853bee4fbd498,APPROVED,Not Applicable,2026-06-23T22:13:13Z,2026-06-23T22:20:40Z,2026-06-23T22:20:41Z,2026-06-23T22:21:41Z,447,C1OBW8XB,8345,49,Female,White,United States,United States,United States,English,No,Full-Time
e15107c36c6d,6a3b05095958092083ef0a11,RETURNED,Not Applicable,2026-06-23T22:13:32Z,2026-06-23T22:16:32Z,NA,2026-06-25T18:47:41Z,NA,NOCODE,238,CONSENT_REVOKED,CONSENT_REVOKED,CONSENT_REVOKED,CONSENT_REVOKED,CONSENT_REVOKED,CONSENT_REVOKED,CONSENT_REVOKED,CONSENT_REVOKED,CONSENT_REVOKED
8980a5e66fec,6a3b0512941cf26a793aa88e,APPROVED,Not Applicable,2026-06-23T22:13:46Z,2026-06-23T22:23:37Z,2026-06-23T22:23:38Z,2026-06-23T22:24:38Z,592,C1OBW8XB,11,46,Male,Black,United States,United States,United States,English,No,Full-Time
6ad2a68f9211,6a3b052428870c68c85a2022,APPROVED,Not Applicable,2026-06-23T22:14:07Z,2026-06-23T22:27:44Z,2026-06-23T22:27:45Z,2026-06-23T22:28:44Z,817,C1OBW8XB,261,39,Male,Black,United States,United States,United States,English,No,Full-Time
cb024a788d51,6a3b05258ebfb0b8b2a5a806,APPROVED,Not Applicable,2026-06-23T22:14:01Z,2026-06-23T22:19:49Z,2026-06-23T22:19:50Z,2026-06-23T22:20:50Z,348,C1OBW8XB,10880,60,Male,White,United States,United States,United States,English,No,Full-Time
aef0257870f6,6a3b053588f60a832d862d0b,APPROVED,Not Applicable,2026-06-23T22:14:23Z,2026-06-23T22:25:44Z,2026-06-23T22:25:45Z,2026-06-23T22:26:45Z,682,C1OBW8XB,99,64,Female,White,United States,United States,United States,English,Yes,Full-Time
7355451e0c1e,6a3b053c6519e2cb9b0b90d0,APPROVED,Not Applicable,2026-06-23T22:15:27Z,2026-06-23T22:26:56Z,2026-06-23T22:26:57Z,2026-06-23T22:27:57Z,689,C1OBW8XB,1345,65,Female,Black,United States,United States,United States,English,DATA_EXPIRED,DATA_EXPIRED
85c446c95b57,6a3b053edef3745d95da03a9,APPROVED,Not Applicable,2026-06-23T22:14:35Z,2026-06-23T22:21:25Z,2026-06-23T22:21:26Z,2026-06-23T22:22:26Z,410,C1OBW8XB,1,65,Female,White,United States,United States,DATA_EXPIRED,English,No,Part-Time
e6338b7dd9c5,6a3b05411e628ab1ca59cd72,APPROVED,Not Applicable,2026-06-23T22:14:29Z,2026-06-23T22:20:36Z,2026-06-23T22:20:37Z,2026-06-23T22:21:37Z,368,C1OBW8XB,58,38,Female,White,United States,United States,United States,English,No,Full-Time
ed47aef653f8,6a3b0544f78237c58416e985,APPROVED,Not Applicable,2026-06-23T22:14:31Z,2026-06-23T22:20:26Z,2026-06-23T22:20:32Z,2026-06-23T22:21:27Z,355,C1OBW8XB,2647,59,Male,White,United States,United States,United States,English,No,Full-Time
031d42ae647a,6a3b054fb750e8be2770aa0c,APPROVED,Not Applicable,2026-06-23T22:14:42Z,2026-06-23T22:21:13Z,2026-06-23T22:21:14Z,2026-06-23T22:22:13Z,391,C1OBW8XB,219,60,Male,White,United States,United States,DATA_EXPIRED,English,No,Full-Time
684bdf8ed6c1,6a3b05505c7554d0c480c546,APPROVED,Not Applicable,2026-06-23T22:14:44Z,2026-06-23T22:20:01Z,2026-06-23T22:20:01Z,2026-06-23T22:21:01Z,317,C1OBW8XB,298,59,Male,White,United States,United States,United States,English,No,Other
e7d72740060a,6a3b05566b43a420c01465bb,APPROVED,Not Applicable,2026-06-23T22:14:51Z,2026-06-23T22:22:31Z,2026-06-23T22:22:32Z,2026-06-23T22:23:32Z,461,C1OBW8XB,1716,46,Male,White,United States,United States,United States,English,Yes,Full-Time
cd364737f1b3,6a3b05575abdd611b93aa893,APPROVED,Not Applicable,2026-06-23T22:15:06Z,2026-06-23T22:26:16Z,2026-06-23T22:26:17Z,2026-06-23T22:27:17Z,671,C1OBW8XB,4963,19,Male,White,United States,United States,United States,English,Yes,Part-Time
0c3c78215e63,6a3b055958fd18ccf6906f1b,APPROVED,Not Applicable,2026-06-23T22:14:52Z,2026-06-23T22:21:17Z,2026-06-23T22:21:18Z,2026-06-23T22:22:17Z,385,C1OBW8XB,4418,39,Male,White,United States,United States,United States,English,No,Full-Time
fbbe5c68d844,6a3b055a34c088edaf3c4f98,APPROVED,Not Applicable,2026-06-23T22:15:06Z,2026-06-23T22:23:21Z,2026-06-23T22:23:22Z,2026-06-23T22:24:21Z,495,C1OBW8XB,647,62,Male,Black,Nigeria,United States,United States,English,No,Full-Time
c4d2beb756d6,6a3b055e24d3d79aa9d5cea3,RETURNED,Not Applicable,NA,NA,NA,2026-06-25T18:47:41Z,NA,NA,5587,CONSENT_REVOKED,CONSENT_REVOKED,CONSENT_REVOKED,CONSENT_REVOKED,CONSENT_REVOKED,CONSENT_REVOKED,CONSENT_REVOKED,CONSENT_REVOKED,CONSENT_REVOKED
45b1fcfdc4ca,6a3b056168a68ea73cbcdbb5,APPROVED,Not Applicable,2026-06-23T22:15:01Z,2026-06-23T22:22:02Z,2026-06-23T22:22:03Z,2026-06-23T22:23:03Z,421,C1OBW8XB,683,62,Male,White,United States,United States,United States,English,No,Full-Time
ac655f7219a2,6a3b0561b66651b5f9444795,APPROVED,Not Applicable,2026-06-23T22:15:04Z,2026-06-23T22:27:57Z,2026-06-23T22:27:57Z,2026-06-23T22:28:57Z,773,C1OBW8XB,1841,53,Male,White,United States,United States,United States,English,Yes,Full-Time
f2c06b105d5e,6a3b05640800239f8ce259b8,RETURNED,Not Applicable,2026-06-23T22:15:12Z,NA,NA,2026-06-25T18:47:41Z,NA,NA,916,CONSENT_REVOKED,CONSENT_REVOKED,CONSENT_REVOKED,CONSENT_REVOKED,CONSENT_REVOKED,CONSENT_REVOKED,CONSENT_REVOKED,CONSENT_REVOKED,CONSENT_REVOKED
7678a464d14f,6a3b0566b0b2bf46ca117532,APPROVED,Not Applicable,2026-06-23T22:15:07Z,2026-06-23T22:21:35Z,2026-06-23T22:21:36Z,2026-06-23T22:22:35Z,388,C1OBW8XB,285,36,Male,Black,United States,United States,United States,English,No,Full-Time
70b0f85ba529,6a3b056ae0e853bee4fbd4a1,APPROVED,Not Applicable,2026-06-23T22:15:55Z,2026-06-23T22:26:45Z,2026-06-23T22:26:46Z,2026-06-23T22:27:46Z,650,C1OBW8XB,876,37,Male,White,United States,United States,United States,English,No,Full-Time
b76113d4ffd8,6a3b05804d6765fbfaf4a832,APPROVED,Not Applicable,2026-06-23T22:15:33Z,2026-06-23T22:23:54Z,2026-06-23T22:23:55Z,2026-06-23T22:24:55Z,501,C1OBW8XB,3403,47,Male,White,United States,United States,United States,English,DATA_EXPIRED,Full-Time
237dde3df54e,6a3b05943bd1289537096f83,APPROVED,Not Applicable,2026-06-23T22:15:56Z,2026-06-23T22:30:19Z,2026-06-23T22:30:20Z,2026-06-23T22:31:20Z,864,C1OBW8XB,413,36,Female,Mixed,United States,United States,United States,English,No,Unemployed (and job seeking)
8b473711bec1,6a3b059656f9d15d79b87acd,APPROVED,Not Applicable,2026-06-23T22:15:54Z,2026-06-23T22:21:36Z,2026-06-23T22:21:37Z,2026-06-23T22:22:37Z,343,C1OBW8XB,195,55,Male,White,United States,United States,United States,English,No,Part-Time
f61c535ac79c,6a3b059b44cda458a92726e1,RETURNED,Not Applicable,2026-06-23T22:16:09Z,NA,NA,2026-06-25T18:47:41Z,NA,NA,61,CONSENT_REVOKED,CONSENT_REVOKED,CONSENT_REVOKED,CONSENT_REVOKED,CONSENT_REVOKED,CONSENT_REVOKED,CONSENT_REVOKED,CONSENT_REVOKED,CONSENT_REVOKED
710eda8278c5,6a3b05c88a2ee78354e814b2,APPROVED,Not Applicable,2026-06-23T22:16:45Z,2026-06-23T22:22:25Z,2026-06-23T22:22:26Z,2026-06-23T22:23:26Z,341,C1OBW8XB,293,27,Female,Mixed,United States,United States,United States,English,Yes,Unemployed (and job seeking)
ac1b0e82af8f,6a3b05d221de4e9d550b90d3,APPROVED,Not Applicable,2026-06-23T22:16:54Z,2026-06-23T22:22:49Z,2026-06-23T22:22:49Z,2026-06-23T22:23:49Z,355,C1OBW8XB,14,33,Female,White,United States,United States,DATA_EXPIRED,English,No,Full-Time
f440cc80b844,6a3b05df5c7554d0c480c54c,APPROVED,Not Applicable,2026-06-23T22:17:10Z,2026-06-23T22:30:26Z,2026-06-23T22:30:27Z,2026-06-23T22:31:27Z,797,C1OBW8XB,1141,62,Female,White,United States,United States,United States,English,No,"Not in paid work (e.g. homemaker', 'retired or disabled)"
91e625381ed6,6a3b05efbc8dc5d7449945e9,APPROVED,Not Applicable,2026-06-23T22:17:30Z,2026-06-23T22:25:55Z,2026-06-23T22:25:56Z,2026-06-23T22:26:56Z,506,C1OBW8XB,415,72,Female,White,United States,United States,United States,English,No,Unemployed (and job seeking)
813358c47582,6a3b05f0eec7319babc6f175,APPROVED,Not Applicable,2026-06-23T22:17:24Z,2026-06-23T22:24:27Z,2026-06-23T22:24:28Z,2026-06-23T22:25:28Z,424,C1OBW8XB,68,32,Female,White,United States,United States,United States,English,No,Full-Time
bcd38cd708bb,6a3b05fdb2ed0ff486011847,APPROVED,Not Applicable,2026-06-23T22:17:38Z,2026-06-23T22:25:41Z,2026-06-23T22:25:42Z,2026-06-23T22:26:42Z,484,C1OBW8XB,1891,62,Male,White,United States,United States,United States,English,No,Full-Time
2fa113e5957e,6a3b0604ea7d9f6306d37aa3,APPROVED,Not Applicable,2026-06-23T22:17:46Z,2026-06-23T22:32:36Z,2026-06-23T22:32:37Z,2026-06-23T22:33:37Z,891,C1OBW8XB,1743,25,Female,Black,United States,United States,United States,English,No,Part-Time
29e3f77e97f7,6a3b060aaf3929fc4f5cf470,APPROVED,Not Applicable,2026-06-23T22:18:03Z,2026-06-23T22:38:49Z,2026-06-23T22:38:50Z,2026-06-23T22:39:50Z,1247,C1OBW8XB,1927,52,Female,Black,United States,United States,United States,English,DATA_EXPIRED,DATA_EXPIRED
7752c2599715,6a3b061593a5b4bface6f55b,APPROVED,Not Applicable,2026-06-23T22:18:02Z,2026-06-23T22:25:33Z,2026-06-23T22:25:33Z,2026-06-23T22:26:33Z,451,C1OBW8XB,43,29,Male,Mixed,United States,United States,United States,English,Yes,Part-Time
aa51ec8470f7,6a3b06255c00d1307519652d,APPROVED,Not Applicable,2026-06-23T22:20:17Z,2026-06-23T22:33:43Z,2026-06-23T22:33:44Z,2026-06-23T22:34:44Z,806,C1OBW8XB,221,49,Male,Black,United States,United States,United States,English,No,"Not in paid work (e.g. homemaker', 'retired or disabled)"
7e24629ccf22,6a3b06271fd49413f2ced3e8,APPROVED,Not Applicable,2026-06-23T22:18:25Z,2026-06-23T22:25:35Z,2026-06-23T22:25:36Z,2026-06-23T22:26:36Z,430,C1OBW8XB,4124,26,Male,White,United States,United States,United States,English,DATA_EXPIRED,DATA_EXPIRED
1695c61c91fa,6a3b06308b7f02d94e54b2ac,APPROVED,Not Applicable,2026-06-23T22:18:28Z,2026-06-23T22:22:27Z,2026-06-23T22:22:27Z,2026-06-23T22:23:27Z,239,C1OBW8XB,222,18,Female,Asian,United States,United States,United States,English,Yes,"Not in paid work (e.g. homemaker', 'retired or disabled)"
e5eb1ef3c6bf,6a3b0635cddad3e37ae89d12,APPROVED,Not Applicable,2026-06-23T22:18:36Z,2026-06-23T22:29:37Z,2026-06-23T22:29:38Z,2026-06-23T22:30:38Z,662,C1OBW8XB,133,37,Female,White,United States,United States,United States,English,No,Part-Time
302be7973a3b,6a3b0644ad7d463da630cd6d,APPROVED,Not Applicable,2026-06-23T22:20:22Z,2026-06-23T22:26:02Z,2026-06-23T22:26:03Z,2026-06-23T22:27:02Z,340,C1OBW8XB,6685,64,Male,White,United States,United States,United States,English,No,Full-Time
bafbc1b30287,6a3b06494c54c143f77bff81,APPROVED,Not Applicable,2026-06-23T22:18:58Z,2026-06-23T22:25:05Z,2026-06-23T22:25:06Z,2026-06-23T22:26:06Z,368,C1OBW8XB,1125,49,Female,White,United States,United States,United States,English,No,"Not in paid work (e.g. homemaker', 'retired or disabled)"
2318f4f1ec81,6a3b0670f55114d5b87db6c6,APPROVED,Not Applicable,2026-06-23T22:19:32Z,2026-06-23T22:27:02Z,2026-06-23T22:27:03Z,2026-06-23T22:28:03Z,451,C1OBW8XB,129,20,Male,White,United States,United States,Italy,English,Yes,Due to start a new job within the next month
491889d771e3,6a3b0672e91246f2ee0ba9e7,APPROVED,Not Applicable,2026-06-23T22:19:35Z,2026-06-23T22:26:41Z,2026-06-23T22:26:41Z,2026-06-23T22:27:41Z,427,C1OBW8XB,3431,38,Male,White,United States,United States,United States,English,No,Full-Time
75feacdd1f17,6a3b0678112c23f265f543da,APPROVED,Not Applicable,2026-06-23T22:20:24Z,2026-06-23T22:34:26Z,2026-06-23T22:34:27Z,2026-06-23T22:35:27Z,843,C1OBW8XB,265,67,Female,Black,United States,United States,United States,English,Yes,"Not in paid work (e.g. homemaker', 'retired or disabled)"
a083c259185c,6a3b067e2846689894ea911f,APPROVED,Not Applicable,2026-06-23T22:19:52Z,2026-06-23T22:29:13Z,2026-06-23T22:29:14Z,2026-06-23T22:30:13Z,561,C1OBW8XB,726,56,Female,Mixed,United States,United States,United States,English,No,Full-Time
f6cb84d2e163,6a3b069c8ee69d54986792d3,APPROVED,Not Applicable,2026-06-23T22:20:17Z,2026-06-23T22:28:08Z,2026-06-23T22:28:09Z,2026-06-23T22:29:08Z,471,C1OBW8XB,104,30,Female,Black,United States,United States,DATA_EXPIRED,English,No,Part-Time
215d00e287df,6a3b069d60e697891be19ad1,APPROVED,Not Applicable,2026-06-23T22:20:18Z,2026-06-23T22:31:42Z,2026-06-23T22:31:43Z,2026-06-23T22:32:43Z,684,C1OBW8XB,3163,52,Male,White,United States,United States,United States,English,No,"Not in paid work (e.g. homemaker', 'retired or disabled)"
c41c34ea8873,6a3b069de937e6e7353b6dd5,APPROVED,Not Applicable,2026-06-23T22:20:19Z,2026-06-23T22:26:05Z,2026-06-23T22:26:06Z,2026-06-23T22:27:06Z,347,C1OBW8XB,1536,42,Male,Mixed,United States,United States,United States,English,No,Other
b794cafc2324,6a3b06a12968983e4bc17dc6,APPROVED,Not Applicable,2026-06-23T22:20:21Z,2026-06-23T22:26:31Z,2026-06-23T22:26:31Z,2026-06-23T22:27:31Z,370,C1OBW8XB,1231,41,Male,Other,United States,United States,United States,English,No,Full-Time
7e2bd0dff531,6a3b06af693ac1d698a98b85,APPROVED,Not Applicable,2026-06-23T22:20:36Z,2026-06-23T22:28:06Z,2026-06-23T22:28:06Z,2026-06-23T22:29:06Z,450,C1OBW8XB,421,62,Male,Black,Dominican Republic,United States,Dominican Republic,Spanish,No,Unemployed (and job seeking)
5d24c385639d,6a3b06f2e803e9b1a9de390d,APPROVED,Not Applicable,2026-06-23T22:21:42Z,2026-06-23T22:28:10Z,2026-06-23T22:28:11Z,2026-06-23T22:29:11Z,388,C1OBW8XB,5237,38,Male,White,United States,United States,United States,English,DATA_EXPIRED,DATA_EXPIRED
153338ff7a9d,6a3b06f3cbd5aacb15d2500f,APPROVED,Not Applicable,2026-06-23T22:21:43Z,2026-06-23T22:26:18Z,2026-06-23T22:26:19Z,2026-06-23T22:27:19Z,275,C1OBW8XB,1836,45,Male,Mixed,United States,United States,United States,English,No,Full-Time
43830f6a5a54,6a3b06f7502d9b9cadd29023,APPROVED,Not Applicable,2026-06-23T22:21:48Z,2026-06-23T22:28:32Z,2026-06-23T22:28:33Z,2026-06-23T22:29:33Z,405,C1OBW8XB,10455,32,Male,Black,United States,United States,United States,English,Yes,Full-Time
4361384eac2a,6a3b071ad01851b62c40cf82,APPROVED,Not Applicable,2026-06-23T22:22:23Z,2026-06-23T22:27:32Z,2026-06-23T22:27:33Z,2026-06-23T22:28:33Z,310,C1OBW8XB,1884,55,Male,White,France,United States,United States,French,No,Full-Time
48b5ce8bd278,6a3b072b31a8af493407bdc3,APPROVED,Not Applicable,2026-06-23T22:22:40Z,2026-06-23T22:39:23Z,2026-06-23T22:39:24Z,2026-06-23T22:40:24Z,1004,C1OBW8XB,386,37,Female,Asian,China,United States,United States,Mandarin,No,Part-Time
016e2a7773a6,6a3b07478845a6f6467bffc3,APPROVED,Not Applicable,2026-06-23T22:23:07Z,2026-06-23T22:29:43Z,2026-06-23T22:29:43Z,2026-06-23T22:30:43Z,396,C1OBW8XB,331,21,Female,Other,United States,United States,United States,English,Yes,Part-Time
ed29fb5802fb,6a3b074f934f24aa2fe814c9,APPROVED,Not Applicable,2026-06-23T22:23:17Z,2026-06-23T22:32:50Z,2026-06-23T22:32:51Z,2026-06-23T22:33:51Z,574,C1OBW8XB,214,58,Female,White,United States,United States,United States,English,No,Full-Time
2dc73eac6f02,6a3b0767cbd5aacb15d25016,APPROVED,Not Applicable,2026-06-23T22:23:40Z,2026-06-23T22:29:16Z,2026-06-23T22:29:17Z,2026-06-23T22:30:16Z,336,C1OBW8XB,2531,40,Male,White,United States,United States,United States,English,No,Full-Time
76c4492b3012,6a3b0768b9eb18d6a6053889,APPROVED,Not Applicable,2026-06-23T22:24:17Z,2026-06-23T22:32:28Z,2026-06-23T22:32:29Z,2026-06-23T22:33:29Z,492,C1OBW8XB,1246,62,Female,Black,United States,United States,United States,English,No,Full-Time
8f58da2950ca,6a3b076cc43d6f7984f6bf79,APPROVED,Not Applicable,2026-06-23T22:23:46Z,2026-06-23T22:31:23Z,2026-06-23T22:31:24Z,2026-06-23T22:32:24Z,458,C1OBW8XB,118,18,Male,Other,United States,United States,United States,English,Yes,Part-Time
66de9065be3a,6a3b076ef1913ca68fbcdbd5,APPROVED,Not Applicable,2026-06-23T22:23:48Z,2026-06-23T22:30:20Z,2026-06-23T22:30:21Z,2026-06-23T22:31:21Z,392,C1OBW8XB,5478,59,Female,White,United States,United States,United States,English,No,Other
0c086dd34031,6a3b0778b70850965aa61c36,APPROVED,Not Applicable,2026-06-23T22:23:58Z,2026-06-23T22:30:12Z,2026-06-23T22:30:13Z,2026-06-23T22:31:13Z,375,C1OBW8XB,15703,67,Female,White,United States,United States,United States,English,No,"Not in paid work (e.g. homemaker', 'retired or disabled)"
7aa238041c9e,6a3b077d0343e8f0348f4903,TIMED-OUT,Not Applicable,2026-06-23T22:24:07Z,NA,NA,2026-06-25T18:47:41Z,159815,NA,1643,20,Female,Black,United States,United States,United States,English,No,Part-Time
b22436b6322b,6a3b07995ab31ec0781da054,APPROVED,Not Applicable,2026-06-23T22:24:32Z,2026-06-23T22:34:37Z,2026-06-23T22:34:38Z,2026-06-23T22:35:38Z,605,C1OBW8XB,44,58,Male,White,United States,United States,United States,English,No,Part-Time
f8254dc748c1,6a3b07ac033f6d1c05fc89fd,APPROVED,Not Applicable,2026-06-23T22:24:47Z,2026-06-23T22:29:46Z,2026-06-23T22:29:47Z,2026-06-23T22:30:47Z,299,C1OBW8XB,2188,58,Female,Mixed,United States,United States,United States,English,No,Full-Time
3c5251bdb98f,6a3b07ac44c6537604281547,APPROVED,Not Applicable,2026-06-23T22:25:42Z,2026-06-23T22:33:04Z,2026-06-23T22:33:05Z,2026-06-23T22:34:04Z,442,C1OBW8XB,390,49,Female,White,United States,United States,United States,English,No,Unemployed (and job seeking)
1637382c7773,6a3b07b31cab28b02be19acb,APPROVED,Not Applicable,2026-06-23T22:24:57Z,2026-06-23T22:33:46Z,2026-06-23T22:33:52Z,2026-06-23T22:34:47Z,530,C1OBW8XB,74,58,Female,Black,United States,United States,United States,English,No,Full-Time
c037c22b0547,6a3b07c2673c98aa31883bd0,APPROVED,Not Applicable,2026-06-23T22:25:10Z,2026-06-23T22:30:50Z,2026-06-23T22:30:51Z,2026-06-23T22:31:51Z,340,C1OBW8XB,374,31,Female,White,United States,United States,United States,English,No,"Not in paid work (e.g. homemaker', 'retired or disabled)"
937fb2443d4f,6a3b07dbbf7997c7b5200907,APPROVED,Not Applicable,2026-06-23T22:25:37Z,2026-06-23T22:31:45Z,2026-06-23T22:31:46Z,2026-06-23T22:32:46Z,369,C1OBW8XB,817,29,Male,Mixed,United States,United States,United States,English,No,Unemployed (and job seeking)
d50016e6bf05,6a3b07ed43608d8c55c531ba,APPROVED,Not Applicable,2026-06-23T22:25:55Z,2026-06-23T22:34:30Z,2026-06-23T22:34:30Z,2026-06-23T22:35:30Z,515,C1OBW8XB,98,73,Female,White,United States,United States,United States,English,No,Part-Time
1c8f2d2d9db3,6a3b07ed557907b7be24d297,APPROVED,Not Applicable,2026-06-23T22:26:05Z,2026-06-23T22:32:55Z,2026-06-23T22:32:56Z,2026-06-23T22:33:55Z,410,C1OBW8XB,2153,47,Male,Other,United States,United States,United States,English,No,Part-Time
0659e3dcf6db,6a3b0823bea57728659b065f,APPROVED,Not Applicable,2026-06-23T22:30:55Z,2026-06-23T22:52:38Z,2026-06-23T22:52:39Z,2026-06-23T22:53:39Z,1303,C1OBW8XB,542,33,Female,Black,United States,United States,United States,English,No,Full-Time
3b91085a5835,6a3b082ecb467dd308c1ff40,APPROVED,Not Applicable,2026-06-23T22:30:00Z,2026-06-23T22:38:53Z,2026-06-23T22:38:54Z,2026-06-23T22:39:54Z,534,C1OBW8XB,186,58,Male,Black,United States,United States,United States,English,No,Part-Time
37b1b5f9d29b,6a3b083add754e1d6edad676,APPROVED,Not Applicable,2026-06-23T22:27:10Z,2026-06-23T22:34:35Z,2026-06-23T22:34:36Z,2026-06-23T22:35:36Z,445,C1OBW8XB,522,36,Female,Other,United States,United States,United States,English,No,Full-Time
3cbaa60938ea,6a3b083bffc3874af1e61c1c,APPROVED,Not Applicable,2026-06-23T22:27:14Z,2026-06-23T22:34:45Z,2026-06-23T22:34:46Z,2026-06-23T22:35:46Z,451,C1OBW8XB,1668,73,Female,White,United States,United States,United States,English,No,"Not in paid work (e.g. homemaker', 'retired or disabled)"
b21a9310aacf,6a3b084441c27cd994b98444,APPROVED,Not Applicable,2026-06-23T22:27:20Z,2026-06-23T22:35:50Z,2026-06-23T22:35:51Z,2026-06-23T22:36:51Z,511,C1OBW8XB,72,45,Male,Asian,United States,United States,United States,English,No,Unemployed (and job seeking)
54ef30c6cbb1,6a3b0853fd137763423b6ded,APPROVED,Not Applicable,2026-06-23T22:28:24Z,2026-06-23T22:35:06Z,2026-06-23T22:35:07Z,2026-06-23T22:36:07Z,403,C1OBW8XB,946,40,Male,White,United States,United States,United States,English,No,Full-Time
c2f0d3aa509f,6a3b085736e58509988d40ec,APPROVED,Not Applicable,2026-06-23T22:27:59Z,2026-06-23T22:33:43Z,2026-06-23T22:33:47Z,2026-06-23T22:34:44Z,344,C1OBW8XB,3097,62,Male,White,United States,United States,United States,English,No,Full-Time
d404a6cf27d9,6a3b0878f92ab5d19d19809c,RETURNED,Not Applicable,2026-06-23T22:28:13Z,NA,NA,2026-06-25T18:47:41Z,NA,NA,84,CONSENT_REVOKED,CONSENT_REVOKED,CONSENT_REVOKED,CONSENT_REVOKED,CONSENT_REVOKED,CONSENT_REVOKED,CONSENT_REVOKED,CONSENT_REVOKED,CONSENT_REVOKED
f9b711bdfd1e,6a3b087cea7b9d81d6f30949,APPROVED,Not Applicable,2026-06-23T22:28:14Z,2026-06-23T22:34:36Z,2026-06-23T22:34:37Z,2026-06-23T22:35:37Z,382,C1OBW8XB,3039,45,Male,White,United States,United States,United States,English,No,Full-Time
9885956996c3,6a3b0881e305c89dafdd8f18,APPROVED,Not Applicable,2026-06-23T22:28:22Z,2026-06-23T22:37:06Z,2026-06-23T22:37:07Z,2026-06-23T22:38:06Z,525,C1OBW8XB,549,61,Female,White,United States,United States,Latvia,English,No,Full-Time
4b84b0cca1ab,6a3b088ee556cdcccdb96703,APPROVED,Not Applicable,2026-06-23T22:28:30Z,2026-06-23T22:33:50Z,2026-06-23T22:33:51Z,2026-06-23T22:34:50Z,320,C1OBW8XB,1657,60,Female,White,United States,United States,United States,English,No,Full-Time
6b6a50a3c753,6a3b089cf1fb006ed16cdffc,APPROVED,Not Applicable,2026-06-23T22:28:44Z,2026-06-23T22:41:51Z,2026-06-23T22:41:51Z,2026-06-23T22:42:51Z,788,C1OBW8XB,304,58,Female,Asian,Korea,United States,United States,Korean,No,Part-Time
71c9107720b7,6a3b089f928d907534277328,APPROVED,Not Applicable,2026-06-23T22:28:53Z,2026-06-23T22:39:06Z,2026-06-23T22:39:06Z,2026-06-23T22:40:06Z,613,C1OBW8XB,1169,60,Female,White,United States,United States,United States,English,No,"Not in paid work (e.g. homemaker', 'retired or disabled)"
a92ec0ba6fbd,6a3b08b09d6360fad264942c,RETURNED,Not Applicable,2026-06-23T22:31:35Z,2026-06-23T22:52:00Z,NA,2026-06-25T18:47:41Z,NA,NOCODE,1716,CONSENT_REVOKED,CONSENT_REVOKED,CONSENT_REVOKED,CONSENT_REVOKED,CONSENT_REVOKED,CONSENT_REVOKED,CONSENT_REVOKED,CONSENT_REVOKED,CONSENT_REVOKED
99ca751646b3,6a3b08be30dc5f581a495669,APPROVED,Not Applicable,2026-06-23T22:29:34Z,2026-06-23T22:36:30Z,2026-06-23T22:36:31Z,2026-06-23T22:37:31Z,416,C1OBW8XB,2438,35,Female,Mixed,United States,United States,United States,English,No,"Not in paid work (e.g. homemaker', 'retired or disabled)"
83e24ed3284b,6a3b08e4e937e6e7353b6df4,APPROVED,Not Applicable,2026-06-23T22:30:02Z,2026-06-23T22:36:32Z,2026-06-23T22:36:33Z,2026-06-23T22:37:33Z,390,C1OBW8XB,3973,47,Female,White,United States,United States,United States,English,DATA_EXPIRED,DATA_EXPIRED
ef7d8f270719,6a3b08ef075835fcc30ffc86,APPROVED,Not Applicable,2026-06-23T22:30:13Z,2026-06-23T22:35:41Z,2026-06-23T22:35:42Z,2026-06-23T22:36:41Z,328,C1OBW8XB,314,30,Female,Mixed,United States,United States,United States,English,No,Full-Time
3f08a1cb9369,6a3b091bcf4adacc526a1447,APPROVED,Not Applicable,2026-06-23T22:30:56Z,2026-06-23T22:36:01Z,2026-06-23T22:36:02Z,2026-06-23T22:37:02Z,305,C1OBW8XB,3180,25,Male,White,United States,United States,United States,English,DATA_EXPIRED,DATA_EXPIRED
f19eb48ad11f,6a3b0975922bb95f51dacce4,APPROVED,Not Applicable,2026-06-23T22:32:57Z,2026-06-23T22:41:17Z,2026-06-23T22:41:18Z,2026-06-23T22:42:18Z,500,C1OBW8XB,5103,48,Female,Black,United States,United States,United States,English,No,Part-Time
1703169280a9,6a3b097d18314a359627b09d,APPROVED,Not Applicable,2026-06-23T22:32:41Z,2026-06-23T22:42:42Z,2026-06-23T22:42:43Z,2026-06-23T22:43:43Z,602,C1OBW8XB,267,66,Female,Black,United States,United States,United States,English,No,Other
fe933f9a84df,6a3b09abddc15b758970aa20,APPROVED,Not Applicable,2026-06-23T22:33:21Z,2026-06-23T22:41:11Z,2026-06-23T22:41:12Z,2026-06-23T22:42:12Z,470,C1OBW8XB,1107,61,Male,White,Algeria,United States,United States,DATA_EXPIRED,No,Full-Time
57d53ce5e257,6a3b09c33a485cd86591f5e0,APPROVED,Not Applicable,2026-06-23T22:33:43Z,2026-06-23T22:42:47Z,2026-06-23T22:42:48Z,2026-06-23T22:43:48Z,545,C1OBW8XB,14034,38,Female,White,United States,United States,United States,English,No,Full-Time
383386030029,6a3b09c3cb60c01151335820,APPROVED,Not Applicable,2026-06-23T22:33:49Z,2026-06-23T22:43:26Z,2026-06-23T22:43:27Z,2026-06-23T22:44:26Z,577,C1OBW8XB,4455,60,Male,Asian,Philippines,United States,United States,Tagalog-Filipino,No,"Not in paid work (e.g. homemaker', 'retired or disabled)"
a6f98c41d094,6a3b09dddac948e7b6f71a38,APPROVED,Not Applicable,2026-06-23T22:41:32Z,2026-06-23T22:51:41Z,2026-06-23T22:51:42Z,2026-06-23T22:52:41Z,609,C1OBW8XB,8015,38,Male,White,United States,United States,United States,English,No,DATA_EXPIRED
d221355042ec,6a3b0a40fa459b507a21bba8,APPROVED,Not Applicable,2026-06-23T22:35:51Z,2026-06-23T22:43:07Z,2026-06-23T22:43:08Z,2026-06-23T22:44:08Z,437,C1OBW8XB,477,73,Female,White,United States,United States,United States,English,No,"Not in paid work (e.g. homemaker', 'retired or disabled)"
7f4d0499b8e0,6a3b0a615a0b8d20c4279cd2,APPROVED,Not Applicable,2026-06-23T22:36:36Z,2026-06-23T22:48:37Z,2026-06-23T22:48:38Z,2026-06-23T22:49:38Z,722,C1OBW8XB,1847,58,Female,White,United States,United States,United States,English,No,Full-Time
19b66a3615f5,6a3b0a7676e78bf3ed143d1e,APPROVED,Not Applicable,2026-06-23T22:36:43Z,2026-06-23T22:42:05Z,2026-06-23T22:42:05Z,2026-06-23T22:43:05Z,322,C1OBW8XB,542,31,Female,Asian,Bangladesh,United States,Bangladesh,Bengali,No,Part-Time
f474ce5e5551,6a3b0aaa9aa3d96fb619652d,APPROVED,Not Applicable,2026-06-23T22:37:41Z,2026-06-23T22:44:29Z,2026-06-23T22:44:30Z,2026-06-23T22:45:30Z,409,C1OBW8XB,356,52,Male,Black,United States,United States,United States,English,No,Unemployed (and job seeking)
c6850727c111,6a3b0adcc724372eca3e22ab,APPROVED,Not Applicable,2026-06-23T22:38:26Z,2026-06-23T22:45:32Z,2026-06-23T22:45:33Z,2026-06-23T22:46:33Z,427,C1OBW8XB,370,59,Female,White,United States,United States,United States,English,No,Other
486d1a74fa6b,6a3b0af15f63b570fd77c265,APPROVED,Not Applicable,2026-06-23T22:38:43Z,2026-06-23T22:46:51Z,2026-06-23T22:46:52Z,2026-06-23T22:47:51Z,488,C1OBW8XB,1318,35,Male,White,United States,United States,United States,English,No,Full-Time
39f896b46d7f,6a3b0b25a9aec840bf09bf69,APPROVED,Not Applicable,2026-06-23T22:39:38Z,2026-06-23T22:45:50Z,2026-06-23T22:45:51Z,2026-06-23T22:46:51Z,373,C1OBW8XB,435,35,Female,White,Germany,United States,United States,German,No,Full-Time
2975adf5ff08,6a3b0b756ad0d5a1c0b74fcd,APPROVED,Not Applicable,2026-06-23T22:40:58Z,2026-06-23T22:48:56Z,2026-06-23T22:48:56Z,2026-06-23T22:49:56Z,478,C1OBW8XB,106,67,Female,White,United States,United States,United States,English,No,"Not in paid work (e.g. homemaker', 'retired or disabled)"
e253e8c6bf4f,6a3b0b998463376a3e62c938,APPROVED,Not Applicable,2026-06-23T22:43:02Z,2026-06-23T22:52:07Z,2026-06-23T22:52:08Z,2026-06-23T22:53:08Z,545,C1OBW8XB,262,64,Male,White,United States,United States,United States,English,No,"Not in paid work (e.g. homemaker', 'retired or disabled)"
2bea70b48eb8,6a3b0ba0f89a7b2701cac79a,APPROVED,Not Applicable,2026-06-23T22:41:39Z,2026-06-23T22:47:49Z,2026-06-23T22:47:50Z,2026-06-23T22:48:50Z,371,C1OBW8XB,8003,36,Male,White,United States,United States,United States,English,No,Full-Time
624deff25b28,6a3b0bb1d28a08c2fb3c4f75,APPROVED,Not Applicable,2026-06-23T22:42:45Z,2026-06-23T22:54:46Z,2026-06-23T22:54:46Z,2026-06-23T22:55:46Z,721,C1OBW8XB,264,61,Female,Black,United States,United States,United States,English,No,Full-Time
e43e008a38e5,6a3b0bc69e4498c9824447b4,APPROVED,Not Applicable,2026-06-23T22:42:25Z,2026-06-23T22:49:21Z,2026-06-23T22:49:22Z,2026-06-23T22:50:22Z,417,C1OBW8XB,625,28,Male,Mixed,United States,United States,United States,English,Yes,Full-Time
1b1c0335fc2c,6a3b0bf495fbf85aff67d48f,APPROVED,Not Applicable,2026-06-23T22:43:04Z,2026-06-23T22:52:51Z,2026-06-23T22:52:52Z,2026-06-23T22:53:51Z,588,C1OBW8XB,424,36,Female,Other,Ecuador,United States,Ecuador,Spanish,No,Unemployed (and job seeking)
05f6a1b2ab26,6a3b0c1659f8ddda83e0511d,APPROVED,Not Applicable,2026-06-23T22:45:08Z,2026-06-23T23:03:09Z,2026-06-23T23:03:11Z,2026-06-23T23:04:10Z,1081,C1OBW8XB,7017,61,Male,White,United States,United States,United States,English,No,Full-Time
de66b3a2a40f,6a3b0c1d10bf036bbd54509a,APPROVED,Not Applicable,2026-06-23T22:43:49Z,2026-06-23T22:51:00Z,2026-06-23T22:51:01Z,2026-06-23T22:52:01Z,431,C1OBW8XB,2668,37,Male,White,United States,United States,United States,English,No,Unemployed (and job seeking)
cc2eebe84c40,6a3b0c1f75deead1c389cea1,APPROVED,Not Applicable,2026-06-23T22:43:43Z,2026-06-23T22:51:14Z,2026-06-23T22:51:14Z,2026-06-23T22:52:14Z,451,C1OBW8XB,6189,75,Male,White,United States,United States,United States,English,No,DATA_EXPIRED
3c0d47ab8962,6a3b0c62c67a99dd222f2a41,APPROVED,Not Applicable,2026-06-23T22:49:27Z,2026-06-23T23:00:09Z,2026-06-23T23:00:10Z,2026-06-23T23:01:10Z,643,C1OBW8XB,2347,41,Female,Mixed,United States,United States,DATA_EXPIRED,English,No,Full-Time
e65723e559bf,6a3b0c6808b4e3856e399f31,APPROVED,Not Applicable,2026-06-23T22:45:04Z,2026-06-23T22:55:52Z,2026-06-23T22:55:53Z,2026-06-23T22:56:53Z,649,C1OBW8XB,2801,55,Male,Mixed,United States,United States,United States,English,DATA_EXPIRED,DATA_EXPIRED
f57bbd636ee3,6a3b0c8ea0b9e2f3ffbf8c39,APPROVED,Not Applicable,2026-06-23T22:45:38Z,2026-06-23T22:52:38Z,2026-06-23T22:52:44Z,2026-06-23T22:53:39Z,421,C1OBW8XB,3,18,Male,White,United States,United States,United States,Spanish,Yes,Unemployed (and job seeking)
beadb0601c75,6a3b0ccb6fe40f1dc62008fe,APPROVED,Not Applicable,2026-06-23T22:46:43Z,2026-06-23T22:58:58Z,2026-06-23T22:58:59Z,2026-06-23T22:59:58Z,735,C1OBW8XB,421,31,Female,Black,United States,United States,United States,English,No,Part-Time
44f64d5d04b0,6a3b0cde453fb606e1e21a6b,APPROVED,Not Applicable,2026-06-23T22:46:54Z,2026-06-23T22:54:14Z,2026-06-23T22:54:15Z,2026-06-23T22:55:15Z,440,C1OBW8XB,731,28,Female,White,United States,United States,United States,English,DATA_EXPIRED,DATA_EXPIRED
bc3915359e73,6a3b0d19a6d4a14f369540aa,APPROVED,Not Applicable,2026-06-23T22:47:58Z,2026-06-23T22:53:58Z,2026-06-23T22:53:59Z,2026-06-23T22:54:59Z,360,C1OBW8XB,9255,49,Female,White,United States,United States,United States,English,No,Full-Time
24a957c6419c,6a3b0d2f9a3415f8281eaa02,APPROVED,Not Applicable,2026-06-23T22:48:19Z,2026-06-23T22:53:40Z,2026-06-23T22:53:41Z,2026-06-23T22:54:41Z,322,C1OBW8XB,87,27,Female,Other,Iran,United States,Canada,Farsi,Yes,Full-Time
162fd2f8b000,6a3b0d69e309f0fa4c7d99ab,APPROVED,Not Applicable,2026-06-23T22:49:41Z,2026-06-23T23:01:22Z,2026-06-23T23:01:23Z,2026-06-23T23:02:22Z,701,C1OBW8XB,9,67,Male,White,United States,United States,United States,English,No,Part-Time
412613d43886,6a3b0e057773310f667b1bb4,APPROVED,Not Applicable,2026-06-23T22:51:52Z,2026-06-23T22:59:33Z,2026-06-23T22:59:34Z,2026-06-23T23:00:33Z,462,C1OBW8XB,63,35,Female,White,United States,United States,United States,English,No,Full-Time
919eb82f0e78,6a3b0e158c7922bfda829580,APPROVED,Not Applicable,2026-06-23T22:52:09Z,2026-06-23T22:59:53Z,2026-06-23T22:59:53Z,2026-06-23T23:00:53Z,464,C1OBW8XB,11941,41,Male,Asian,United States,United States,United States,English,No,Full-Time
9108ca1c3774,6a3b0e4dc5858bdbe7fc8a1e,APPROVED,Not Applicable,2026-06-23T22:53:05Z,2026-06-23T23:05:04Z,2026-06-23T23:05:05Z,2026-06-23T23:06:05Z,720,C1OBW8XB,3238,42,Female,Black,United States,United States,United States,English,No,Full-Time
edcb8492ad27,6a3b0ed1ffa13f67727db6d1,APPROVED,Not Applicable,2026-06-23T22:57:23Z,2026-06-23T23:04:25Z,2026-06-23T23:04:26Z,2026-06-23T23:05:26Z,423,C1OBW8XB,421,55,Male,White,United States,United States,United States,English,No,Full-Time
6fb23ecc7342,6a3b0eefae46d4876b4447aa,APPROVED,Not Applicable,2026-06-23T22:55:46Z,2026-06-23T23:01:42Z,2026-06-23T23:01:43Z,2026-06-23T23:02:42Z,356,C1OBW8XB,4917,37,Male,White,United States,United States,United States,English,No,Full-Time
33d3a6a74ab5,6a3b0f2deb7d515d24831397,APPROVED,Not Applicable,2026-06-23T22:57:00Z,2026-06-23T23:07:07Z,2026-06-23T23:07:08Z,2026-06-23T23:08:07Z,607,C1OBW8XB,327,41,Male,White,United States,United States,United States,English,No,Full-Time
c3314bd6ea2f,6a3b0f4b3025dfeefc7da107,APPROVED,Not Applicable,2026-06-23T22:57:21Z,2026-06-23T23:05:07Z,2026-06-23T23:05:07Z,2026-06-23T23:06:07Z,466,C1OBW8XB,223,65,Male,White,United States,United States,United States,English,No,Full-Time
edd806939050,6a3b0f5bc22adc354eaa4794,APPROVED,Not Applicable,2026-06-23T22:57:34Z,2026-06-23T23:06:17Z,2026-06-23T23:06:18Z,2026-06-23T23:07:18Z,523,C1OBW8XB,2562,56,Male,White,United States,United States,United States,English,No,Full-Time
265cba21409c,6a3b0f60ef137e7f9e0b90fa,APPROVED,Not Applicable,2026-06-23T22:58:22Z,2026-06-23T23:04:56Z,2026-06-23T23:04:57Z,2026-06-23T23:05:57Z,395,C1OBW8XB,118,60,Female,White,United States,United States,United States,English,No,Other
71684efd187b,6a3b0f9427b2b32213a5a823,APPROVED,Not Applicable,2026-06-23T22:58:32Z,2026-06-23T23:06:20Z,2026-06-23T23:06:20Z,2026-06-23T23:07:20Z,468,C1OBW8XB,1966,53,Female,Mixed,United States,United States,United States,English,No,Unemployed (and job seeking)
828afe79b0e3,6a3b0fc48ac8790ae5483d66,APPROVED,Not Applicable,2026-06-23T22:59:25Z,2026-06-23T23:11:17Z,2026-06-23T23:11:18Z,2026-06-23T23:12:18Z,713,C1OBW8XB,6203,75,Female,Mixed,Jamaica,United States,Jamaica,English,No,Part-Time
acc6d1d8463e,6a3b0fdf398b1de0082428e1,APPROVED,Not Applicable,2026-06-23T22:59:43Z,2026-06-23T23:08:47Z,2026-06-23T23:08:48Z,2026-06-23T23:09:47Z,544,C1OBW8XB,1548,74,Male,White,United States,United States,United States,English,No,Part-Time
04324396dbc1,6a3b0fe04fefe736abd11068,APPROVED,Not Applicable,2026-06-23T22:59:48Z,2026-06-23T23:54:53Z,2026-06-23T23:54:54Z,2026-06-23T23:55:54Z,3306,C1OBW8XB,305,22,Female,Black,United States,United States,United States,English,Yes,Full-Time
4ab476caf849,6a3b100bfa4daa942d53b1d9,APPROVED,Not Applicable,2026-06-23T23:00:38Z,2026-06-23T23:07:47Z,2026-06-23T23:07:48Z,2026-06-23T23:08:48Z,430,C1OBW8XB,3421,62,Male,White,United States,United States,United States,English,DATA_EXPIRED,DATA_EXPIRED
ea9474cfcb6e,6a3b102b583b830d7024d2a2,RETURNED,Not Applicable,2026-06-23T23:01:07Z,NA,NA,2026-06-25T18:47:41Z,NA,NA,1325,CONSENT_REVOKED,CONSENT_REVOKED,CONSENT_REVOKED,CONSENT_REVOKED,CONSENT_REVOKED,CONSENT_REVOKED,CONSENT_REVOKED,CONSENT_REVOKED,CONSENT_REVOKED
343249a11404,6a3b102d0f5fa04ade303951,APPROVED,Not Applicable,2026-06-23T23:01:09Z,2026-06-23T23:09:45Z,2026-06-23T23:09:46Z,2026-06-23T23:10:46Z,517,C1OBW8XB,486,64,Female,White,United States,United States,United States,English,No,Unemployed (and job seeking)
3e1ac026be7c,6a3b108e296dba9771543ba1,APPROVED,Not Applicable,2026-06-23T23:03:35Z,2026-06-23T23:14:51Z,2026-06-23T23:14:52Z,2026-06-23T23:15:52Z,677,C1OBW8XB,5510,29,Male,Mixed,United States,United States,United States,English,Yes,Unemployed (and job seeking)
0e441dc56a2c,6a3b10ed5b5e1929ab719b24,APPROVED,Not Applicable,2026-06-23T23:04:18Z,2026-06-23T23:11:53Z,2026-06-23T23:11:55Z,2026-06-23T23:12:55Z,456,C1OBW8XB,88,22,Male,White,United States,United States,United States,English,No,Part-Time
2a2c18d232b6,6a3b10f73950b4c557e29ea6,APPROVED,Not Applicable,2026-06-23T23:04:29Z,2026-06-23T23:10:24Z,2026-06-23T23:10:26Z,2026-06-23T23:11:26Z,355,C1OBW8XB,775,25,Male,Asian,Philippines,United States,United States,Tagalog-Filipino,No,Full-Time
f4773d468705,6a3b118ba3cd26203c8ba28f,RETURNED,Not Applicable,2026-06-23T23:17:00Z,NA,NA,2026-06-25T18:47:41Z,NA,NA,324,CONSENT_REVOKED,CONSENT_REVOKED,CONSENT_REVOKED,CONSENT_REVOKED,CONSENT_REVOKED,CONSENT_REVOKED,CONSENT_REVOKED,CONSENT_REVOKED,CONSENT_REVOKED
c595f498ae32,6a3b11deac66e0f2f689cea9,RETURNED,Not Applicable,2026-06-23T23:08:19Z,NA,NA,2026-06-25T18:47:41Z,NA,NA,611,CONSENT_REVOKED,CONSENT_REVOKED,CONSENT_REVOKED,CONSENT_REVOKED,CONSENT_REVOKED,CONSENT_REVOKED,CONSENT_REVOKED,CONSENT_REVOKED,CONSENT_REVOKED
413bbd959bf5,6a3b1247c57d7edddf9a7e7b,APPROVED,Not Applicable,2026-06-23T23:10:16Z,2026-06-23T23:19:00Z,2026-06-23T23:19:01Z,2026-06-23T23:20:01Z,524,C1OBW8XB,393,63,Male,White,United States,United States,United States,English,No,Other
daf72c32d2c6,6a3b127b24ec25d20f13958b,RETURNED,Not Applicable,2026-06-23T23:11:35Z,NA,NA,2026-06-25T18:47:41Z,NA,NA,6277,CONSENT_REVOKED,CONSENT_REVOKED,CONSENT_REVOKED,CONSENT_REVOKED,CONSENT_REVOKED,CONSENT_REVOKED,CONSENT_REVOKED,CONSENT_REVOKED,CONSENT_REVOKED
0be5b277e512,6a3b12b06d46edecdbe6f556,RETURNED,Not Applicable,2026-06-23T23:13:08Z,NA,NA,2026-06-25T18:47:41Z,NA,NA,2161,CONSENT_REVOKED,CONSENT_REVOKED,CONSENT_REVOKED,CONSENT_REVOKED,CONSENT_REVOKED,CONSENT_REVOKED,CONSENT_REVOKED,CONSENT_REVOKED,CONSENT_REVOKED
de990b8f9d8c,6a3b14387eec370bf69e9fab,APPROVED,Not Applicable,2026-06-23T23:18:20Z,2026-06-23T23:25:17Z,2026-06-23T23:25:18Z,2026-06-23T23:26:17Z,417,C1OBW8XB,2264,56,Female,Mixed,United States,United States,United States,English,DATA_EXPIRED,DATA_EXPIRED
53a327969d0b,6a3b14a465779d8eff7da0ec,APPROVED,Not Applicable,2026-06-23T23:20:10Z,2026-06-23T23:28:30Z,2026-06-23T23:28:51Z,2026-06-23T23:29:31Z,500,C1OBW8XB,2379,56,Male,White,United States,United States,United States,English,No,DATA_EXPIRED
a79e9d0a094a,6a3b15d7daeb9e048ada039e,RETURNED,Not Applicable,2026-06-23T23:25:48Z,NA,NA,2026-06-25T18:47:41Z,NA,NA,103,CONSENT_REVOKED,CONSENT_REVOKED,CONSENT_REVOKED,CONSENT_REVOKED,CONSENT_REVOKED,CONSENT_REVOKED,CONSENT_REVOKED,CONSENT_REVOKED,CONSENT_REVOKED
7e702f238e24,6a3b16a373e4777f672f2a4f,APPROVED,Not Applicable,2026-06-23T23:28:38Z,2026-06-23T23:48:42Z,2026-06-23T23:48:42Z,2026-06-23T23:49:42Z,1204,C1OBW8XB,3521,55,Male,Asian,Vietnam,United States,United States,English,DATA_EXPIRED,DATA_EXPIRED
cf7b5502247f,6a3b16d988855564f01f0298,APPROVED,Not Applicable,2026-06-23T23:30:16Z,2026-06-23T23:37:47Z,2026-06-23T23:37:48Z,2026-06-23T23:38:48Z,452,C1OBW8XB,1380,37,Female,Other,United States,United States,United States,English,No,"Not in paid work (e.g. homemaker', 'retired or disabled)"
082e898695b7,6a3b180b02166ee7fdd4e489,APPROVED,Not Applicable,2026-06-23T23:34:42Z,2026-06-23T23:41:39Z,2026-06-23T23:41:39Z,2026-06-23T23:42:39Z,417,C1OBW8XB,1821,55,Male,Black,United States,United States,United States,English,No,Full-Time
e7694ed60d89,6a3b182c0bfaf14ca32428e2,APPROVED,Not Applicable,2026-06-23T23:36:37Z,2026-06-23T23:42:26Z,2026-06-23T23:42:27Z,2026-06-23T23:43:27Z,350,C1OBW8XB,521,40,Male,Mixed,United States,United States,United States,English,No,Full-Time
630a7af802bf,6a3b1908b6a762e29dc08428,APPROVED,Not Applicable,2026-06-23T23:38:59Z,2026-06-23T23:51:45Z,2026-06-23T23:51:46Z,2026-06-23T23:52:46Z,766,C1OBW8XB,6608,27,Male,White,United States,United States,United States,English,No,Unemployed (and job seeking)
4c8bd7fadde1,6a3b195efa678e16122ddbf0,APPROVED,Not Applicable,2026-06-23T23:40:33Z,2026-06-24T00:01:56Z,2026-06-24T00:01:58Z,2026-06-24T00:02:58Z,1283,C1OBW8XB,7014,62,Female,Asian,Philippines,United States,United States,Tagalog-Filipino,No,Part-Time
17481ab6440a,6a3b1a96ad2bd0e800f05d55,APPROVED,Not Applicable,2026-06-23T23:45:49Z,2026-06-23T23:55:49Z,2026-06-23T23:55:51Z,2026-06-23T23:56:50Z,601,C1OBW8XB,824,21,Male,Black,Congo the Democratic Republic of the,United States,United States,English,Yes,Full-Time
91095c9ac74f,6a3b1bae781c1b870f042bed,APPROVED,Not Applicable,2026-06-23T23:50:19Z,2026-06-23T23:58:00Z,2026-06-23T23:58:01Z,2026-06-23T23:59:01Z,462,C1OBW8XB,3,22,Female,White,United States,United States,United States,English,No,Due to start a new job within the next month
e13b3bd49a13,6a3b1c9727999d22e4168cd5,APPROVED,Not Applicable,2026-06-23T23:54:22Z,2026-06-24T00:03:19Z,2026-06-24T00:03:20Z,2026-06-24T00:04:19Z,537,C1OBW8XB,440,47,Female,Other,United States,United States,United States,English,No,Unemployed (and job seeking)
32a34f1ee710,6a3b1cbf496ab5f1ec55f41e,APPROVED,Not Applicable,2026-06-23T23:54:44Z,2026-06-24T00:00:30Z,2026-06-24T00:00:31Z,2026-06-24T00:01:31Z,346,C1OBW8XB,5009,43,Female,Mixed,United States,United States,United States,English,DATA_EXPIRED,DATA_EXPIRED
2f7421c0dc02,6a3b1d132a469af164f4087e,APPROVED,Not Applicable,2026-06-23T23:56:10Z,2026-06-24T00:08:24Z,2026-06-24T00:08:25Z,2026-06-24T00:09:25Z,735,C1OBW8XB,1253,60,Female,Other,United States,United States,United States,English,No,Part-Time
05d91684f2f1,6a3b1deab26e23a5bc6a7294,APPROVED,Not Applicable,2026-06-23T23:59:44Z,2026-06-24T00:13:19Z,2026-06-24T00:13:20Z,2026-06-24T00:14:20Z,816,C1OBW8XB,150,60,Female,Other,Iran,United States,United States,Farsi,No,Other
1e720ede3696,6a3b1e7aff20989e388146ab,APPROVED,Not Applicable,2026-06-24T00:02:05Z,2026-06-24T00:17:10Z,2026-06-24T00:17:11Z,2026-06-24T00:18:11Z,906,C1OBW8XB,369,38,Female,Asian,United States,United States,United States,English,No,"Not in paid work (e.g. homemaker', 'retired or disabled)"
b56ae243f120,6a3b2047980603a15265c9ec,RETURNED,Not Applicable,2026-06-24T00:09:49Z,NA,NA,2026-06-25T18:47:41Z,NA,NA,222,CONSENT_REVOKED,CONSENT_REVOKED,CONSENT_REVOKED,CONSENT_REVOKED,CONSENT_REVOKED,CONSENT_REVOKED,CONSENT_REVOKED,CONSENT_REVOKED,CONSENT_REVOKED
eb8ba6e64123,6a3b2118a3116c3742edba49,APPROVED,Not Applicable,2026-06-24T00:13:16Z,2026-06-24T00:25:59Z,2026-06-24T00:26:00Z,2026-06-24T00:27:00Z,764,C1OBW8XB,2375,48,Male,Other,United States,United States,United States,English,No,DATA_EXPIRED
ac93d6b888ff,6a3b245ce715d6421bfa5c52,APPROVED,Not Applicable,2026-06-24T00:27:16Z,2026-06-24T00:33:55Z,2026-06-24T00:33:55Z,2026-06-24T00:34:55Z,399,C1OBW8XB,2350,36,Male,Other,Canada,United States,United States,English,No,Full-Time
691512581944,6a3b276f9a747c6968d37a9d,RETURNED,Not Applicable,2026-06-24T00:40:20Z,NA,NA,2026-06-25T18:47:41Z,NA,NA,9559,CONSENT_REVOKED,CONSENT_REVOKED,CONSENT_REVOKED,CONSENT_REVOKED,CONSENT_REVOKED,CONSENT_REVOKED,CONSENT_REVOKED,CONSENT_REVOKED,CONSENT_REVOKED
639b29c12bd2,6a3b28e6eb5d73d0843d2bfc,APPROVED,Not Applicable,2026-06-24T00:46:30Z,2026-06-24T01:01:21Z,2026-06-24T01:01:22Z,2026-06-24T01:02:21Z,892,C1OBW8XB,6350,56,Male,White,United States,United States,United States,English,DATA_EXPIRED,DATA_EXPIRED
e3b1addd0c44,6a3b29ddc5483f920eab17fb,APPROVED,Not Applicable,2026-06-24T00:50:44Z,2026-06-24T01:04:11Z,2026-06-24T01:04:12Z,2026-06-24T01:05:12Z,808,C1OBW8XB,506,58,Female,White,United States,United States,United States,English,No,Part-Time
1aed9dbbff1a,6a3b2bce902afa41f3d4204b,APPROVED,Not Applicable,2026-06-24T00:58:59Z,2026-06-24T01:11:36Z,2026-06-24T01:11:37Z,2026-06-24T01:12:37Z,758,C1OBW8XB,454,19,Male,Mixed,United States,United States,United States,Spanish,No,Unemployed (and job seeking)
680870402486,6a3b3121f5dea61bd911212e,APPROVED,Not Applicable,2026-06-24T01:21:43Z,2026-06-24T01:28:56Z,2026-06-24T01:28:57Z,2026-06-24T01:29:57Z,433,C1OBW8XB,1336,55,Female,Black,United States,United States,United States,English,No,Full-Time
276e6a6bad5d,6a3b3192f7959474d45aa5fd,RETURNED,Not Applicable,NA,NA,NA,2026-06-25T18:47:41Z,NA,NA,76,CONSENT_REVOKED,CONSENT_REVOKED,CONSENT_REVOKED,CONSENT_REVOKED,CONSENT_REVOKED,CONSENT_REVOKED,CONSENT_REVOKED,CONSENT_REVOKED,CONSENT_REVOKED
33af8a2bcf4e,6a3b31ba7033a61dce3af09e,APPROVED,Not Applicable,2026-06-24T01:24:14Z,2026-06-24T01:31:46Z,2026-06-24T01:31:47Z,2026-06-24T01:32:47Z,452,C1OBW8XB,509,45,Male,White,United States,United States,United States,English,No,Full-Time
675687484571,6a3b326e2eeb329bc9cac7d8,APPROVED,Not Applicable,2026-06-24T01:27:13Z,2026-06-24T01:33:08Z,2026-06-24T01:33:09Z,2026-06-24T01:34:09Z,356,C1OBW8XB,251,21,Male,White,United States,United States,United States,English,Yes,Part-Time
151c3b72d5e0,6a3b334d4eb32e01c1720306,APPROVED,Not Applicable,2026-06-24T01:30:58Z,2026-06-24T01:37:54Z,2026-06-24T01:37:55Z,2026-06-24T01:38:55Z,417,C1OBW8XB,213,28,Female,Mixed,United States,United States,United States,English,No,Full-Time
862e25f925aa,6a3b3a9b82c57e6ba06a8084,APPROVED,Not Applicable,2026-06-24T02:02:09Z,2026-06-24T02:09:08Z,2026-06-24T02:09:09Z,2026-06-24T02:10:08Z,419,C1OBW8XB,286,55,Male,Black,United States,United States,United States,English,No,Full-Time
02511837a897,6a3b4db51e7fd088f337430f,APPROVED,Not Applicable,2026-06-24T03:23:38Z,2026-06-24T03:29:55Z,2026-06-24T03:29:56Z,2026-06-24T03:30:56Z,378,C1OBW8XB,42,46,Male,Other,United States,United States,United States,English,No,Other
7961a5e222b6,6a3c05ee020e9f186bd7d3f7,RETURNED,Not Applicable,NA,NA,NA,2026-06-25T18:47:41Z,NA,NA,388,CONSENT_REVOKED,CONSENT_REVOKED,CONSENT_REVOKED,CONSENT_REVOKED,CONSENT_REVOKED,CONSENT_REVOKED,CONSENT_REVOKED,CONSENT_REVOKED,CONSENT_REVOKED
60d8d6a0a6a7,6a3c26e9fe0d14f88657cc4f,APPROVED,Not Applicable,2026-06-24T18:50:26Z,2026-06-24T19:01:20Z,2026-06-24T19:01:21Z,2026-06-24T19:02:20Z,654,C1OBW8XB,859,61,Female,Black,United States,United States,United States,English,No,Full-Time
112d8a46aac7,6a3c37c8480c78b77016872a,APPROVED,Not Applicable,2026-06-24T20:02:26Z,2026-06-24T20:11:05Z,2026-06-24T20:11:06Z,2026-06-24T20:12:06Z,520,C1OBW8XB,1300,55,Female,Other,United States,United States,United States,English,No,Full-Time
f34c0a4fee37,6a3c8a1ae59b3ef36a6bacdf,APPROVED,Not Applicable,2026-06-25T01:53:37Z,2026-06-25T02:02:48Z,2026-06-25T02:02:50Z,2026-06-25T02:03:49Z,552,C1OBW8XB,1974,55,Female,Other,United States,United States,United States,English,No,Full-Time
4ec4d956ffe0,6a3d9070b64b42f476bb03f4,APPROVED,Not Applicable,2026-06-25T20:33:32Z,2026-06-25T20:57:54Z,2026-06-25T20:57:55Z,2026-06-25T20:58:55Z,1462,C1OBW8XB,223,63,Male,Other,United States,United States,United States,English,No,"Not in paid work (e.g. homemaker', 'retired or disabled)"
e50c6d5904c4,6a3ec8381d5301edd1b9a209,APPROVED,Not Applicable,2026-06-26T18:43:09Z,2026-06-26T18:51:05Z,2026-06-26T18:51:06Z,2026-06-26T18:52:06Z,476,C1OBW8XB,93,55,Male,Other,Mexico,United States,United States,Spanish,No,Full-Time
98c2d11b436d,6a4d0de62260be3bfde41472,APPROVED,Not Applicable,2026-07-07T14:32:10Z,2026-07-07T14:37:47Z,2026-07-07T14:37:48Z,2026-07-07T14:38:48Z,337,C1OBW8XB,7036,44,Male,Other,United States,United States,United States,English,No,Full-Time
10540c07ddfb,6a45934790697a3a13fa811c,RETURNED,Not Applicable,2026-07-01T22:23:32Z,NA,NA,NA,NA,NA,23,CONSENT_REVOKED,CONSENT_REVOKED,CONSENT_REVOKED,CONSENT_REVOKED,CONSENT_REVOKED,CONSENT_REVOKED,CONSENT_REVOKED,CONSENT_REVOKED,CONSENT_REVOKED
