hashed_id,Submission id,Status,Custom study tncs accepted at,Started at,Completed at,Reviewed at,Archived at,Time taken,Completion code,Total approvals,Age,Sex,Ethnicity simplified,Country of birth,Country of residence,Nationality,Language,Student status,Employment status
2362dbddc51d,69e69bd2d65c75602073f03e,APPROVED,Not Applicable,2026-04-20T21:34:19Z,2026-04-20T21:42:34Z,2026-04-20T21:42:37Z,2026-04-20T21:42:35Z,496,C1OBW8XB,646,63,Male,White,United States,United States,United States,English,No,"Not in paid work (e.g. homemaker', 'retired or disabled)"
96b45d2203e2,69e69bd4a712cd32e9f3dcd5,APPROVED,Not Applicable,2026-04-20T21:34:16Z,2026-04-20T21:41:00Z,2026-04-20T21:41:03Z,2026-04-20T21:41:01Z,405,C1OBW8XB,518,33,Female,White,United States,United States,United States,English,No,"Not in paid work (e.g. homemaker', 'retired or disabled)"
05e4db9226e3,69e69be99c35bdeb97c69662,APPROVED,Not Applicable,2026-04-20T21:34:38Z,2026-04-20T21:39:19Z,2026-04-20T21:39:20Z,2026-04-20T21:39:20Z,282,C1OBW8XB,380,39,Male,White,United States,United States,United States,English,No,Full-Time
792d5654b212,69e69bf06784b297895e9837,APPROVED,Not Applicable,2026-04-20T21:34:40Z,2026-04-20T21:42:16Z,2026-04-20T21:42:25Z,2026-04-20T21:42:18Z,457,C1OBW8XB,9832,62,Male,White,United States,United States,United States,English,No,"Not in paid work (e.g. homemaker', 'retired or disabled)"
07acca2ed819,69e69bf1d74ec34430f93cc0,APPROVED,Not Applicable,2026-04-20T21:35:08Z,2026-04-20T21:41:53Z,2026-04-20T21:41:56Z,2026-04-20T21:41:54Z,405,C1OBW8XB,486,40,Female,White,United States,United States,United States,English,No,Full-Time
8be493814185,69e69bf651666a793a366ba6,APPROVED,Not Applicable,2026-04-20T21:34:52Z,2026-04-20T21:49:04Z,2026-04-20T21:49:05Z,2026-04-20T21:49:05Z,853,C1OBW8XB,3174,33,Female,White,Poland,United States,United States,Polish,Yes,Full-Time
febabb98faac,69e69bf679947e05075a80cf,APPROVED,Not Applicable,2026-04-20T21:34:52Z,2026-04-20T21:40:18Z,2026-04-20T21:40:20Z,2026-04-20T21:40:18Z,326,C1OBW8XB,4696,45,Male,White,United States,United States,United States,English,No,Part-Time
97328df7a814,69e69bfbd5776a6db5837764,APPROVED,Not Applicable,2026-04-20T21:34:57Z,2026-04-20T21:40:30Z,2026-04-20T21:40:33Z,2026-04-20T21:40:30Z,334,C1OBW8XB,6257,71,Male,White,United States,United States,United States,English,No,"Not in paid work (e.g. homemaker', 'retired or disabled)"
4020d21e26a8,69e69bfd1cbc61851ce6e3e2,APPROVED,Not Applicable,2026-04-20T21:34:57Z,2026-04-20T21:40:32Z,2026-04-20T21:40:33Z,2026-04-20T21:40:33Z,335,C1OBW8XB,5449,30,Female,White,United States,United States,United States,English,No,Full-Time
700e2d8851c4,69e69bfdb1e57af932742923,APPROVED,Not Applicable,2026-04-20T21:35:37Z,2026-04-20T21:45:10Z,2026-04-20T21:45:16Z,2026-04-20T21:45:10Z,573,C1OBW8XB,4108,37,Male,White,United States,United States,United States,English,DATA_EXPIRED,DATA_EXPIRED
62ee26a62e6c,69e69bfec0e39f923dcb6dae,APPROVED,Not Applicable,2026-04-20T21:36:01Z,2026-04-20T21:42:20Z,2026-04-20T21:42:27Z,2026-04-20T21:42:21Z,380,C1OBW8XB,5221,42,Female,White,United States,United States,United States,English,No,Part-Time
6feb1090e8f8,69e69bff522a7a25ebb48e06,APPROVED,Not Applicable,2026-04-20T21:35:05Z,2026-04-20T21:41:59Z,2026-04-20T21:42:03Z,2026-04-20T21:42:00Z,414,C1OBW8XB,2010,45,Male,White,United States,United States,United States,English,No,Part-Time
2214f719b12d,69e69c058168a9b4904b8290,APPROVED,Not Applicable,2026-04-20T21:35:08Z,2026-04-20T21:42:18Z,2026-04-20T21:42:22Z,2026-04-20T21:42:19Z,431,C1OBW8XB,18,37,Male,White,United States,United States,DATA_EXPIRED,English,No,Full-Time
0f0dc5a18f6a,69e69c0bcabe12bfdf3c0470,APPROVED,Not Applicable,2026-04-20T21:35:14Z,2026-04-20T21:46:34Z,2026-04-20T21:46:40Z,2026-04-20T21:46:35Z,681,C1OBW8XB,377,33,Female,White,United States,United States,United States,English,No,Part-Time
a76a800280ac,69e69c0c3c98d6593a1a1ce1,APPROVED,Not Applicable,2026-04-20T21:35:15Z,2026-04-20T21:42:57Z,2026-04-20T21:42:59Z,2026-04-20T21:42:58Z,462,C1OBW8XB,1019,21,Male,White,United States,United States,United States,English,Yes,Part-Time
c26004a177bc,69e69c0c58c1ee4e6d4338c1,APPROVED,Not Applicable,2026-04-20T21:35:17Z,2026-04-20T21:43:00Z,2026-04-20T21:43:04Z,2026-04-20T21:43:01Z,464,C1OBW8XB,83,42,Male,White,United States,United States,United States,English,No,Part-Time
fa91887e9f1c,69e69c0ceb64f98c75f9487e,APPROVED,Not Applicable,2026-04-20T21:35:13Z,2026-04-20T21:40:25Z,2026-04-20T21:40:29Z,2026-04-20T21:40:26Z,313,C1OBW8XB,2368,56,Male,White,United States,United States,United States,English,DATA_EXPIRED,DATA_EXPIRED
36de4c0f7596,69e69c12c0539b4b6d29a77f,APPROVED,Not Applicable,2026-04-20T21:35:18Z,2026-04-20T21:42:14Z,2026-04-20T21:42:18Z,2026-04-20T21:42:15Z,417,C1OBW8XB,339,41,Female,White,United States,United States,United States,English,Yes,Part-Time
a493ef14d694,69e69c13055bb0dec2bf2b00,APPROVED,Not Applicable,2026-04-20T21:35:24Z,2026-04-20T21:42:23Z,2026-04-20T21:42:29Z,2026-04-20T21:42:24Z,420,C1OBW8XB,4507,58,Male,White,United States,United States,United States,English,No,Other
ae0c0347a114,69e69c1405f4b0f8a85957e2,APPROVED,Not Applicable,2026-04-20T21:35:20Z,2026-04-20T21:42:31Z,2026-04-20T21:42:42Z,2026-04-20T21:42:32Z,431,C1OBW8XB,785,59,Female,White,United States,United States,United States,English,No,Part-Time
81c251bcb5e7,69e69c1572aadcc8075df1bb,APPROVED,Not Applicable,2026-04-20T21:35:23Z,2026-04-20T21:40:27Z,2026-04-20T21:40:38Z,2026-04-20T21:40:28Z,304,C1OBW8XB,490,47,Male,White,United States,United States,United States,English,No,Other
16eee4a04109,69e69c15d060adb769651744,APPROVED,Not Applicable,2026-04-20T21:35:26Z,2026-04-20T21:43:14Z,2026-04-20T21:43:18Z,2026-04-20T21:43:15Z,468,C1OBW8XB,12902,58,Female,White,United States,United States,United States,English,No,Full-Time
ab23e8d2b733,69e69c16ae234b5e4ce84e21,APPROVED,Not Applicable,2026-04-20T21:35:21Z,2026-04-20T21:39:21Z,2026-04-21T15:44:11Z,2026-04-20T21:39:22Z,240,C1OBW8XB,44,25,Male,White,United States,United States,United States,English,No,Other
f63581bdf06e,69e69c16d0bac72ffe33a86a,RETURNED,Not Applicable,2026-04-20T21:35:26Z,NA,NA,2026-04-21T16:47:24Z,NA,NA,7484,CONSENT_REVOKED,CONSENT_REVOKED,CONSENT_REVOKED,CONSENT_REVOKED,CONSENT_REVOKED,CONSENT_REVOKED,CONSENT_REVOKED,CONSENT_REVOKED,CONSENT_REVOKED
370088279bf4,69e69c19e07ca41ee5ce0f01,APPROVED,Not Applicable,2026-04-20T21:39:21Z,2026-04-20T21:49:04Z,2026-04-20T21:49:10Z,2026-04-20T21:49:05Z,583,C1OBW8XB,137,55,Male,White,United States,United States,United States,English,No,Unemployed (and job seeking)
27d0cca54896,69e69c1df427da94169f06c5,APPROVED,Not Applicable,2026-04-20T21:35:29Z,2026-04-20T21:42:24Z,2026-04-20T21:42:51Z,2026-04-20T21:42:25Z,416,C1OBW8XB,414,41,Female,White,United States,United States,United States,English,No,Full-Time
15133579972d,69e69c21049965007cb5f55d,APPROVED,Not Applicable,2026-04-20T21:35:35Z,2026-04-20T21:39:39Z,2026-04-20T21:39:41Z,2026-04-20T21:39:40Z,244,C1OBW8XB,2614,63,Male,White,United States,United States,United States,English,No,DATA_EXPIRED
393c73d3885f,69e69c24eb344c9d717cb626,APPROVED,Not Applicable,2026-04-20T21:35:37Z,2026-04-20T21:42:32Z,2026-04-20T21:42:38Z,2026-04-20T21:42:33Z,415,C1OBW8XB,342,55,Female,White,United States,United States,United States,English,No,DATA_EXPIRED
6b21aa309e4f,69e69c274cccfaf80c813d16,APPROVED,Not Applicable,2026-04-20T21:40:01Z,2026-04-20T21:50:33Z,2026-04-20T21:50:39Z,2026-04-20T21:50:34Z,633,C1OBW8XB,6066,33,Male,White,United States,United States,United States,English,DATA_EXPIRED,DATA_EXPIRED
0e5ede8610be,69e69c27853de61ce7b0c709,APPROVED,Not Applicable,2026-04-20T21:35:42Z,2026-04-20T21:43:54Z,2026-04-20T21:43:56Z,2026-04-20T21:43:55Z,492,C1OBW8XB,1943,64,Female,White,United States,United States,United States,English,No,Part-Time
8ebe17a45876,69e69c29f9828476f802489a,APPROVED,Not Applicable,2026-04-20T21:35:49Z,2026-04-20T21:43:23Z,2026-04-20T21:43:24Z,2026-04-20T21:43:24Z,454,C1OBW8XB,1772,59,Female,White,United States,United States,United States,English,No,"Not in paid work (e.g. homemaker', 'retired or disabled)"
1ce4a6cace46,69e69c2a3b1c5ee9bdfb547a,APPROVED,Not Applicable,2026-04-20T21:35:44Z,2026-04-20T21:40:09Z,2026-04-20T21:40:12Z,2026-04-20T21:40:10Z,265,C1OBW8XB,1125,59,Female,White,United States,United States,United States,English,No,Full-Time
0a0741fef468,69e69c2cf53ae6396115f954,APPROVED,Not Applicable,2026-04-20T21:36:52Z,2026-04-20T22:14:24Z,2026-04-20T22:14:27Z,2026-04-20T22:14:25Z,2252,C1OBW8XB,2877,62,Female,White,United States,United States,United States,English,DATA_EXPIRED,DATA_EXPIRED
2db11fd586f6,69e69c2e18d089eaf45f1e9c,APPROVED,Not Applicable,2026-04-20T21:35:52Z,2026-04-20T21:45:30Z,2026-04-20T21:45:36Z,2026-04-20T21:45:31Z,579,C1OBW8XB,167,49,Male,White,Germany,United States,United States,English,Yes,Other
635416a88435,69e69c2f0b8408db3ea387dc,APPROVED,Not Applicable,2026-04-20T21:36:15Z,2026-04-20T21:40:46Z,2026-04-20T21:40:48Z,2026-04-20T21:40:46Z,271,C1OBW8XB,8038,45,Male,White,United States,United States,United States,English,DATA_EXPIRED,DATA_EXPIRED
74644bb678a8,69e69c30de9ca04f68608954,APPROVED,Not Applicable,2026-04-20T21:35:52Z,2026-04-20T21:47:14Z,2026-04-20T21:47:31Z,2026-04-20T21:47:16Z,683,C1OBW8XB,1698,61,Female,White,United States,United States,United States,English,No,"Not in paid work (e.g. homemaker', 'retired or disabled)"
f19926c32437,69e69c342b2be65e9973d4d2,APPROVED,Not Applicable,2026-04-20T21:35:55Z,2026-04-20T21:43:40Z,2026-04-20T21:43:42Z,2026-04-20T21:43:41Z,465,C1OBW8XB,872,62,Female,White,United States,United States,United States,English,No,Other
4da167299b2b,69e69c3874fcef37ed6b36d8,APPROVED,Not Applicable,2026-04-20T21:36:37Z,2026-04-20T21:41:48Z,2026-04-20T21:41:50Z,2026-04-20T21:41:49Z,312,C1OBW8XB,5993,57,Female,White,Canada,United States,United States,English,No,Part-Time
801e3883d879,69e69c387f6c4decf316b8f9,APPROVED,Not Applicable,2026-04-20T21:35:56Z,2026-04-20T21:50:05Z,2026-04-20T21:50:08Z,2026-04-20T21:50:05Z,849,C1OBW8XB,6117,66,Female,Mixed,United States,United States,United States,English,No,Full-Time
d2c0b243d43e,69e69c39ffee31f4c73925bc,APPROVED,Not Applicable,2026-04-20T21:36:11Z,2026-04-20T21:43:11Z,2026-04-20T21:43:13Z,2026-04-20T21:43:12Z,421,C1OBW8XB,1111,23,Female,White,United States,United States,United States,English,No,Unemployed (and job seeking)
89b4f2916373,69e69c4315690daa5a1ba179,APPROVED,Not Applicable,2026-04-20T21:38:46Z,2026-04-20T22:08:29Z,2026-04-20T22:08:33Z,2026-04-20T22:08:30Z,1784,C1OBW8XB,8731,42,Male,White,United States,United States,United States,English,No,Full-Time
0073af99a252,69e69c467a282a896cdaa8bb,APPROVED,Not Applicable,2026-04-20T21:36:11Z,2026-04-20T21:41:18Z,2026-04-20T21:41:24Z,2026-04-20T21:41:19Z,307,C1OBW8XB,18,28,Female,White,United States,United States,United States,English,No,"Not in paid work (e.g. homemaker', 'retired or disabled)"
328bdde172e9,69e69c4738d01fdca4bc4c12,APPROVED,Not Applicable,2026-04-20T21:45:31Z,2026-04-20T21:52:51Z,2026-04-20T21:52:53Z,2026-04-20T21:52:51Z,440,C1OBW8XB,3956,31,Male,White,United States,United States,United States,English,No,Full-Time
b4c19cf4318b,69e69c4a45db5c3c8bfed580,APPROVED,Not Applicable,2026-04-20T21:36:15Z,2026-04-20T21:43:45Z,2026-04-20T21:43:48Z,2026-04-20T21:43:46Z,451,C1OBW8XB,1666,63,Female,White,United States,United States,United States,English,No,Part-Time
95574aa8944c,69e69c503b1c5ee9bdfb547d,APPROVED,Not Applicable,2026-04-20T21:39:08Z,2026-04-20T21:45:20Z,2026-04-20T21:45:41Z,2026-04-20T21:45:21Z,372,C1OBW8XB,3489,25,Female,White,Germany,United States,Germany,German,No,Full-Time
9b28a71c6af1,69e69c5294e54028f3c26571,APPROVED,Not Applicable,2026-04-20T21:37:54Z,2026-04-20T21:45:31Z,2026-04-20T21:45:47Z,2026-04-20T21:45:32Z,457,C1OBW8XB,2374,56,Female,White,United States,United States,United States,English,No,DATA_EXPIRED
882c5b923427,69e69c532f133102c773d4b3,RETURNED,Not Applicable,2026-04-20T21:36:22Z,NA,NA,2026-04-21T16:47:24Z,NA,NA,448,CONSENT_REVOKED,CONSENT_REVOKED,CONSENT_REVOKED,CONSENT_REVOKED,CONSENT_REVOKED,CONSENT_REVOKED,CONSENT_REVOKED,CONSENT_REVOKED,CONSENT_REVOKED
14c7db6bf8c3,69e69c54245e910c045bc075,APPROVED,Not Applicable,2026-04-20T21:36:28Z,2026-04-20T21:45:42Z,2026-04-20T21:45:44Z,2026-04-20T21:45:43Z,555,C1OBW8XB,486,21,Female,White,United States,United States,United States,English,No,Unemployed (and job seeking)
51f8fe1ca93e,69e69c5897e05c58a3c26484,APPROVED,Not Applicable,2026-04-20T21:36:29Z,2026-04-20T21:41:18Z,2026-04-20T21:41:20Z,2026-04-20T21:41:18Z,289,C1OBW8XB,412,69,Male,White,United States,United States,DATA_EXPIRED,English,No,Other
8058ecaf41a6,69e69c5e415c7a7dd47f82da,APPROVED,Not Applicable,2026-04-20T21:36:36Z,2026-04-20T21:47:25Z,2026-04-20T21:47:37Z,2026-04-20T21:47:26Z,649,C1OBW8XB,1304,35,Female,White,United States,United States,United States,English,No,Other
632d867e7d4d,69e69c61d045ea2a2b17aab7,APPROVED,Not Applicable,2026-04-20T21:39:13Z,2026-04-20T21:47:16Z,2026-04-20T21:47:22Z,2026-04-20T21:47:17Z,483,C1OBW8XB,6115,46,Female,White,United States,United States,United States,English,Yes,Full-Time
54ac8de90059,69e69c61d65c75602073f055,RETURNED,Not Applicable,2026-04-20T21:37:47Z,NA,NA,2026-04-21T16:47:24Z,NA,NA,4962,CONSENT_REVOKED,CONSENT_REVOKED,CONSENT_REVOKED,CONSENT_REVOKED,CONSENT_REVOKED,CONSENT_REVOKED,CONSENT_REVOKED,CONSENT_REVOKED,CONSENT_REVOKED
52615159f47f,69e69c6656e58afd22647650,APPROVED,Not Applicable,2026-04-20T21:40:09Z,2026-04-20T21:47:39Z,2026-04-20T21:47:45Z,2026-04-20T21:47:40Z,450,C1OBW8XB,4427,61,Female,White,United States,United States,United States,English,DATA_EXPIRED,DATA_EXPIRED
6b493f65fe63,69e69c6e075f48f67d5a4c91,APPROVED,Not Applicable,2026-04-20T21:36:52Z,2026-04-20T21:42:23Z,2026-04-20T21:42:30Z,2026-04-20T21:42:24Z,332,C1OBW8XB,2074,36,Male,White,United States,United States,United States,English,No,Full-Time
e13d59f356cc,69e69c72658f1a060bb0c415,APPROVED,Not Applicable,2026-04-20T21:36:56Z,2026-04-20T21:45:19Z,2026-04-20T21:45:22Z,2026-04-20T21:45:20Z,503,C1OBW8XB,830,60,Female,White,United States,United States,United States,English,No,"Not in paid work (e.g. homemaker', 'retired or disabled)"
a6213d500e38,69e69c7892b8faca80572ccd,APPROVED,Not Applicable,2026-04-20T21:37:00Z,2026-04-20T21:41:09Z,2026-04-20T21:41:10Z,2026-04-20T21:41:10Z,250,C1OBW8XB,50,38,Female,White,United States,United States,United States,English,No,Other
60aa30004bb4,69e69c7c522a7a25ebb48e1d,APPROVED,Not Applicable,2026-04-20T21:37:45Z,2026-04-20T21:46:01Z,2026-04-20T21:46:13Z,2026-04-20T21:46:02Z,497,C1OBW8XB,745,47,Male,White,United States,United States,United States,English,No,Full-Time
f1b29484b796,69e69c7fe89af1c9d2defc5a,APPROVED,Not Applicable,2026-04-20T21:37:08Z,2026-04-20T21:41:44Z,2026-04-20T21:41:45Z,2026-04-20T21:41:45Z,277,C1OBW8XB,693,43,Male,White,United States,United States,United States,English,No,Part-Time
d815536514b3,69e69c8133c1c93beaf46354,APPROVED,Not Applicable,2026-04-20T21:37:10Z,2026-04-20T21:49:06Z,2026-04-20T21:49:08Z,2026-04-20T21:49:07Z,717,C1OBW8XB,150,26,Female,White,Syrian Arab Republic,United States,Syrian Arab Republic,Arabic,No,Full-Time
f4a7759d71df,69e69c856e3e4ed36ca578aa,APPROVED,Not Applicable,2026-04-20T21:37:21Z,2026-04-20T21:45:15Z,2026-04-20T21:45:26Z,2026-04-20T21:45:16Z,475,C1OBW8XB,20,42,Female,White,United States,United States,United States,English,No,Unemployed (and job seeking)
3d0fcfbc3afe,69e69c89b84286ee85ade6d0,APPROVED,Not Applicable,2026-04-20T21:38:41Z,2026-04-20T21:46:53Z,2026-04-20T21:46:59Z,2026-04-20T21:46:54Z,492,C1OBW8XB,10079,64,Male,White,United States,United States,United States,English,No,Full-Time
510f969e1194,69e69c8a496dab0d3cb29ffb,APPROVED,Not Applicable,2026-04-20T21:37:19Z,2026-04-20T21:47:52Z,2026-04-20T21:47:54Z,2026-04-20T21:47:53Z,633,C1OBW8XB,6598,37,Male,White,United States,United States,United States,English,No,Part-Time
b0ff2d63dba8,69e69c8ca1c5568e8cf1f16a,APPROVED,Not Applicable,2026-04-20T21:37:27Z,2026-04-20T21:44:36Z,2026-04-20T21:44:38Z,2026-04-20T21:44:37Z,430,C1OBW8XB,628,55,Male,White,United States,United States,United States,English,No,"Not in paid work (e.g. homemaker', 'retired or disabled)"
bbb87c772bbb,69e69c8f2ceb4670c0136222,APPROVED,Not Applicable,2026-04-20T21:38:09Z,2026-04-20T21:46:49Z,2026-04-20T21:46:54Z,2026-04-20T21:46:51Z,520,C1OBW8XB,59,29,Female,Black,United States,United States,United States,English,No,Part-Time
e0b79eda33c9,69e69c9773e8a1de475970cf,APPROVED,Not Applicable,2026-04-20T21:37:31Z,2026-04-20T22:03:24Z,2026-04-20T22:03:35Z,2026-04-20T22:03:25Z,1553,C1OBW8XB,10299,69,Female,White,United States,United States,United States,English,No,Part-Time
0a69d22a11d8,69e69c97fd42fe14c75973d6,APPROVED,Not Applicable,2026-04-20T21:37:39Z,2026-04-20T21:45:06Z,2026-04-20T21:45:12Z,2026-04-20T21:45:07Z,448,C1OBW8XB,3784,62,Male,White,United States,United States,United States,English,DATA_EXPIRED,DATA_EXPIRED
ac7c6701044f,69e69c9882db589989f230da,APPROVED,Not Applicable,2026-04-20T21:37:35Z,2026-04-20T21:46:57Z,2026-04-20T21:47:03Z,2026-04-20T21:46:58Z,562,C1OBW8XB,484,62,Female,White,United States,United States,United States,English,No,Other
3dec466b2a8a,69e69c9a56b427f447122cc4,APPROVED,Not Applicable,2026-04-20T21:37:34Z,2026-04-20T21:43:40Z,2026-04-20T21:43:52Z,2026-04-20T21:43:42Z,366,C1OBW8XB,3363,33,Male,White,United States,United States,United States,English,No,Full-Time
47657def2222,69e69c9c4e02c06395207c4f,APPROVED,Not Applicable,2026-04-20T21:37:38Z,2026-04-20T21:42:34Z,2026-04-20T21:42:40Z,2026-04-20T21:42:35Z,297,C1OBW8XB,3180,43,Female,Black,United States,United States,United States,English,Yes,Full-Time
809a09ec25bc,69e69c9c522a7a25ebb48e20,RETURNED,Not Applicable,2026-04-20T21:37:32Z,NA,NA,2026-04-21T16:47:24Z,NA,NA,13664,CONSENT_REVOKED,CONSENT_REVOKED,CONSENT_REVOKED,CONSENT_REVOKED,CONSENT_REVOKED,CONSENT_REVOKED,CONSENT_REVOKED,CONSENT_REVOKED,CONSENT_REVOKED
4ec614eb7ed2,69e69c9dd48aa6ee847532b8,APPROVED,Not Applicable,2026-04-20T21:40:58Z,2026-04-20T21:49:44Z,2026-04-20T21:49:53Z,2026-04-20T21:49:45Z,527,C1OBW8XB,61,30,Female,White,United States,United States,United States,English,No,Full-Time
9d89dbc4de52,69e69ca153b4f33fc00b36c0,APPROVED,Not Applicable,2026-04-20T21:37:41Z,2026-04-20T21:42:44Z,2026-04-20T21:42:45Z,2026-04-20T21:42:45Z,303,C1OBW8XB,13,39,Male,White,United States,United States,United States,English,No,Full-Time
466ae0b35dba,69e69ca25817bac0a83ff99e,APPROVED,Not Applicable,2026-04-20T21:37:42Z,2026-04-20T21:45:57Z,2026-04-20T21:45:59Z,2026-04-20T21:45:57Z,495,C1OBW8XB,1815,33,Female,White,United States,United States,United States,English,No,Full-Time
04ef102c5b64,69e69ca73890e1fcc0b98b39,APPROVED,Not Applicable,2026-04-20T21:37:50Z,2026-04-20T21:53:46Z,2026-04-20T21:53:48Z,2026-04-20T21:53:47Z,956,C1OBW8XB,82,43,Male,Black,United States,United States,DATA_EXPIRED,English,No,Unemployed (and job seeking)
345f1d5d9c2a,69e69ca73df1980ec15a4ca2,APPROVED,Not Applicable,2026-04-20T21:37:49Z,2026-04-20T21:46:33Z,2026-04-20T21:46:37Z,2026-04-20T21:46:34Z,525,C1OBW8XB,230,18,Male,Mixed,United States,United States,United States,English,Yes,Unemployed (and job seeking)
ccd080ece783,69e69ca960df73bce4ea957c,APPROVED,Not Applicable,2026-04-20T21:37:52Z,2026-04-20T21:43:58Z,2026-04-20T21:44:02Z,2026-04-20T21:43:58Z,367,C1OBW8XB,1218,45,Male,White,United States,United States,United States,English,No,Full-Time
96a94dccc4ed,69e69ca9dc45f7be3f19d6a3,APPROVED,Not Applicable,2026-04-20T21:40:26Z,2026-04-20T21:56:37Z,2026-04-20T21:56:41Z,2026-04-20T21:56:38Z,972,C1OBW8XB,3501,25,Male,White,United States,United States,United States,English,Yes,Part-Time
c37881520d7f,69e69ca9eca8ec6ef658e981,APPROVED,Not Applicable,2026-04-20T21:37:51Z,2026-04-20T21:45:15Z,2026-04-20T21:45:42Z,2026-04-20T21:45:16Z,445,C1OBW8XB,4872,52,Female,White,United States,United States,United States,English,DATA_EXPIRED,Full-Time
6b4634c203a6,69e69cae7d8c8207658ef85b,APPROVED,Not Applicable,2026-04-20T21:40:21Z,2026-04-20T21:47:15Z,2026-04-20T21:47:26Z,2026-04-20T21:47:15Z,414,C1OBW8XB,2541,56,Male,Mixed,United States,United States,United States,English,No,Full-Time
cde073fd8773,69e69caed045ea2a2b17aac1,APPROVED,Not Applicable,2026-04-20T21:37:54Z,2026-04-20T21:47:35Z,2026-04-20T21:47:42Z,2026-04-20T21:47:36Z,582,C1OBW8XB,442,20,Male,White,United States,United States,United States,English,Yes,Unemployed (and job seeking)
680123edaa21,69e69cafc87bf9576473a605,APPROVED,Not Applicable,2026-04-20T21:37:58Z,2026-04-20T21:46:07Z,2026-04-20T21:46:09Z,2026-04-20T21:46:08Z,490,C1OBW8XB,266,66,Female,White,United States,United States,United States,English,No,"Not in paid work (e.g. homemaker', 'retired or disabled)"
76a7f17cfa4e,69e69cb31cea331e085df284,APPROVED,Not Applicable,2026-04-20T21:38:00Z,2026-04-20T21:45:36Z,2026-04-20T21:45:37Z,2026-04-20T21:45:37Z,456,C1OBW8XB,435,27,Female,White,United States,United States,United States,English,No,Part-Time
9015a63aa888,69e69cb8055bb0dec2bf2b1a,APPROVED,Not Applicable,2026-04-20T21:38:06Z,2026-04-20T21:45:59Z,2026-04-20T21:46:05Z,2026-04-20T21:46:01Z,474,C1OBW8XB,1206,53,Female,White,United States,United States,DATA_EXPIRED,English,No,Full-Time
e1b5b440f214,69e69cb851ff6a33a55eaff4,APPROVED,Not Applicable,2026-04-20T21:38:34Z,2026-04-20T21:44:32Z,2026-04-20T21:44:35Z,2026-04-20T21:44:33Z,358,C1OBW8XB,11064,28,Male,Other,United States,United States,United States,English,DATA_EXPIRED,Full-Time
4e005a370383,69e69cb9d3f513f271439071,APPROVED,Not Applicable,2026-04-20T21:38:29Z,2026-04-20T21:51:00Z,2026-04-20T21:51:06Z,2026-04-20T21:51:01Z,752,C1OBW8XB,1332,38,Male,Black,United States,United States,Puerto Rico,English,Yes,Unemployed (and job seeking)
63bc353e685d,69e69cbb4e048b79251259b7,APPROVED,Not Applicable,2026-04-20T21:38:07Z,2026-04-20T21:42:26Z,2026-04-20T21:42:34Z,2026-04-20T21:42:26Z,259,C1OBW8XB,1238,32,Female,White,United States,United States,United States,English,No,Full-Time
20986e2ee2e4,69e69cbbbebfedf1ee294a6d,APPROVED,Not Applicable,2026-04-20T21:40:00Z,2026-04-20T21:58:02Z,2026-04-20T21:58:08Z,2026-04-20T21:58:02Z,1082,C1OBW8XB,18,26,Male,White,United States,United States,United States,English,No,Full-Time
afed3f125215,69e69cbc1cc264093188d533,APPROVED,Not Applicable,2026-04-20T21:38:07Z,2026-04-20T21:42:44Z,2026-04-20T21:42:50Z,2026-04-20T21:42:45Z,278,C1OBW8XB,8057,43,Male,White,United States,United States,United States,English,No,Full-Time
c7bc7edcb62e,69e69cbf244eb3f9ab133e4a,APPROVED,Not Applicable,2026-04-20T21:38:13Z,2026-04-20T21:47:15Z,2026-04-20T21:47:17Z,2026-04-20T21:47:16Z,543,C1OBW8XB,171,23,Female,White,United States,United States,United States,English,No,Unemployed (and job seeking)
972ac303191c,69e69cc149b60ffa95e7f0e4,APPROVED,Not Applicable,2026-04-20T21:38:20Z,2026-04-20T21:49:50Z,2026-04-20T21:49:56Z,2026-04-20T21:49:51Z,691,C1OBW8XB,769,42,Female,Black,United States,United States,United States,English,No,Full-Time
d0fbaba60e5b,69e69cc1eae421d7bc2077d7,APPROVED,Not Applicable,2026-04-20T21:38:12Z,2026-04-20T21:43:24Z,2026-04-20T21:43:27Z,2026-04-20T21:43:25Z,312,C1OBW8XB,3457,50,Female,White,United States,United States,United States,English,No,Full-Time
fdf4421342b2,69e69cc2ffd9de4892781a87,APPROVED,Not Applicable,2026-04-20T21:38:16Z,2026-04-20T21:47:05Z,2026-04-20T21:47:07Z,2026-04-20T21:47:06Z,530,C1OBW8XB,626,56,Female,White,Austria,United States,Austria,German,No,Part-Time
e7ee5f10c1dc,69e69cc8201278cea516e009,APPROVED,Not Applicable,2026-04-20T21:38:21Z,2026-04-20T21:43:12Z,2026-04-20T21:43:15Z,2026-04-20T21:43:14Z,291,C1OBW8XB,146,29,Female,White,United States,United States,United States,Spanish,No,Full-Time
2f9dd5d48439,69e69ccc8d954ce45704ed19,APPROVED,Not Applicable,2026-04-20T21:38:36Z,2026-04-20T21:53:38Z,2026-04-20T21:53:40Z,2026-04-20T21:53:39Z,903,C1OBW8XB,286,47,Female,White,United States,United States,United States,English,No,Full-Time
07d4afdd517e,69e69ccd6f099778428981f8,RETURNED,Not Applicable,2026-04-20T21:41:34Z,NA,NA,2026-04-21T16:47:24Z,NA,NA,817,CONSENT_REVOKED,CONSENT_REVOKED,CONSENT_REVOKED,CONSENT_REVOKED,CONSENT_REVOKED,CONSENT_REVOKED,CONSENT_REVOKED,CONSENT_REVOKED,CONSENT_REVOKED
22ad2e7e7133,69e69ccf7916e25e256b2528,APPROVED,Not Applicable,2026-04-20T21:38:28Z,2026-04-20T21:43:28Z,2026-04-20T21:43:31Z,2026-04-20T21:43:29Z,301,C1OBW8XB,561,31,Male,Mixed,United States,United States,United States,English,No,Unemployed (and job seeking)
cb98c0fca691,69e69cd1623d6c7adaf62ad3,APPROVED,Not Applicable,2026-04-20T21:38:30Z,2026-04-20T21:47:57Z,2026-04-20T21:47:59Z,2026-04-20T21:47:58Z,567,C1OBW8XB,295,67,Male,Black,United States,United States,United States,English,No,Part-Time
d1e48dd0264e,69e69cd1d43ca4d280fedf85,RETURNED,Not Applicable,2026-04-20T21:39:22Z,NA,NA,2026-04-21T16:47:24Z,NA,NA,1359,CONSENT_REVOKED,CONSENT_REVOKED,CONSENT_REVOKED,CONSENT_REVOKED,CONSENT_REVOKED,CONSENT_REVOKED,CONSENT_REVOKED,CONSENT_REVOKED,CONSENT_REVOKED
5f6152b322a4,69e69cd4b34013ddec9ac5fb,APPROVED,Not Applicable,2026-04-20T21:38:33Z,2026-04-20T21:46:58Z,2026-04-20T21:47:05Z,2026-04-20T21:46:59Z,506,C1OBW8XB,1079,23,Male,White,United States,United States,United States,English,No,Part-Time
ae885ee419d4,69e69ce010a9730b7d0c6fbe,APPROVED,Not Applicable,2026-04-20T21:38:45Z,2026-04-20T21:44:50Z,2026-04-20T21:44:54Z,2026-04-20T21:44:51Z,365,C1OBW8XB,2298,27,Male,Other,Mexico,United States,Mexico,Spanish,No,Full-Time
2081bd2a6ec9,69e69ce066e722b2a6eb15e2,APPROVED,Not Applicable,2026-04-20T21:38:44Z,2026-04-20T21:45:30Z,2026-04-20T21:45:33Z,2026-04-20T21:45:30Z,406,C1OBW8XB,937,43,Female,White,United States,United States,United States,English,No,Full-Time
9b71ba683ca0,69e69ce7ffa72c22fc4e602c,APPROVED,Not Applicable,2026-04-20T21:38:52Z,2026-04-20T21:44:55Z,2026-04-20T21:44:58Z,2026-04-20T21:44:56Z,364,C1OBW8XB,120,21,Male,Mixed,United States,United States,United States,English,Yes,Due to start a new job within the next month
5324db249ffb,69e69cecbb2b4c89061da43f,APPROVED,Not Applicable,2026-04-20T21:38:56Z,2026-04-20T21:44:09Z,2026-04-20T21:44:12Z,2026-04-20T21:44:10Z,313,C1OBW8XB,866,49,Female,White,United States,United States,United States,English,No,Full-Time
61267236cf69,69e69cf2501f525ca16236e6,APPROVED,Not Applicable,2026-04-20T21:39:03Z,2026-04-20T21:46:48Z,2026-04-20T21:46:50Z,2026-04-20T21:46:48Z,465,C1OBW8XB,2192,40,Male,Other,United States,United States,United States,English,DATA_EXPIRED,DATA_EXPIRED
2d5b98312a62,69e69cf8ab6f204bd4b21f9d,APPROVED,Not Applicable,2026-04-20T21:39:10Z,2026-04-20T21:49:19Z,2026-04-20T21:49:20Z,2026-04-20T21:49:21Z,609,C1OBW8XB,608,83,Male,White,United States,United States,United States,English,No,"Not in paid work (e.g. homemaker', 'retired or disabled)"
7e85aad220a1,69e69cfa7420653b34bb6611,APPROVED,Not Applicable,2026-04-20T21:39:11Z,2026-04-20T21:49:35Z,2026-04-20T21:49:36Z,2026-04-20T21:49:35Z,624,C1OBW8XB,10,52,Female,White,United States,United States,United States,English,No,"Not in paid work (e.g. homemaker', 'retired or disabled)"
925124d327d2,69e69d00b60a618d5e7b6ca3,APPROVED,Not Applicable,2026-04-20T21:39:16Z,2026-04-20T21:47:18Z,2026-04-20T21:47:21Z,2026-04-20T21:47:18Z,482,C1OBW8XB,2644,29,Male,White,United States,United States,United States,English,No,Full-Time
1e1806da3b4b,69e69d0297861da7b88fbf36,APPROVED,Not Applicable,2026-04-20T21:39:20Z,2026-04-20T21:48:31Z,2026-04-20T21:48:33Z,2026-04-20T21:48:32Z,552,C1OBW8XB,1142,69,Female,White,United States,United States,United States,English,No,"Not in paid work (e.g. homemaker', 'retired or disabled)"
3a3931af6ccd,69e69d0761d41cac7abbe4b1,APPROVED,Not Applicable,2026-04-20T21:39:26Z,2026-04-20T21:46:51Z,2026-04-20T21:47:02Z,2026-04-20T21:46:52Z,446,C1OBW8XB,8610,56,Male,White,United States,United States,United States,English,No,"Not in paid work (e.g. homemaker', 'retired or disabled)"
378cd676e7ad,69e69d11fa4107fc956bdb79,APPROVED,Not Applicable,2026-04-20T21:39:42Z,2026-04-20T21:49:42Z,2026-04-20T21:49:54Z,2026-04-20T21:49:43Z,600,C1OBW8XB,0,40,Female,Black,India,United States,India,Tamil,No,Unemployed (and job seeking)
29d74408dd27,69e69d1744ccd003b59eb493,APPROVED,Not Applicable,2026-04-20T21:41:30Z,2026-04-20T21:49:47Z,2026-04-20T21:49:59Z,2026-04-20T21:49:48Z,497,C1OBW8XB,6009,39,Female,White,United States,United States,United States,English,No,DATA_EXPIRED
c765602a69af,69e69d19b2a05e4492853d43,APPROVED,Not Applicable,2026-04-20T21:39:42Z,2026-04-20T21:47:37Z,2026-04-20T21:47:40Z,2026-04-20T21:47:38Z,476,C1OBW8XB,493,68,Male,White,Peru,United States,Peru,Spanish,No,Other
691858799926,69e69d1b968bdda50c7f826a,APPROVED,Not Applicable,2026-04-20T21:39:57Z,2026-04-20T21:49:44Z,2026-04-20T21:49:47Z,2026-04-20T21:49:45Z,587,C1OBW8XB,952,37,Male,White,United States,United States,United States,English,No,"Not in paid work (e.g. homemaker', 'retired or disabled)"
f49f5218ed6c,69e69d1c47fa06ed38024cb2,APPROVED,Not Applicable,2026-04-20T21:39:46Z,2026-04-20T21:44:51Z,2026-04-20T21:45:02Z,2026-04-20T21:44:52Z,305,C1OBW8XB,72,30,Male,White,United States,United States,United States,English,No,Part-Time
b21239b7ab1d,69e69d1d27c52404efea9588,APPROVED,Not Applicable,2026-04-20T21:39:48Z,2026-04-20T21:47:34Z,2026-04-20T21:47:36Z,2026-04-20T21:47:35Z,467,C1OBW8XB,2675,67,Male,White,United Kingdom,United States,United Kingdom,English,No,Unemployed (and job seeking)
99b06173c324,69e69d223980156a830f94b4,APPROVED,Not Applicable,2026-04-20T21:39:50Z,2026-04-20T21:46:48Z,2026-04-20T21:47:04Z,2026-04-20T21:46:48Z,418,C1OBW8XB,672,58,Female,White,United States,United States,United States,English,No,Part-Time
7d877d157012,69e69d2672e296f481abf77d,APPROVED,Not Applicable,2026-04-20T21:40:26Z,2026-04-20T21:49:18Z,2026-04-20T21:49:20Z,2026-04-20T21:49:19Z,532,C1OBW8XB,139,27,Female,White,United States,United States,United States,English,No,Full-Time
770afac166eb,69e69d2692033959533a95fa,APPROVED,Not Applicable,2026-04-20T21:42:02Z,2026-04-20T21:52:24Z,2026-04-20T21:52:30Z,2026-04-20T21:52:25Z,622,C1OBW8XB,4260,50,Female,White,United States,United States,United States,English,No,Part-Time
0554a83e2c03,69e69d2fa1c5568e8cf1f179,APPROVED,Not Applicable,2026-04-20T21:40:21Z,2026-04-20T21:45:52Z,2026-04-20T21:45:56Z,2026-04-20T21:45:52Z,331,C1OBW8XB,12642,63,Male,White,United States,United States,United States,English,No,Full-Time
e58450146ab2,69e69d34960f2665bda84bfb,APPROVED,Not Applicable,2026-04-20T21:40:09Z,2026-04-20T21:45:10Z,2026-04-20T21:45:38Z,2026-04-20T21:45:11Z,302,C1OBW8XB,171,27,Female,White,United States,United States,United States,English,No,Full-Time
128faf84057c,69e69d360b8408db3ea387fb,APPROVED,Not Applicable,2026-04-20T21:40:11Z,2026-04-20T21:47:49Z,2026-04-20T21:47:53Z,2026-04-20T21:47:50Z,459,C1OBW8XB,326,57,Female,Asian,Thailand,United States,Thailand,Thai,No,Full-Time
9c664c7f3306,69e69d3a766f31f106bb334d,APPROVED,Not Applicable,2026-04-20T21:40:17Z,2026-04-20T21:50:11Z,2026-04-20T21:50:17Z,2026-04-20T21:50:12Z,594,C1OBW8XB,194,22,Female,White,United States,United States,United States,English,No,Full-Time
4607c742fd8a,69e69d402e03e4ecb716dfd5,APPROVED,Not Applicable,2026-04-20T21:40:31Z,2026-04-20T21:48:23Z,2026-04-20T21:48:31Z,2026-04-20T21:48:24Z,472,C1OBW8XB,11218,76,Male,White,United States,United States,United States,English,No,"Not in paid work (e.g. homemaker', 'retired or disabled)"
41115a02ce2c,69e69d45491ad195e6eb3cf5,APPROVED,Not Applicable,2026-04-20T21:50:20Z,2026-04-20T22:02:18Z,2026-04-20T22:02:24Z,2026-04-20T22:02:18Z,718,C1OBW8XB,538,22,Male,White,United States,United States,United States,English,No,Unemployed (and job seeking)
62c5fe55cfb1,69e69d467fb472d5145ce7cb,APPROVED,Not Applicable,2026-04-20T21:40:22Z,2026-04-20T21:46:57Z,2026-04-20T21:47:08Z,2026-04-20T21:46:57Z,395,C1OBW8XB,7467,47,Male,White,United States,United States,United States,English,No,Full-Time
2843bc68ad2e,69e69d4838dc44e9bea6eae0,APPROVED,Not Applicable,2026-04-20T21:40:29Z,2026-04-20T21:46:53Z,2026-04-20T21:47:00Z,2026-04-20T21:46:54Z,384,C1OBW8XB,8827,51,Female,White,United States,United States,United States,English,No,"Not in paid work (e.g. homemaker', 'retired or disabled)"
ced6029f25cd,69e69d502cfab258dd249756,APPROVED,Not Applicable,2026-04-20T21:40:38Z,2026-04-20T21:47:26Z,2026-04-20T21:47:30Z,2026-04-20T21:47:27Z,409,C1OBW8XB,4555,49,Male,Asian,United States,United States,United States,English,No,Part-Time
803a4a33a2d0,69e69d582255918514a19fdb,APPROVED,Not Applicable,2026-04-20T21:40:56Z,2026-04-20T21:48:23Z,2026-04-20T21:48:29Z,2026-04-20T21:48:23Z,447,C1OBW8XB,24,33,Male,Black,United States,United States,United States,English,No,Full-Time
eea67cde2edf,69e69d5e42d5ba9bf8ac05dc,APPROVED,Not Applicable,2026-04-20T21:41:02Z,2026-04-20T21:48:00Z,2026-04-20T21:48:07Z,2026-04-20T21:48:01Z,418,C1OBW8XB,4809,27,Female,Asian,Philippines,United States,Philippines,Tagalog-Filipino,No,Full-Time
8c84f041e0f7,69e69d604c9302b8daedab85,APPROVED,Not Applicable,2026-04-20T21:40:52Z,2026-04-20T21:46:08Z,2026-04-20T21:46:11Z,2026-04-20T21:46:09Z,317,C1OBW8XB,45,23,Male,Other,United States,United States,United States,English,No,Unemployed (and job seeking)
4ac2cb24d77d,69e69d60506abc3939f62856,APPROVED,Not Applicable,2026-04-20T21:46:47Z,2026-04-20T21:51:12Z,2026-04-20T21:51:14Z,2026-04-20T21:51:13Z,265,C1OBW8XB,811,42,Female,White,United States,United States,United States,English,No,Full-Time
c1d8ce5a21e2,69e69d661cbc61851ce6e409,APPROVED,Not Applicable,2026-04-20T21:41:00Z,2026-04-20T21:48:01Z,2026-04-20T21:48:05Z,2026-04-20T21:48:01Z,421,C1OBW8XB,7081,36,Male,Asian,Philippines,United States,United States,Tagalog-Filipino,Yes,Full-Time
70b77059c019,69e69d682a8bcfc1caea139c,APPROVED,Not Applicable,2026-04-20T21:41:00Z,2026-04-20T21:47:10Z,2026-04-20T21:47:26Z,2026-04-20T21:47:11Z,370,C1OBW8XB,7232,38,Male,White,United States,United States,United States,English,No,Full-Time
806490ef0cc2,69e69d69491ad195e6eb3d02,APPROVED,Not Applicable,2026-04-20T21:41:03Z,2026-04-20T21:49:41Z,2026-04-20T21:49:44Z,2026-04-20T21:49:41Z,518,C1OBW8XB,8079,62,Female,White,United States,United States,United States,English,DATA_EXPIRED,Full-Time
6b9cac73441f,69e69d69e7ca00da58fd5062,APPROVED,Not Applicable,2026-04-20T21:40:57Z,2026-04-20T21:53:32Z,2026-04-20T21:53:34Z,2026-04-20T21:53:33Z,755,C1OBW8XB,2868,52,Female,Black,United States,United States,United States,English,DATA_EXPIRED,DATA_EXPIRED
d0ac20c33a56,69e69d6b6bf8eb0c0573d4b2,APPROVED,Not Applicable,2026-04-20T21:41:02Z,2026-04-20T21:46:29Z,2026-04-20T21:46:32Z,2026-04-20T21:46:30Z,327,C1OBW8XB,1592,64,Female,White,United States,United States,United States,English,DATA_EXPIRED,DATA_EXPIRED
a9fe4762c7bd,69e69d70550e01491d940148,APPROVED,Not Applicable,2026-04-20T21:41:11Z,2026-04-20T21:48:53Z,2026-04-20T21:48:54Z,2026-04-20T21:48:53Z,462,C1OBW8XB,4309,63,Female,White,United States,United States,United States,English,No,"Not in paid work (e.g. homemaker', 'retired or disabled)"
8c2f2d2a3f3a,69e69d751cc264093188d550,APPROVED,Not Applicable,2026-04-20T21:41:16Z,2026-04-20T21:48:20Z,2026-04-20T21:48:24Z,2026-04-20T21:48:21Z,424,C1OBW8XB,214,21,Female,Black,United States,United States,United States,English,Yes,Part-Time
976dcb0d5ed7,69e69d763ceded47936bdb72,APPROVED,Not Applicable,2026-04-20T21:41:14Z,2026-04-20T21:47:10Z,2026-04-20T21:47:15Z,2026-04-20T21:47:11Z,357,C1OBW8XB,98,19,Male,Mixed,United States,United States,United States,English,Yes,Unemployed (and job seeking)
e51450c4c585,69e69d7cccbeaac810ca80a3,APPROVED,Not Applicable,2026-04-20T21:41:22Z,2026-04-20T21:49:48Z,2026-04-20T21:49:49Z,2026-04-20T21:49:49Z,507,C1OBW8XB,3543,58,Female,Black,United States,United States,United States,English,No,Full-Time
5e2933625d84,69e69d8249f4b9f6a1187974,APPROVED,Not Applicable,2026-04-20T21:41:29Z,2026-04-20T21:50:10Z,2026-04-20T21:50:13Z,2026-04-20T21:50:11Z,522,C1OBW8XB,4864,67,Male,White,United States,United States,United States,English,No,Full-Time
062e0b504c32,69e69d893fc3d53ef2e57299,APPROVED,Not Applicable,2026-04-20T21:41:35Z,2026-04-20T21:50:52Z,2026-04-20T21:50:53Z,2026-04-20T21:50:53Z,558,C1OBW8XB,222,59,Male,White,United States,United States,United States,English,No,Part-Time
8a3a793916fa,69e69d8f767d3069db8e2f85,APPROVED,Not Applicable,2026-04-20T21:41:40Z,2026-04-20T21:46:40Z,2026-04-20T21:46:43Z,2026-04-20T21:46:41Z,300,C1OBW8XB,12,18,Female,White,United States,United States,DATA_EXPIRED,English,Yes,Part-Time
19a1119cc895,69e69d98d605360dbc36f020,APPROVED,Not Applicable,2026-04-20T21:41:49Z,2026-04-20T21:47:11Z,2026-04-20T21:47:18Z,2026-04-20T21:47:12Z,322,C1OBW8XB,40,20,Male,White,Cuba,United States,Cuba,Spanish,Yes,Unemployed (and job seeking)
7b0109af77b0,69e69d9f97861da7b88fbf48,APPROVED,Not Applicable,2026-04-20T21:46:54Z,2026-04-20T21:52:54Z,2026-04-20T21:53:05Z,2026-04-20T21:52:55Z,361,C1OBW8XB,1744,23,Female,White,United States,United States,United States,English,No,Full-Time
4d40ad476ed7,69e69da2786067ce483ee8b3,APPROVED,Not Applicable,2026-04-20T21:41:58Z,2026-04-20T21:48:57Z,2026-04-20T21:49:01Z,2026-04-20T21:48:58Z,420,C1OBW8XB,5228,59,Male,White,United States,United States,United States,English,No,Full-Time
2af94d05587c,69e69da43f8a951b97f2ced8,APPROVED,Not Applicable,2026-04-20T21:42:02Z,2026-04-20T21:53:06Z,2026-04-20T21:53:09Z,2026-04-20T21:53:07Z,664,C1OBW8XB,11351,59,Male,White,United States,United States,United States,English,No,Full-Time
27fdac53ac16,69e69da9dc72d2093afed2d9,RETURNED,Not Applicable,2026-04-20T21:42:01Z,NA,NA,2026-04-21T16:47:24Z,NA,NA,21748,CONSENT_REVOKED,CONSENT_REVOKED,CONSENT_REVOKED,CONSENT_REVOKED,CONSENT_REVOKED,CONSENT_REVOKED,CONSENT_REVOKED,CONSENT_REVOKED,CONSENT_REVOKED
1cb0f9f823f3,69e69daa5ea468effcdaa846,APPROVED,Not Applicable,2026-04-20T21:42:11Z,2026-04-20T21:59:08Z,2026-04-20T21:59:10Z,2026-04-20T21:59:08Z,1017,C1OBW8XB,64,25,Female,Mixed,Bolivia,United States,United States,Spanish,No,Full-Time
eeaf76c05730,69e69dad8e68145efd7428c0,APPROVED,Not Applicable,2026-04-20T21:42:33Z,2026-04-20T21:56:45Z,2026-04-20T21:56:56Z,2026-04-20T21:56:46Z,852,C1OBW8XB,4271,30,Male,White,United States,United States,United States,English,DATA_EXPIRED,DATA_EXPIRED
4647ac1f58f1,69e69dbaeb3dacd09a0c5388,APPROVED,Not Applicable,2026-04-20T21:43:11Z,2026-04-20T21:51:43Z,2026-04-20T21:51:47Z,2026-04-20T21:51:44Z,513,C1OBW8XB,804,31,Male,White,United States,United States,United States,English,No,Unemployed (and job seeking)
70b86201975a,69e69dc33f6d4c9d51cf03de,APPROVED,Not Applicable,2026-04-20T21:42:33Z,2026-04-20T21:49:13Z,2026-04-20T21:49:14Z,2026-04-20T21:49:14Z,401,C1OBW8XB,822,59,Female,White,United States,United States,United States,English,No,Full-Time
b62f876e3375,69e69dd4ac2418a36d925454,APPROVED,Not Applicable,2026-04-20T21:42:51Z,2026-04-20T21:52:58Z,2026-04-20T21:53:02Z,2026-04-20T21:52:59Z,607,C1OBW8XB,302,49,Female,Other,United States,United States,United States,English,No,Unemployed (and job seeking)
6fec5a644d68,69e69dd65340f68637eb61ba,APPROVED,Not Applicable,2026-04-20T21:44:04Z,2026-04-20T21:51:10Z,2026-04-20T21:51:11Z,2026-04-20T21:51:11Z,426,C1OBW8XB,440,21,Male,Black,United States,United States,United States,English,DATA_EXPIRED,DATA_EXPIRED
29e34c507aac,69e69dd7e95a7b9ca212d0da,APPROVED,Not Applicable,2026-04-20T21:42:52Z,2026-04-20T21:51:07Z,2026-04-20T21:51:08Z,2026-04-20T21:51:08Z,496,C1OBW8XB,7974,31,Male,White,United States,United States,United States,English,No,Full-Time
ab52ae4f5211,69e69dd9630d2bd63a8376fc,APPROVED,Not Applicable,2026-04-20T21:42:53Z,2026-04-20T21:45:54Z,2026-04-21T15:44:30Z,2026-04-20T21:45:55Z,182,C1OBW8XB,10427,39,Male,Asian,United States,United States,United States,English,No,Full-Time
b4a17e861a75,69e69dda53986276d4b21f36,APPROVED,Not Applicable,2026-04-20T21:43:10Z,2026-04-20T21:51:18Z,2026-04-20T21:51:22Z,2026-04-20T21:51:19Z,489,C1OBW8XB,5340,60,Female,Black,United States,United States,United States,English,No,Full-Time
93334d29ae18,69e69de4a17c7e226bd0ef67,APPROVED,Not Applicable,2026-04-20T21:43:05Z,2026-04-20T21:48:58Z,2026-04-20T21:49:04Z,2026-04-20T21:48:59Z,354,C1OBW8XB,13831,47,Male,Asian,Vietnam,United States,United States,English,No,Full-Time
84383c78c174,69e69de4d66a0a2dd0926857,APPROVED,Not Applicable,2026-04-20T21:43:05Z,2026-04-20T21:50:17Z,2026-04-20T21:50:19Z,2026-04-20T21:50:18Z,432,C1OBW8XB,14085,30,Male,White,United States,United States,United States,English,No,Full-Time
cb7a254cc90e,69e69dea62498b22fe10da64,APPROVED,Not Applicable,2026-04-20T21:43:11Z,2026-04-20T21:49:46Z,2026-04-20T21:49:48Z,2026-04-20T21:49:47Z,396,C1OBW8XB,4760,47,Male,White,United States,United States,United States,English,DATA_EXPIRED,DATA_EXPIRED
96fa5e31847f,69e69dee142137241eb3b870,APPROVED,Not Applicable,2026-04-20T21:43:14Z,2026-04-20T21:57:57Z,2026-04-20T21:58:00Z,2026-04-20T21:57:58Z,883,C1OBW8XB,268,27,Female,Mixed,United States,United States,United States,English,Yes,Full-Time
c73e5c7974ab,69e69df3966c947076ac4efc,APPROVED,Not Applicable,2026-04-20T21:43:22Z,2026-04-20T21:49:39Z,2026-04-20T21:49:41Z,2026-04-20T21:49:40Z,378,C1OBW8XB,2447,52,Female,Asian,Japan,United States,Japan,Japanese,No,DATA_EXPIRED
747e8ff05152,69e69df5cbd2d9a9f058e9ac,APPROVED,Not Applicable,2026-04-20T21:43:39Z,2026-04-20T21:50:31Z,2026-04-20T21:50:35Z,2026-04-20T21:50:32Z,413,C1OBW8XB,41,23,Female,White,United States,United States,DATA_EXPIRED,English,No,Due to start a new job within the next month
e654f1fc97d7,69e69df7a8764e0d365c2a46,APPROVED,Not Applicable,2026-04-20T21:43:44Z,2026-04-20T21:48:13Z,2026-04-20T21:48:15Z,2026-04-20T21:48:14Z,270,C1OBW8XB,9088,30,Female,Other,United States,United States,United States,English,Yes,Full-Time
992b05d4112d,69e69dfaafc6958f4d98e443,APPROVED,Not Applicable,2026-04-20T21:43:31Z,2026-04-20T21:52:25Z,2026-04-20T21:52:31Z,2026-04-20T21:52:26Z,534,C1OBW8XB,9750,66,Male,White,United States,United States,United States,English,No,Part-Time
3ac2ecc35ddb,69e69e0203c2d6ace8b2139f,APPROVED,Not Applicable,2026-04-20T21:43:38Z,2026-04-20T21:51:37Z,2026-04-20T21:51:39Z,2026-04-20T21:51:38Z,479,C1OBW8XB,799,49,Female,Asian,United States,United States,United States,English,No,Unemployed (and job seeking)
aef76b5c574d,69e69e0273e8a1de475970f1,APPROVED,Not Applicable,2026-04-20T21:43:36Z,2026-04-20T21:52:34Z,2026-04-20T21:52:38Z,2026-04-20T21:52:35Z,539,C1OBW8XB,3549,69,Male,White,Lithuania,United States,Russian Federation,Russian,No,"Not in paid work (e.g. homemaker', 'retired or disabled)"
3f9a85e3163c,69e69e04f00356a199392567,RETURNED,Not Applicable,NA,NA,NA,2026-04-21T16:47:24Z,NA,NA,165,CONSENT_REVOKED,CONSENT_REVOKED,CONSENT_REVOKED,CONSENT_REVOKED,CONSENT_REVOKED,CONSENT_REVOKED,CONSENT_REVOKED,CONSENT_REVOKED,CONSENT_REVOKED
683d483f0f8b,69e69e0928df0e0f43d27c45,APPROVED,Not Applicable,2026-04-20T21:43:43Z,2026-04-20T21:52:19Z,2026-04-20T21:52:20Z,2026-04-20T21:52:19Z,516,C1OBW8XB,301,23,Male,White,United States,United States,United States,English,No,Unemployed (and job seeking)
54692105fdd2,69e69e0dd328259c13c76a9c,APPROVED,Not Applicable,2026-04-20T21:44:09Z,2026-04-20T21:49:42Z,2026-04-20T21:50:04Z,2026-04-20T21:49:43Z,334,C1OBW8XB,1449,30,Male,Other,United States,United States,United States,English,DATA_EXPIRED,DATA_EXPIRED
569f7ebcf287,69e69e1ffd9ccf933b6ac41b,APPROVED,Not Applicable,2026-04-20T21:44:05Z,2026-04-20T21:52:53Z,2026-04-20T21:52:55Z,2026-04-20T21:52:54Z,529,C1OBW8XB,733,27,Male,Black,United States,United States,United States,English,No,Full-Time
6ad8053c679f,69e69e210fec8ceb2d781642,APPROVED,Not Applicable,2026-04-20T21:44:12Z,2026-04-20T21:49:06Z,2026-04-20T21:49:12Z,2026-04-20T21:49:07Z,295,C1OBW8XB,114,18,Male,Black,United States,United States,United States,English,Yes,Unemployed (and job seeking)
786394aa21a7,69e69e23fd9ccf933b6ac41f,APPROVED,Not Applicable,2026-04-20T21:44:09Z,2026-04-20T21:49:59Z,2026-04-20T21:50:03Z,2026-04-20T21:50:00Z,351,C1OBW8XB,549,36,Female,White,United States,United States,United States,English,No,Part-Time
2cf03f45cfeb,69e69e2a404eb1bac073872c,APPROVED,Not Applicable,2026-04-20T21:44:14Z,2026-04-20T21:51:44Z,2026-04-20T21:51:50Z,2026-04-20T21:51:45Z,451,C1OBW8XB,112,31,Male,White,United States,United States,United States,English,No,Full-Time
87bceea87f44,69e69e3a9876ddb6ac60897c,APPROVED,Not Applicable,2026-04-20T21:44:31Z,2026-04-20T21:52:25Z,2026-04-20T21:52:32Z,2026-04-20T21:52:26Z,475,C1OBW8XB,0,38,Female,White,Hungary,United States,Hungary,Hungarian,No,Due to start a new job within the next month
e2998ddd9957,69e69e3d3a9fd540ffb5f9da,APPROVED,Not Applicable,2026-04-20T21:44:35Z,2026-04-20T21:49:22Z,2026-04-20T21:49:24Z,2026-04-20T21:49:23Z,288,C1OBW8XB,1368,28,Female,Other,Peru,United States,Peru,English,Yes,Part-Time
a6cbea5ecc68,69e69e3d3fc3d53ef2e572af,APPROVED,Not Applicable,2026-04-20T21:44:33Z,2026-04-20T21:51:03Z,2026-04-20T21:51:09Z,2026-04-20T21:51:04Z,390,C1OBW8XB,1342,67,Female,White,United States,United States,United States,English,No,Part-Time
839c2f098b3b,69e69e4171f4ebb7f33ef3d3,APPROVED,Not Applicable,2026-04-20T21:44:36Z,2026-04-20T21:51:38Z,2026-04-20T21:51:44Z,2026-04-20T21:51:38Z,422,C1OBW8XB,237,27,Female,Black,United States,United States,United States,English,Yes,Unemployed (and job seeking)
c2923a3dd772,69e69e51a9fb00aa849ac8cc,RETURNED,Not Applicable,2026-04-20T21:44:55Z,NA,NA,2026-04-21T16:47:24Z,NA,NA,152,CONSENT_REVOKED,CONSENT_REVOKED,CONSENT_REVOKED,CONSENT_REVOKED,CONSENT_REVOKED,CONSENT_REVOKED,CONSENT_REVOKED,CONSENT_REVOKED,CONSENT_REVOKED
d3d544f7a164,69e69e51d9b6699c82d077ae,APPROVED,Not Applicable,2026-04-20T21:45:00Z,2026-04-20T21:49:39Z,2026-04-20T21:49:56Z,2026-04-20T21:49:40Z,279,C1OBW8XB,4226,23,Female,Black,United States,United States,United States,English,DATA_EXPIRED,DATA_EXPIRED
220df21f5ee3,69e69e535ea468effcdaa86a,APPROVED,Not Applicable,2026-04-20T21:46:16Z,2026-04-20T21:52:51Z,2026-04-20T21:52:57Z,2026-04-20T21:52:52Z,396,C1OBW8XB,2368,57,Male,White,United States,United States,United States,English,No,Unemployed (and job seeking)
81132568cce7,69e69e58684207db3fa746aa,APPROVED,Not Applicable,2026-04-20T21:45:01Z,2026-04-20T21:52:04Z,2026-04-20T21:52:06Z,2026-04-20T21:52:05Z,423,C1OBW8XB,1631,52,Male,Other,United States,United States,United States,English,No,"Not in paid work (e.g. homemaker', 'retired or disabled)"
9c420e260c26,69e69e5a910e77dcbbc026aa,APPROVED,Not Applicable,2026-04-20T21:45:04Z,2026-04-20T21:56:46Z,2026-04-20T21:56:57Z,2026-04-20T21:56:47Z,703,C1OBW8XB,1202,27,Male,Black,United States,United States,United States,English,DATA_EXPIRED,DATA_EXPIRED
4597799ad070,69e69e63ebe5779c91448500,APPROVED,Not Applicable,2026-04-20T21:45:18Z,2026-04-20T21:56:23Z,2026-04-20T21:56:26Z,2026-04-20T21:56:24Z,666,C1OBW8XB,192,30,Female,Mixed,United States,United States,United States,English,No,Unemployed (and job seeking)
9449befcb796,69e69e67c2c8071865bbe8d0,APPROVED,Not Applicable,2026-04-20T21:48:11Z,2026-04-20T21:55:53Z,2026-04-20T21:55:57Z,2026-04-20T21:55:54Z,463,C1OBW8XB,2162,57,Female,White,United States,United States,United States,English,No,"Not in paid work (e.g. homemaker', 'retired or disabled)"
bb393c31941a,69e69e68ad5b0468d0b58f8f,APPROVED,Not Applicable,2026-04-20T21:45:15Z,2026-04-20T21:50:31Z,2026-04-20T21:50:37Z,2026-04-20T21:50:32Z,316,C1OBW8XB,710,36,Male,White,United States,United States,United States,English,No,Full-Time
8af2a460d1fb,69e69e6a27c52404efea95b4,APPROVED,Not Applicable,2026-04-20T21:45:21Z,2026-04-20T21:56:53Z,2026-04-20T21:56:55Z,2026-04-20T21:56:54Z,692,C1OBW8XB,36,45,Female,Black,United States,United States,DATA_EXPIRED,English,No,Unemployed (and job seeking)
effb218d4a19,69e69e70ff483ba8d0c9e10d,APPROVED,Not Applicable,2026-04-20T21:45:31Z,2026-04-20T21:54:11Z,2026-04-20T21:54:14Z,2026-04-20T21:54:12Z,521,C1OBW8XB,612,23,Female,White,United States,United States,United States,English,No,Full-Time
c8617f117f81,69e69e7acdc26b8309448509,APPROVED,Not Applicable,2026-04-20T21:45:39Z,2026-04-20T21:53:13Z,2026-04-20T21:53:19Z,2026-04-20T21:53:14Z,455,C1OBW8XB,1239,49,Male,White,United States,United States,United States,English,No,DATA_EXPIRED
77f0e0cd38ba,69e69e7c0232fd4fe8ea13a0,APPROVED,Not Applicable,2026-04-20T21:45:39Z,2026-04-20T21:54:37Z,2026-04-20T21:54:40Z,2026-04-20T21:54:37Z,538,C1OBW8XB,924,29,Female,Asian,China,United States,United States,Mandarin,No,Part-Time
9a194d65d1a8,69e69e7e0c4bdccb56e4f293,APPROVED,Not Applicable,2026-04-20T21:45:38Z,2026-04-20T21:51:19Z,2026-04-20T21:51:25Z,2026-04-20T21:51:20Z,341,C1OBW8XB,8461,55,Male,White,United States,United States,United States,English,DATA_EXPIRED,DATA_EXPIRED
3324be6ab19e,69e69e89aac903a824f4cba5,APPROVED,Not Applicable,2026-04-20T21:45:45Z,2026-04-20T22:00:00Z,2026-04-20T22:00:23Z,2026-04-20T22:00:00Z,855,C1OBW8XB,4202,57,Male,White,United States,United States,United States,English,No,Full-Time
79016cf1b1d8,69e69e90129f0d5d4c89821e,APPROVED,Not Applicable,2026-04-20T21:45:55Z,2026-04-20T21:52:23Z,2026-04-20T21:52:26Z,2026-04-20T21:52:24Z,388,C1OBW8XB,264,25,Female,White,United States,United States,United States,English,Yes,"Not in paid work (e.g. homemaker', 'retired or disabled)"
b0fcdefe8ceb,69e69e95766f31f106bb3367,APPROVED,Not Applicable,2026-04-20T21:46:01Z,2026-04-20T21:53:12Z,2026-04-20T21:53:15Z,2026-04-20T21:53:14Z,432,C1OBW8XB,324,18,Male,White,United States,United States,United States,English,Yes,Part-Time
155f6767595c,69e69e96dfa50436977428d9,APPROVED,Not Applicable,2026-04-20T21:46:41Z,2026-04-20T21:56:40Z,2026-04-20T21:57:01Z,2026-04-20T21:56:40Z,599,C1OBW8XB,2927,55,Female,Black,United States,United States,United States,English,DATA_EXPIRED,DATA_EXPIRED
e7705974cd98,69e69ea1bf0b21598c9ee980,RETURNED,Not Applicable,2026-04-20T21:57:00Z,NA,NA,2026-04-21T16:47:24Z,NA,NA,479,CONSENT_REVOKED,CONSENT_REVOKED,CONSENT_REVOKED,CONSENT_REVOKED,CONSENT_REVOKED,CONSENT_REVOKED,CONSENT_REVOKED,CONSENT_REVOKED,CONSENT_REVOKED
122f096e8790,69e69ea53e412475eb6807c5,APPROVED,Not Applicable,2026-04-20T21:51:36Z,2026-04-20T22:01:04Z,2026-04-20T22:01:07Z,2026-04-20T22:01:05Z,568,C1OBW8XB,4581,29,Male,White,United States,United States,United States,English,No,Other
d6e2c9efed64,69e69eaa5ce69fd4f25f62d5,APPROVED,Not Applicable,2026-04-20T21:46:28Z,2026-04-20T21:54:51Z,2026-04-20T21:54:55Z,2026-04-20T21:54:52Z,504,C1OBW8XB,11491,71,Female,White,United States,United States,United States,English,DATA_EXPIRED,DATA_EXPIRED
cf87b5fa9913,69e69eacc00bf074fdb0dc83,APPROVED,Not Applicable,2026-04-20T21:46:25Z,2026-04-20T21:51:14Z,2026-04-20T21:51:16Z,2026-04-20T21:51:15Z,289,C1OBW8XB,12,45,Female,Mixed,"Venezuela, Bolivarian Republic of",United States,United States,Spanish,No,Full-Time
8a4de2e1b4cf,69e69eb0180d155db3a9297a,APPROVED,Not Applicable,2026-04-20T21:46:28Z,2026-04-20T21:55:47Z,2026-04-20T21:55:53Z,2026-04-20T21:55:48Z,559,C1OBW8XB,15,75,Female,White,United States,United States,United States,English,No,"Not in paid work (e.g. homemaker', 'retired or disabled)"
056c313e9c49,69e69eb3b36873b237ea03cf,APPROVED,Not Applicable,2026-04-20T21:46:30Z,2026-04-20T21:52:55Z,2026-04-20T21:52:57Z,2026-04-20T21:52:56Z,386,C1OBW8XB,178,29,Male,Mixed,United States,United States,United States,English,No,Full-Time
6ed48cd2d06f,69e69ecd6b85c783c3dec89a,APPROVED,Not Applicable,2026-04-20T21:46:57Z,2026-04-20T21:54:43Z,2026-04-20T21:54:47Z,2026-04-20T21:54:44Z,466,C1OBW8XB,1080,32,Male,Asian,United States,United States,United States,Chinese,No,Unemployed (and job seeking)
be17761b6dca,69e69ecf50ee1eff1ee54fca,APPROVED,Not Applicable,2026-04-20T21:47:00Z,2026-04-20T21:54:53Z,2026-04-20T21:54:59Z,2026-04-20T21:54:54Z,474,C1OBW8XB,4834,50,Female,Mixed,United States,United States,United States,English,DATA_EXPIRED,DATA_EXPIRED
93da58584d8c,69e69ed047c11a864b925462,RETURNED,Not Applicable,2026-04-20T21:47:05Z,NA,NA,2026-04-21T16:47:24Z,NA,NA,3851,CONSENT_REVOKED,CONSENT_REVOKED,CONSENT_REVOKED,CONSENT_REVOKED,CONSENT_REVOKED,CONSENT_REVOKED,CONSENT_REVOKED,CONSENT_REVOKED,CONSENT_REVOKED
d49aa5fcb1db,69e69ee1b72eff1ec0edabad,APPROVED,Not Applicable,2026-04-20T21:47:21Z,2026-04-20T21:54:36Z,2026-04-20T21:54:37Z,2026-04-20T21:54:37Z,436,C1OBW8XB,2780,39,Female,Other,Mexico,United States,Mexico,Spanish,No,Other
73e2f0edaa5c,69e69eee1b501e4df6c9dad7,APPROVED,Not Applicable,2026-04-20T21:47:30Z,2026-04-20T21:55:05Z,2026-04-20T21:55:08Z,2026-04-20T21:55:06Z,456,C1OBW8XB,6043,58,Female,White,United States,United States,United States,English,No,Full-Time
f58b7a3d448b,69e69eeff2ef6b5b3cb3bc7f,APPROVED,Not Applicable,2026-04-20T21:47:34Z,2026-04-20T21:56:19Z,2026-04-20T21:56:31Z,2026-04-20T21:56:21Z,526,C1OBW8XB,2493,47,Male,White,United States,United States,United States,English,No,Full-Time
e2a834737b55,69e69ef5e372ace1aa20b93a,APPROVED,Not Applicable,2026-04-20T21:47:38Z,2026-04-20T22:01:00Z,2026-04-20T22:01:03Z,2026-04-20T22:01:01Z,802,C1OBW8XB,5036,67,Male,White,United States,United States,United States,English,No,"Not in paid work (e.g. homemaker', 'retired or disabled)"
6494c6ba3b20,69e69efa4d961572d75a4c67,APPROVED,Not Applicable,2026-04-20T21:47:44Z,2026-04-20T22:00:08Z,2026-04-20T22:00:26Z,2026-04-20T22:00:09Z,745,C1OBW8XB,4552,35,Male,White,United States,United States,United States,English,No,Full-Time
4457ec197177,69e69efbb80ad2a471e1bc53,APPROVED,Not Applicable,2026-04-20T21:49:44Z,2026-04-20T21:57:59Z,2026-04-20T21:58:04Z,2026-04-20T21:58:00Z,496,C1OBW8XB,6800,31,Male,Black,Benin,United States,United States,English,No,Full-Time
0bd6f020bcdd,69e69f0cff69442abb30132a,APPROVED,Not Applicable,2026-04-20T21:48:06Z,2026-04-20T21:54:29Z,2026-04-20T21:54:35Z,2026-04-20T21:54:30Z,384,C1OBW8XB,5207,68,Female,White,United States,United States,United States,English,No,Part-Time
6f0ac5bee4f8,69e69f0fc8414b9781f46335,APPROVED,Not Applicable,2026-04-20T21:48:02Z,2026-04-20T21:53:06Z,2026-04-20T21:53:12Z,2026-04-20T21:53:07Z,304,C1OBW8XB,4042,50,Female,Asian,Indonesia,United States,Indonesia,English,No,"Not in paid work (e.g. homemaker', 'retired or disabled)"
b21b9c575ab7,69e69f17f949d1fe869cbe5b,RETURNED,Not Applicable,2026-04-20T21:48:19Z,NA,NA,2026-04-21T16:47:24Z,NA,NA,10,CONSENT_REVOKED,CONSENT_REVOKED,CONSENT_REVOKED,CONSENT_REVOKED,CONSENT_REVOKED,CONSENT_REVOKED,CONSENT_REVOKED,CONSENT_REVOKED,CONSENT_REVOKED
c3eedca0a4a5,69e69f188ce8be3b98cfa4e8,APPROVED,Not Applicable,2026-04-20T21:48:15Z,2026-04-20T21:54:01Z,2026-04-20T21:54:03Z,2026-04-20T21:54:02Z,347,C1OBW8XB,3508,30,Female,White,United States,United States,United States,English,Yes,Part-Time
c94e6b3e556b,69e69f1f1cf86730ccb05da3,APPROVED,Not Applicable,2026-04-20T21:48:27Z,2026-04-20T21:55:06Z,2026-04-20T21:55:12Z,2026-04-20T21:55:07Z,399,C1OBW8XB,4868,58,Female,White,United States,United States,United States,English,No,Full-Time
4f1cf3154cab,69e69f227cec860c7b1f5820,APPROVED,Not Applicable,2026-04-20T21:48:53Z,2026-04-20T21:57:55Z,2026-04-20T21:57:57Z,2026-04-20T21:57:56Z,543,C1OBW8XB,10040,37,Male,White,United States,United States,United States,English,DATA_EXPIRED,Full-Time
3d475be8d694,69e69f2710d11d2bf5954dc4,APPROVED,Not Applicable,2026-04-20T21:48:27Z,2026-04-20T21:53:56Z,2026-04-20T21:53:58Z,2026-04-20T21:53:56Z,330,C1OBW8XB,279,37,Female,White,United States,United States,United States,English,No,Full-Time
e4e2d5bab271,69e69f2794920fd707201f23,APPROVED,Not Applicable,2026-04-20T21:48:31Z,2026-04-20T21:57:13Z,2026-04-20T21:57:17Z,2026-04-20T21:57:14Z,523,C1OBW8XB,4281,55,Female,White,United States,United States,United States,English,No,Full-Time
de7df3c8e53c,69e69f29786067ce483ee8e3,APPROVED,Not Applicable,2026-04-20T21:48:32Z,2026-04-20T21:51:57Z,2026-04-21T15:45:05Z,2026-04-20T21:51:57Z,205,C1OBW8XB,8589,71,Male,White,United States,United States,United States,English,No,Part-Time
7dd4f0065acf,69e69f31401dfff35978d889,APPROVED,Not Applicable,2026-04-20T21:48:43Z,2026-04-20T21:58:09Z,2026-04-20T21:58:12Z,2026-04-20T21:58:10Z,566,C1OBW8XB,1,32,Male,White,United States,United States,United States,English,Yes,Full-Time
2456bf9df3f5,69e69f3cf833930f39e1bc64,APPROVED,Not Applicable,2026-04-20T21:48:47Z,2026-04-20T21:58:19Z,2026-04-20T21:58:22Z,2026-04-20T21:58:19Z,572,C1OBW8XB,1011,20,Male,White,United States,United States,United States,English,No,Unemployed (and job seeking)
47c913ca712a,69e69f42c63cb847c6dc0818,APPROVED,Not Applicable,2026-04-20T21:48:58Z,2026-04-20T22:00:42Z,2026-04-20T22:00:45Z,2026-04-20T22:00:42Z,704,C1OBW8XB,273,53,Female,White,United States,United States,United States,English,No,Full-Time
d8833b9d33d9,69e69f43ba3364afa065176d,APPROVED,Not Applicable,2026-04-20T21:48:56Z,2026-04-20T21:56:49Z,2026-04-20T21:56:53Z,2026-04-20T21:56:50Z,473,C1OBW8XB,2805,58,Female,White,United States,United States,United States,English,No,Full-Time
521382e3951b,69e69f483f58a5bf496a714f,APPROVED,Not Applicable,2026-04-20T21:49:04Z,2026-04-20T21:57:02Z,2026-04-20T21:57:04Z,2026-04-20T21:57:03Z,479,C1OBW8XB,397,46,Female,White,United States,United States,United States,English,No,"Not in paid work (e.g. homemaker', 'retired or disabled)"
5b5149c64af2,69e69f526824dddc82eb0dd0,APPROVED,Not Applicable,2026-04-20T21:49:10Z,2026-04-20T21:56:16Z,2026-04-20T21:56:23Z,2026-04-20T21:56:17Z,427,C1OBW8XB,829,48,Female,White,United States,United States,United States,English,No,Full-Time
c4213434a96d,69e69f781124226f09861692,APPROVED,Not Applicable,2026-04-20T21:49:48Z,2026-04-20T21:55:27Z,2026-04-20T21:55:30Z,2026-04-20T21:55:28Z,339,C1OBW8XB,438,19,Female,White,United States,United States,United States,English,No,Unemployed (and job seeking)
d223cbeb55a3,69e69f83233623a9d87bd011,RETURNED,Not Applicable,2026-04-20T21:50:02Z,NA,NA,2026-04-21T16:47:24Z,NA,NA,2417,CONSENT_REVOKED,CONSENT_REVOKED,CONSENT_REVOKED,CONSENT_REVOKED,CONSENT_REVOKED,CONSENT_REVOKED,CONSENT_REVOKED,CONSENT_REVOKED,CONSENT_REVOKED
f80d02b92a74,69e69f8521169205ddf94856,APPROVED,Not Applicable,2026-04-20T21:50:04Z,2026-04-20T21:57:52Z,2026-04-20T21:57:54Z,2026-04-20T21:57:52Z,468,C1OBW8XB,25,20,Male,Black,United States,United States,Haiti,English,No,Unemployed (and job seeking)
279c7b85ae2a,69e69f852e03e4ecb716e035,APPROVED,Not Applicable,2026-04-20T21:50:01Z,2026-04-20T21:58:50Z,2026-04-20T21:58:51Z,2026-04-20T21:58:51Z,530,C1OBW8XB,9937,37,Male,White,United States,United States,United States,English,Yes,Full-Time
a83bfd53ec0a,69e69f87b4cbc1188e1361cf,APPROVED,Not Applicable,2026-04-20T21:50:04Z,2026-04-20T21:58:47Z,2026-04-20T21:58:48Z,2026-04-20T21:58:48Z,523,C1OBW8XB,276,36,Female,Asian,United States,United States,United States,Chinese,No,Full-Time
ef7143037895,69e69f8836084f4411623852,APPROVED,Not Applicable,2026-04-20T21:51:09Z,2026-04-20T22:01:00Z,2026-04-20T22:01:07Z,2026-04-20T22:01:02Z,592,C1OBW8XB,765,23,Male,Other,Egypt,United States,Egypt,Arabic,Yes,Part-Time
4f09ca73d8a5,69e69f8a4faee2f7a4eb17ec,APPROVED,Not Applicable,2026-04-20T21:50:08Z,2026-04-20T21:55:06Z,2026-04-20T21:55:13Z,2026-04-20T21:55:07Z,299,C1OBW8XB,62,19,Male,White,United States,United States,United States,English,Yes,Unemployed (and job seeking)
a17c57b54889,69e69f8ced3a267b8f1fda7c,RETURNED,Not Applicable,2026-04-20T21:50:08Z,NA,NA,2026-04-21T16:47:24Z,NA,NA,1034,CONSENT_REVOKED,CONSENT_REVOKED,CONSENT_REVOKED,CONSENT_REVOKED,CONSENT_REVOKED,CONSENT_REVOKED,CONSENT_REVOKED,CONSENT_REVOKED,CONSENT_REVOKED
2de4f9c3841f,69e69f93bc411299ccca9800,APPROVED,Not Applicable,2026-04-20T21:50:16Z,2026-04-20T21:56:44Z,2026-04-20T21:56:49Z,2026-04-20T21:56:44Z,388,C1OBW8XB,303,18,Female,White,United States,United States,United States,English,Yes,Other
e516d803a41d,69e69f99c63cb847c6dc0823,APPROVED,Not Applicable,2026-04-20T21:50:21Z,2026-04-20T21:54:26Z,2026-04-20T21:54:32Z,2026-04-20T21:54:27Z,245,C1OBW8XB,7363,52,Female,White,United States,United States,United States,English,DATA_EXPIRED,DATA_EXPIRED
2d1fe21700c0,69e69f9d9cf4a40de258c37b,APPROVED,Not Applicable,2026-04-20T21:50:25Z,2026-04-20T21:57:03Z,2026-04-20T21:57:09Z,2026-04-20T21:57:04Z,398,C1OBW8XB,2738,71,Male,White,Brazil,United States,United States,Portuguese,No,"Not in paid work (e.g. homemaker', 'retired or disabled)"
9dac9b925eea,69e69fa149f6d8a023eee8a4,APPROVED,Not Applicable,2026-04-20T21:50:30Z,2026-04-20T21:56:30Z,2026-04-20T21:56:36Z,2026-04-20T21:56:31Z,360,C1OBW8XB,173,67,Female,White,United States,United States,United States,English,Yes,"Not in paid work (e.g. homemaker', 'retired or disabled)"
f2f9560fd849,69e69fa89c4af4c25e87a8d3,APPROVED,Not Applicable,2026-04-20T21:50:38Z,2026-04-20T22:07:59Z,2026-04-20T22:08:02Z,2026-04-20T22:08:00Z,1041,C1OBW8XB,3886,42,Female,Mixed,United States,United States,United States,English,DATA_EXPIRED,DATA_EXPIRED
9391995ede6c,69e69faf233623a9d87bd017,RETURNED,Not Applicable,NA,NA,NA,2026-04-21T16:47:24Z,NA,NA,240,CONSENT_REVOKED,CONSENT_REVOKED,CONSENT_REVOKED,CONSENT_REVOKED,CONSENT_REVOKED,CONSENT_REVOKED,CONSENT_REVOKED,CONSENT_REVOKED,CONSENT_REVOKED
2abe58adba85,69e69faf6d52e76861daccd6,APPROVED,Not Applicable,2026-04-20T21:50:46Z,2026-04-20T21:59:42Z,2026-04-20T21:59:45Z,2026-04-20T21:59:43Z,537,C1OBW8XB,7160,59,Male,White,United States,United States,United States,English,No,Full-Time
8b3e1fa780b9,69e69fbf3e1b6b99b8e16dba,RETURNED,Not Applicable,2026-04-20T21:51:38Z,NA,NA,2026-04-21T16:47:24Z,NA,NA,2158,CONSENT_REVOKED,CONSENT_REVOKED,CONSENT_REVOKED,CONSENT_REVOKED,CONSENT_REVOKED,CONSENT_REVOKED,CONSENT_REVOKED,CONSENT_REVOKED,CONSENT_REVOKED
0dfd585d2f97,69e69fc03e1b6b99b8e16dbc,APPROVED,Not Applicable,2026-04-20T21:51:24Z,2026-04-20T21:56:24Z,2026-04-20T21:56:30Z,2026-04-20T21:56:24Z,300,C1OBW8XB,6376,48,Male,White,United States,United States,United States,English,No,Full-Time
a7c80feb182f,69e69fc18f605db40e45b5b5,RETURNED,Not Applicable,2026-04-20T21:51:02Z,NA,NA,2026-04-21T16:47:24Z,NA,NA,7173,CONSENT_REVOKED,CONSENT_REVOKED,CONSENT_REVOKED,CONSENT_REVOKED,CONSENT_REVOKED,CONSENT_REVOKED,CONSENT_REVOKED,CONSENT_REVOKED,CONSENT_REVOKED
5ab6a84ee21c,69e69fc2a2aa24814f7f8415,APPROVED,Not Applicable,2026-04-20T21:51:03Z,2026-04-20T21:57:17Z,2026-04-20T21:57:24Z,2026-04-20T21:57:17Z,374,C1OBW8XB,6,48,Female,White,United States,United States,United States,English,No,Full-Time
c382e2a4846f,69e69fc6a87bb0e5fbf62831,APPROVED,Not Applicable,2026-04-20T21:51:07Z,2026-04-20T21:55:45Z,2026-04-20T21:55:49Z,2026-04-20T21:55:46Z,278,C1OBW8XB,2290,72,Male,White,United States,United States,United States,English,No,Part-Time
fdfd66345e1b,69e69fcdfc9943cc14e58263,APPROVED,Not Applicable,2026-04-20T21:51:15Z,2026-04-20T22:00:04Z,2026-04-20T22:00:30Z,2026-04-20T22:00:05Z,530,C1OBW8XB,7103,38,Male,Mixed,United States,United States,United States,English,Yes,Full-Time
c6e9bc6b3396,69e69fd3a8b64598850ac912,APPROVED,Not Applicable,2026-04-20T21:51:21Z,2026-04-20T21:59:32Z,2026-04-20T21:59:37Z,2026-04-20T21:59:33Z,492,C1OBW8XB,4700,60,Female,Black,United States,United States,United States,English,No,Full-Time
7c4d4dfac631,69e69fe7f00356a199392592,APPROVED,Not Applicable,2026-04-20T21:51:43Z,2026-04-20T22:02:00Z,2026-04-20T22:02:06Z,2026-04-20T22:02:01Z,618,C1OBW8XB,766,65,Male,White,United States,United States,United States,English,No,Part-Time
3b70a433e390,69e69feb90623755460bb8d1,APPROVED,Not Applicable,2026-04-20T21:51:45Z,2026-04-20T22:02:53Z,2026-04-20T22:02:56Z,2026-04-20T22:02:53Z,668,C1OBW8XB,171,27,Female,White,United States,United States,United States,English,No,Part-Time
414af573d5d3,69e69fef2d40ef5f6b0d1a16,APPROVED,Not Applicable,2026-04-20T21:52:41Z,2026-04-20T22:01:21Z,2026-04-20T22:01:25Z,2026-04-20T22:01:23Z,520,C1OBW8XB,226,52,Female,White,United States,United States,United States,English,No,"Not in paid work (e.g. homemaker', 'retired or disabled)"
fa8e0ef05abe,69e6a00c844760e89cdaa8a8,APPROVED,Not Applicable,2026-04-20T21:52:19Z,2026-04-20T22:00:26Z,2026-04-20T22:00:31Z,2026-04-20T22:00:27Z,487,C1OBW8XB,187,37,Female,White,United States,United States,United States,English,No,"Not in paid work (e.g. homemaker', 'retired or disabled)"
3c27d9a9997a,69e6a010522a7a25ebb48e8a,APPROVED,Not Applicable,2026-04-20T21:54:08Z,2026-04-20T22:02:08Z,2026-04-20T22:02:09Z,2026-04-20T22:02:09Z,481,C1OBW8XB,3254,23,Female,White,United States,United States,United States,English,DATA_EXPIRED,DATA_EXPIRED
c2c2430b386f,69e6a01553baeb6eafab0a31,APPROVED,Not Applicable,2026-04-20T21:52:33Z,2026-04-20T22:00:04Z,2026-04-20T22:00:25Z,2026-04-20T22:00:04Z,451,C1OBW8XB,915,35,Male,Mixed,United States,United States,United States,English,No,Unemployed (and job seeking)
91f80d3c9f6a,69e6a01c84d14425b573a5f5,APPROVED,Not Applicable,2026-04-20T21:52:34Z,2026-04-20T22:18:34Z,2026-04-20T22:18:39Z,2026-04-20T22:18:36Z,1561,C1OBW8XB,4317,27,Female,Mixed,United States,United States,United States,English,No,Unemployed (and job seeking)
d3ace017d023,69e6a01f505caf4838eb0dee,APPROVED,Not Applicable,2026-04-20T21:52:38Z,2026-04-20T22:01:40Z,2026-04-20T22:01:42Z,2026-04-20T22:01:41Z,542,C1OBW8XB,7228,30,Female,Asian,United States,United States,United States,English,No,Unemployed (and job seeking)
84586e70c09e,69e6a022848dbc955dc81c3f,RETURNED,Not Applicable,2026-04-20T21:52:41Z,NA,NA,2026-04-21T16:47:24Z,NA,NA,1096,CONSENT_REVOKED,CONSENT_REVOKED,CONSENT_REVOKED,CONSENT_REVOKED,CONSENT_REVOKED,CONSENT_REVOKED,CONSENT_REVOKED,CONSENT_REVOKED,CONSENT_REVOKED
1a8f72ad20d6,69e6a0252679a2f105645602,APPROVED,Not Applicable,2026-04-20T21:52:43Z,2026-04-20T21:58:19Z,2026-04-20T21:58:25Z,2026-04-20T21:58:20Z,337,C1OBW8XB,1550,67,Female,Black,United States,United States,United States,English,No,Unemployed (and job seeking)
0af97c61ee30,69e6a02c82d3cb6c63539efe,APPROVED,Not Applicable,2026-04-20T21:53:00Z,2026-04-20T22:00:49Z,2026-04-20T22:00:57Z,2026-04-20T22:00:52Z,470,C1OBW8XB,1330,50,Male,Mixed,United States,United States,United States,English,No,Other
08d7d868fde4,69e6a04aeed320a74f3bd81b,APPROVED,Not Applicable,2026-04-20T21:53:28Z,2026-04-20T22:02:39Z,2026-04-20T22:02:43Z,2026-04-20T22:02:40Z,551,C1OBW8XB,28,58,Female,White,United States,United States,United States,English,No,"Not in paid work (e.g. homemaker', 'retired or disabled)"
349cf3d7bebc,69e6a04cf326263633f230bd,APPROVED,Not Applicable,2026-04-20T21:53:21Z,2026-04-20T21:58:14Z,2026-04-20T21:58:16Z,2026-04-20T21:58:15Z,294,C1OBW8XB,6588,60,Male,White,United States,United States,United States,English,No,Full-Time
35635ac59dda,69e6a052a8015a8b9b556f1a,APPROVED,Not Applicable,2026-04-20T21:53:26Z,2026-04-20T21:59:43Z,2026-04-20T21:59:50Z,2026-04-20T21:59:43Z,377,C1OBW8XB,4111,25,Male,Asian,United States,United States,United States,English,No,Unemployed (and job seeking)
c40cae823f85,69e6a053207dbcdbee623846,APPROVED,Not Applicable,2026-04-20T21:53:32Z,2026-04-20T22:00:14Z,2026-04-20T22:00:28Z,2026-04-20T22:00:15Z,402,C1OBW8XB,19,33,Female,Other,United States,United States,United States,English,No,Full-Time
0ba11e41cdf2,69e6a057503852d1d216dfe6,APPROVED,Not Applicable,2026-04-20T21:53:34Z,2026-04-20T21:59:47Z,2026-04-20T21:59:50Z,2026-04-20T21:59:48Z,373,C1OBW8XB,687,50,Female,Black,United States,United States,United States,English,Yes,DATA_EXPIRED
c9e28bc44c91,69e6a05755e23af3d5ea137f,APPROVED,Not Applicable,2026-04-20T21:53:33Z,2026-04-20T22:01:59Z,2026-04-20T22:02:02Z,2026-04-20T22:02:00Z,507,C1OBW8XB,127,47,Male,Black,United States,United States,United States,English,No,Full-Time
b2786dcbf8cb,69e6a0668b75d4eed4ea957b,APPROVED,Not Applicable,2026-04-20T21:53:48Z,2026-04-20T22:02:02Z,2026-04-20T22:02:05Z,2026-04-20T22:02:02Z,494,C1OBW8XB,885,37,Male,White,United States,United States,United States,English,No,Unemployed (and job seeking)
ceb2fb949b54,69e6a06e8a728e209349494e,RETURNED,Not Applicable,2026-04-20T21:53:53Z,NA,NA,2026-04-21T16:47:24Z,NA,NA,2595,CONSENT_REVOKED,CONSENT_REVOKED,CONSENT_REVOKED,CONSENT_REVOKED,CONSENT_REVOKED,CONSENT_REVOKED,CONSENT_REVOKED,CONSENT_REVOKED,CONSENT_REVOKED
4442c9ed3215,69e6a071aa613f75f05971cd,APPROVED,Not Applicable,2026-04-20T21:54:03Z,2026-04-20T21:59:52Z,2026-04-20T21:59:53Z,2026-04-20T21:59:53Z,349,C1OBW8XB,507,21,Male,White,United States,United States,United States,English,Yes,Other
50023698bad9,69e6a071f98bdb3152dd5d8d,APPROVED,Not Applicable,2026-04-20T21:53:57Z,2026-04-20T22:00:44Z,2026-04-20T22:00:50Z,2026-04-20T22:00:45Z,408,C1OBW8XB,3836,65,Female,White,United States,United States,United States,English,DATA_EXPIRED,DATA_EXPIRED
066b314a1f00,69e6a072795070a4af86deaa,APPROVED,Not Applicable,2026-04-20T21:54:01Z,2026-04-20T22:01:37Z,2026-04-20T22:01:39Z,2026-04-20T22:01:38Z,456,C1OBW8XB,771,60,Male,Asian,Philippines,United States,United States,English,No,Full-Time
1faf9e5b7e0c,69e6a076f751fc955d781957,RETURNED,Not Applicable,2026-04-20T22:04:00Z,NA,NA,2026-04-21T16:47:24Z,NA,NA,3196,CONSENT_REVOKED,CONSENT_REVOKED,CONSENT_REVOKED,CONSENT_REVOKED,CONSENT_REVOKED,CONSENT_REVOKED,CONSENT_REVOKED,CONSENT_REVOKED,CONSENT_REVOKED
dbf20626171d,69e6a07c2800bc1ed76bde80,APPROVED,Not Applicable,2026-04-20T21:54:12Z,2026-04-20T22:00:34Z,2026-04-20T22:00:37Z,2026-04-20T22:00:35Z,383,C1OBW8XB,7008,52,Male,White,United States,United States,United States,English,No,Full-Time
317782f7063b,69e6a07d4be1f184fbbb333d,APPROVED,Not Applicable,2026-04-20T21:54:09Z,2026-04-20T22:01:29Z,2026-04-20T22:01:32Z,2026-04-20T22:01:29Z,440,C1OBW8XB,3456,58,Male,White,United States,United States,United States,English,No,Unemployed (and job seeking)
db695683770a,69e6a08656886b8baf03fdd7,APPROVED,Not Applicable,2026-04-20T21:55:07Z,2026-04-20T22:02:17Z,2026-04-20T22:02:21Z,2026-04-20T22:02:18Z,431,C1OBW8XB,6903,38,Male,Other,United States,United States,Mexico,English,No,Full-Time
c663871ff723,69e6a095b8a5fe335293cb62,APPROVED,Not Applicable,2026-04-20T21:54:35Z,2026-04-20T21:59:19Z,2026-04-20T21:59:22Z,2026-04-20T21:59:20Z,285,C1OBW8XB,6313,61,Female,White,United States,United States,United States,English,No,Part-Time
2349e22acb0b,69e6a0ac52f06674ce630e75,APPROVED,Not Applicable,2026-04-20T21:54:59Z,2026-04-20T22:04:36Z,2026-04-20T22:04:39Z,2026-04-20T22:04:37Z,577,C1OBW8XB,1939,68,Female,Black,United States,United States,United States,English,No,"Not in paid work (e.g. homemaker', 'retired or disabled)"
6a380ce1bf5c,69e6a0adf2c3da96e19ab7b7,APPROVED,Not Applicable,2026-04-20T21:55:05Z,2026-04-20T22:08:59Z,2026-04-20T22:09:05Z,2026-04-20T22:09:00Z,834,C1OBW8XB,144,60,Female,Black,United States,United States,United States,English,No,Part-Time
7d7df71fed86,69e6a0b134efc939228d8fff,TIMED-OUT,Not Applicable,2026-04-20T21:55:02Z,NA,NA,2026-04-21T16:47:24Z,67942,NA,647,62,Female,Black,United States,United States,United States,English,DATA_EXPIRED,Full-Time
e40dddf2ae27,69e6a0bac128ce786b919b36,APPROVED,Not Applicable,2026-04-20T21:55:06Z,2026-04-20T22:08:21Z,2026-04-20T22:08:27Z,2026-04-20T22:08:22Z,795,C1OBW8XB,7510,48,Male,Black,United States,United States,United States,English,No,Full-Time
166f97f19b4a,69e6a0bafe1f070a86091b47,APPROVED,Not Applicable,2026-04-20T21:55:14Z,2026-04-20T22:03:50Z,2026-04-20T22:03:53Z,2026-04-20T22:03:51Z,516,C1OBW8XB,353,35,Male,Mixed,United States,United States,United States,English,No,Unemployed (and job seeking)
d83fea50312a,69e6a0be4971c4984cb0fb2d,APPROVED,Not Applicable,2026-04-20T21:56:02Z,2026-04-20T22:02:23Z,2026-04-20T22:02:26Z,2026-04-20T22:02:24Z,382,C1OBW8XB,5473,60,Male,White,United States,United States,United States,English,No,"Not in paid work (e.g. homemaker', 'retired or disabled)"
519335882ac8,69e6a0cf12648125db3ff533,APPROVED,Not Applicable,2026-04-20T21:55:32Z,2026-04-20T22:00:50Z,2026-04-20T22:00:52Z,2026-04-20T22:00:51Z,318,C1OBW8XB,374,58,Female,White,United States,United States,United States,English,No,Full-Time
5f07eae3bbe7,69e6a0d3d21bacf0660b36ae,APPROVED,Not Applicable,2026-04-20T21:57:12Z,2026-04-20T22:30:42Z,2026-04-20T22:30:45Z,2026-04-20T22:30:43Z,2010,C1OBW8XB,7828,43,Female,White,United States,United States,United States,English,No,Full-Time
888f566640f4,69e6a0d4cafad79ee08b3488,APPROVED,Not Applicable,2026-04-20T21:55:36Z,2026-04-20T22:02:18Z,2026-04-20T22:02:30Z,2026-04-20T22:02:19Z,403,C1OBW8XB,120,29,Female,White,United States,United States,United States,English,No,Due to start a new job within the next month
6c29799ac0bd,69e6a0d91cf86730ccb05dee,APPROVED,Not Applicable,2026-04-20T21:55:40Z,2026-04-20T22:00:22Z,2026-04-20T22:00:29Z,2026-04-20T22:00:23Z,282,C1OBW8XB,591,46,Female,Mixed,United States,United States,United States,English,No,Part-Time
7a8fa1f82d7e,69e6a0e4b07b64078b392580,APPROVED,Not Applicable,2026-04-20T21:55:48Z,2026-04-20T22:00:15Z,2026-04-20T22:00:33Z,2026-04-20T22:00:16Z,267,C1OBW8XB,7253,36,Female,Asian,United States,United States,United States,English,No,Full-Time
ef6c660fefc6,69e6a0e729aba56ec75f62ca,APPROVED,Not Applicable,2026-04-20T21:55:54Z,2026-04-20T22:03:27Z,2026-04-20T22:03:30Z,2026-04-20T22:03:29Z,454,C1OBW8XB,734,40,Male,White,United States,United States,United States,English,No,DATA_EXPIRED
242c2ba7d5db,69e6a0ecc9308bc6ec87a86e,APPROVED,Not Applicable,2026-04-20T21:59:13Z,2026-04-20T22:08:38Z,2026-04-20T22:08:42Z,2026-04-20T22:08:39Z,566,C1OBW8XB,4885,46,Male,Other,United States,United States,United States,Spanish,No,Full-Time
c978b6f0745a,69e6a0ed918c6904b1c97268,APPROVED,Not Applicable,2026-04-20T21:56:02Z,2026-04-20T22:02:11Z,2026-04-20T22:02:15Z,2026-04-20T22:02:13Z,370,C1OBW8XB,9117,64,Female,White,Germany,United States,United States,German,No,DATA_EXPIRED
5e3462529e52,69e6a0f8cafad79ee08b348f,APPROVED,Not Applicable,2026-04-20T22:00:20Z,2026-04-20T22:04:51Z,2026-04-20T22:04:55Z,2026-04-20T22:04:52Z,272,C1OBW8XB,11716,46,Male,White,United States,United States,United States,English,DATA_EXPIRED,DATA_EXPIRED
ae0a5f2b9b10,69e6a0fffbe6c6702971e90f,APPROVED,Not Applicable,2026-04-20T21:56:22Z,2026-04-20T22:07:26Z,2026-04-20T22:07:28Z,2026-04-20T22:07:27Z,665,C1OBW8XB,67,62,Female,White,United States,United States,United States,English,No,"Not in paid work (e.g. homemaker', 'retired or disabled)"
9688b9b7ae92,69e6a103b3d7f0cfd15df1a6,APPROVED,Not Applicable,2026-04-20T21:56:36Z,2026-04-20T22:04:37Z,2026-04-20T22:04:43Z,2026-04-20T22:04:38Z,482,C1OBW8XB,14163,61,Male,White,United States,United States,United States,English,No,Full-Time
8318e294a44e,69e6a10a1b6dd4456da1ac2b,APPROVED,Not Applicable,2026-04-20T21:56:29Z,2026-04-20T22:05:21Z,2026-04-20T22:05:23Z,2026-04-20T22:05:22Z,533,C1OBW8XB,249,25,Male,White,United States,United States,United States,English,No,Full-Time
c3ed97bd2e44,69e6a10c3fc69df3be132e56,APPROVED,Not Applicable,2026-04-20T21:56:32Z,2026-04-20T22:09:05Z,2026-04-20T22:09:09Z,2026-04-20T22:09:06Z,753,C1OBW8XB,399,41,Male,Black,United States,United States,United States,English,No,"Not in paid work (e.g. homemaker', 'retired or disabled)"
eb7d14c78216,69e6a110b3d7f0cfd15df1a9,APPROVED,Not Applicable,2026-04-20T21:56:41Z,2026-04-20T22:05:05Z,2026-04-20T22:05:06Z,2026-04-20T22:05:06Z,504,C1OBW8XB,1281,57,Female,White,United States,United States,United States,English,No,Other
bc7a3d2fc61e,69e6a11d896a47a9637b7d4f,APPROVED,Not Applicable,2026-04-20T21:56:50Z,2026-04-20T22:07:09Z,2026-04-20T22:07:18Z,2026-04-20T22:07:10Z,620,C1OBW8XB,2275,65,Female,White,United States,United States,United States,English,DATA_EXPIRED,DATA_EXPIRED
db984b9d8611,69e6a12802787a28a7b0faca,APPROVED,Not Applicable,2026-04-20T21:57:00Z,2026-04-20T22:03:18Z,2026-04-20T22:03:21Z,2026-04-20T22:03:19Z,379,C1OBW8XB,17004,41,Male,Black,United States,United States,United States,English,No,Full-Time
90ce6f0448c9,69e6a12948e1b13199fedf9a,APPROVED,Not Applicable,2026-04-20T21:57:02Z,2026-04-20T22:02:43Z,2026-04-20T22:02:49Z,2026-04-20T22:02:43Z,342,C1OBW8XB,5034,29,Male,White,United States,United States,United States,English,DATA_EXPIRED,DATA_EXPIRED
db5918d885d3,69e6a1344cfebb134bada49b,APPROVED,Not Applicable,2026-04-20T21:57:13Z,2026-04-20T22:05:00Z,2026-04-20T22:05:02Z,2026-04-20T22:05:01Z,467,C1OBW8XB,5819,60,Female,White,United States,United States,United States,English,No,Unemployed (and job seeking)
a66d1d2046d9,69e6a134f79bfc8579091b4c,APPROVED,Not Applicable,2026-04-20T21:57:14Z,2026-04-20T22:04:52Z,2026-04-20T22:04:58Z,2026-04-20T22:04:52Z,458,C1OBW8XB,843,41,Female,White,United States,United States,United States,English,No,Part-Time
02fbcba74136,69e6a137d7e0a1147f7532c4,APPROVED,Not Applicable,2026-04-20T21:57:18Z,2026-04-20T22:15:17Z,2026-04-20T22:15:19Z,2026-04-20T22:15:18Z,1079,C1OBW8XB,4291,55,Female,Mixed,United States,United States,United States,English,No,Full-Time
b94e8dcb69ab,69e6a13953e2b1bb07898215,APPROVED,Not Applicable,2026-04-20T21:57:13Z,2026-04-20T22:06:11Z,2026-04-20T22:06:15Z,2026-04-20T22:06:12Z,539,C1OBW8XB,7065,40,Male,Mixed,American Samoa,United States,American Samoa,English,No,Full-Time
191a6769bfcf,69e6a139e8cff03528e558f6,APPROVED,Not Applicable,2026-04-20T21:57:17Z,2026-04-20T22:04:44Z,2026-04-20T22:04:48Z,2026-04-20T22:04:46Z,448,C1OBW8XB,63,30,Female,Black,United States,United States,United States,English,No,Unemployed (and job seeking)
7904b34cda2d,69e6a14a94f3ff34726f6269,APPROVED,Not Applicable,2026-04-20T21:57:34Z,2026-04-20T22:03:23Z,2026-04-20T22:03:25Z,2026-04-20T22:03:24Z,350,C1OBW8XB,1353,56,Female,White,United States,United States,United States,English,No,Full-Time
e355082d73db,69e6a15489a3d903420ac6ce,APPROVED,Not Applicable,2026-04-20T21:57:47Z,2026-04-20T22:08:56Z,2026-04-20T22:09:01Z,2026-04-20T22:08:56Z,669,C1OBW8XB,1529,48,Male,White,United States,United States,United States,English,DATA_EXPIRED,DATA_EXPIRED
77f0514993f0,69e6a161a9bf12ecd9837724,APPROVED,Not Applicable,2026-04-20T21:57:58Z,2026-04-20T22:04:50Z,2026-04-20T22:04:52Z,2026-04-20T22:04:51Z,413,C1OBW8XB,3608,47,Male,Other,United States,United States,United States,English,No,Unemployed (and job seeking)
65653146323c,69e6a163909fa605008274f6,APPROVED,Not Applicable,2026-04-20T21:58:19Z,2026-04-20T22:09:52Z,2026-04-20T22:09:58Z,2026-04-20T22:09:53Z,694,C1OBW8XB,871,67,Male,White,United States,United States,United States,English,No,Part-Time
61f4a5e37c24,69e6a1654750e98c1f3ff520,APPROVED,Not Applicable,2026-04-20T21:59:03Z,2026-04-20T22:07:08Z,2026-04-20T22:07:11Z,2026-04-20T22:07:09Z,486,C1OBW8XB,24,22,Female,White,United States,United States,United States,English,No,"Not in paid work (e.g. homemaker', 'retired or disabled)"
77946581620f,69e6a16574299cf064f686a0,APPROVED,Not Applicable,2026-04-20T21:58:13Z,2026-04-20T22:09:59Z,2026-04-20T22:10:01Z,2026-04-20T22:10:00Z,707,C1OBW8XB,6277,69,Female,White,United States,United States,United States,English,No,Full-Time
2ed11f43df54,69e6a169e74511302f83ea52,APPROVED,Not Applicable,2026-04-20T21:58:08Z,2026-04-20T22:04:02Z,2026-04-20T22:04:06Z,2026-04-20T22:04:03Z,355,C1OBW8XB,13716,53,Female,White,United States,United States,United States,English,No,Part-Time
b41b01e4789f,69e6a16b67a4432e6e36eff5,APPROVED,Not Applicable,2026-04-20T21:58:08Z,2026-04-20T22:12:21Z,2026-04-20T22:12:23Z,2026-04-20T22:12:21Z,853,C1OBW8XB,3271,57,Female,White,United States,United States,United States,English,No,Full-Time
3decf115b266,69e6a16fe405d5ac6fabf792,APPROVED,Not Applicable,2026-04-20T21:58:11Z,2026-04-20T22:04:35Z,2026-04-20T22:04:42Z,2026-04-20T22:04:36Z,384,C1OBW8XB,6243,25,Female,White,United States,United States,United States,English,No,Full-Time
d10bfba3b237,69e6a172fa0937d4f0de656a,APPROVED,Not Applicable,2026-04-20T21:58:15Z,2026-04-20T22:02:58Z,2026-04-20T22:03:00Z,2026-04-20T22:02:59Z,283,C1OBW8XB,1744,49,Female,White,United States,United States,United States,English,No,Full-Time
1adc84fcfcbf,69e6a17d08ec31fd3dfa0477,APPROVED,Not Applicable,2026-04-20T21:58:33Z,2026-04-20T22:06:05Z,2026-04-20T22:06:11Z,2026-04-20T22:06:06Z,453,C1OBW8XB,7299,70,Male,White,United States,United States,United States,English,DATA_EXPIRED,DATA_EXPIRED
ebb3bff258af,69e6a17e58506fad7ede9a93,APPROVED,Not Applicable,2026-04-20T21:58:29Z,2026-04-20T22:06:12Z,2026-04-20T22:06:18Z,2026-04-20T22:06:12Z,464,C1OBW8XB,1048,28,Male,Black,United States,United States,United States,English,Yes,Full-Time
68c70bc18813,69e6a17e5853544c1bade2c3,APPROVED,Not Applicable,2026-04-20T21:59:51Z,2026-04-20T22:07:52Z,2026-04-20T22:07:58Z,2026-04-20T22:07:53Z,482,C1OBW8XB,229,22,Female,Black,Kenya,United States,Kenya,Swahili,Yes,Unemployed (and job seeking)
88251ab39daa,69e6a1845341f20ead8f984d,APPROVED,Not Applicable,2026-04-20T21:58:35Z,2026-04-20T22:07:20Z,2026-04-20T22:07:23Z,2026-04-20T22:07:21Z,526,C1OBW8XB,922,61,Female,White,United States,United States,United States,English,No,"Not in paid work (e.g. homemaker', 'retired or disabled)"
403c94009bc7,69e6a1851bbe97f3e9baaaba,RETURNED,Not Applicable,2026-04-20T21:58:45Z,NA,NA,2026-04-21T16:47:24Z,NA,NA,9,CONSENT_REVOKED,CONSENT_REVOKED,CONSENT_REVOKED,CONSENT_REVOKED,CONSENT_REVOKED,CONSENT_REVOKED,CONSENT_REVOKED,CONSENT_REVOKED,CONSENT_REVOKED
b352bd563a50,69e6a1879f1fedb1a35eaff1,APPROVED,Not Applicable,2026-04-20T21:58:44Z,2026-04-20T22:05:26Z,2026-04-20T22:05:29Z,2026-04-20T22:05:27Z,403,C1OBW8XB,11473,84,Male,White,United States,United States,United States,English,No,"Not in paid work (e.g. homemaker', 'retired or disabled)"
0b5048ad9e11,69e6a18f1d900707518274ed,APPROVED,Not Applicable,2026-04-20T21:58:43Z,2026-04-20T22:02:41Z,2026-04-21T15:45:18Z,2026-04-20T22:02:42Z,239,C1OBW8XB,2098,22,Female,Black,United States,United States,United States,English,DATA_EXPIRED,Unemployed (and job seeking)
c8a70c7e1650,69e6a1a5d03e3f98ef9a4305,APPROVED,Not Applicable,2026-04-20T21:59:10Z,2026-04-20T22:06:05Z,2026-04-20T22:06:07Z,2026-04-20T22:06:06Z,415,C1OBW8XB,7222,45,Male,Mixed,United States,United States,United States,English,Yes,Full-Time
3e46dea90d67,69e6a1a61cab102903057af9,RETURNED,Not Applicable,NA,NA,NA,2026-04-21T16:47:24Z,NA,NA,4181,CONSENT_REVOKED,CONSENT_REVOKED,CONSENT_REVOKED,CONSENT_REVOKED,CONSENT_REVOKED,CONSENT_REVOKED,CONSENT_REVOKED,CONSENT_REVOKED,CONSENT_REVOKED
7ac2775b3d65,69e6a1a850ee1eff1ee5507a,APPROVED,Not Applicable,2026-04-20T21:59:04Z,2026-04-20T22:13:52Z,2026-04-20T22:14:01Z,2026-04-20T22:13:53Z,889,C1OBW8XB,366,55,Male,Mixed,United States,United States,United States,English,No,Other
57c1b484d083,69e6a1a89a28f7d48048e11d,APPROVED,Not Applicable,2026-04-20T21:59:08Z,2026-04-20T22:05:55Z,2026-04-20T22:05:59Z,2026-04-20T22:05:56Z,407,C1OBW8XB,2823,45,Female,Mixed,United States,United States,United States,English,Yes,Unemployed (and job seeking)
2c8b648e73fb,69e6a1a9ed15ee044d4bcf0d,APPROVED,Not Applicable,2026-04-20T21:59:09Z,2026-04-20T22:02:57Z,2026-04-21T15:45:31Z,2026-04-20T22:02:58Z,229,C1OBW8XB,1073,21,Male,White,United States,United States,United States,English,Yes,Other
315e45382169,69e6a1ac4fb072ba7f4c1b69,APPROVED,Not Applicable,2026-04-20T21:59:14Z,2026-04-20T22:07:44Z,2026-04-20T22:07:48Z,2026-04-20T22:07:45Z,511,C1OBW8XB,8483,25,Male,Mixed,United States,United States,United States,English,Yes,Part-Time
985267d6aa0c,69e6a1b21d02d9b7ed5f1ec3,APPROVED,Not Applicable,2026-04-20T21:59:21Z,2026-04-20T22:11:54Z,2026-04-20T22:11:56Z,2026-04-20T22:11:54Z,753,C1OBW8XB,463,67,Female,White,United States,United States,United States,English,No,"Not in paid work (e.g. homemaker', 'retired or disabled)"
52187353eae2,69e6a1b6f68f1e61105961a0,APPROVED,Not Applicable,2026-04-20T21:59:58Z,2026-04-20T22:07:50Z,2026-04-20T22:07:54Z,2026-04-20T22:07:51Z,473,C1OBW8XB,401,23,Female,Mixed,United States,United States,United States,English,No,Unemployed (and job seeking)
4c51da498e1b,69e6a1ba117b846458e8285c,APPROVED,Not Applicable,2026-04-20T21:59:25Z,2026-04-20T22:06:36Z,2026-04-20T22:06:37Z,2026-04-20T22:06:36Z,431,C1OBW8XB,104,21,Female,Asian,United States,United States,United States,English,Yes,Other
d4e8f0e44803,69e6a1d94f46a70804faa75c,APPROVED,Not Applicable,2026-04-20T22:00:01Z,2026-04-20T22:10:16Z,2026-04-20T22:10:17Z,2026-04-20T22:10:17Z,616,C1OBW8XB,6697,42,Female,Black,United States,United States,United States,English,No,Full-Time
2283da28e817,69e6a1e487202fd6f185a9cb,APPROVED,Not Applicable,2026-04-20T22:00:09Z,2026-04-20T22:11:22Z,2026-04-20T22:11:24Z,2026-04-20T22:11:23Z,674,C1OBW8XB,708,55,Male,Asian,China,United States,United States,Chinese,No,Full-Time
40fcae847bfc,69e6a1eac07cd1460e7f8271,APPROVED,Not Applicable,2026-04-20T22:00:15Z,2026-04-20T22:04:26Z,2026-04-20T22:04:30Z,2026-04-20T22:04:28Z,252,C1OBW8XB,3615,68,Female,White,United States,United States,United States,English,No,Part-Time
10f3ad9c5928,69e6a1eb8c63649f97ade2de,APPROVED,Not Applicable,2026-04-20T22:00:15Z,2026-04-20T22:05:30Z,2026-04-20T22:05:34Z,2026-04-20T22:05:31Z,315,C1OBW8XB,222,19,Male,White,United States,United States,United States,English,Yes,Other
3e21d4f81b96,69e6a1f4d923b5226ee7e076,APPROVED,Not Applicable,2026-04-20T22:00:30Z,2026-04-20T22:08:52Z,2026-04-20T22:08:54Z,2026-04-20T22:08:53Z,502,C1OBW8XB,1738,48,Male,White,United States,United States,United States,English,No,Full-Time
f3dceed39c43,69e6a1f96a3cdf190336634b,APPROVED,Not Applicable,2026-04-20T22:00:34Z,2026-04-20T22:09:28Z,2026-04-20T22:09:32Z,2026-04-20T22:09:29Z,535,C1OBW8XB,95,31,Female,Black,Somalia,United States,United States,English,Yes,Full-Time
9be7738d0e35,69e6a208db8b135b54daccb3,APPROVED,Not Applicable,2026-04-20T22:10:03Z,2026-04-20T22:20:04Z,2026-04-20T22:20:08Z,2026-04-20T22:20:05Z,601,C1OBW8XB,640,23,Male,White,United States,United States,United States,English,Yes,Part-Time
3d538bc97b8c,69e6a20c10c5bd4d41f3dd0c,APPROVED,Not Applicable,2026-04-20T22:00:49Z,2026-04-20T22:07:32Z,2026-04-20T22:07:34Z,2026-04-20T22:07:32Z,403,C1OBW8XB,8,35,Male,Black,United States,United States,United States,English,No,Unemployed (and job seeking)
c98559aa6261,69e6a20d1a78db8907c81c8c,APPROVED,Not Applicable,2026-04-20T22:00:56Z,2026-04-20T22:08:10Z,2026-04-20T22:08:13Z,2026-04-20T22:08:11Z,435,C1OBW8XB,33,50,Male,White,United States,United States,United States,English,No,Unemployed (and job seeking)
4bd43c830bd2,69e6a21389a3d903420ac6f2,APPROVED,Not Applicable,2026-04-20T22:00:55Z,2026-04-20T22:06:21Z,2026-04-20T22:06:23Z,2026-04-20T22:06:22Z,327,C1OBW8XB,3140,60,Male,White,United States,United States,United States,English,No,DATA_EXPIRED
387a10f40776,69e6a21717684076ab8b38af,APPROVED,Not Applicable,2026-04-20T22:01:02Z,2026-04-20T22:04:57Z,2026-04-21T15:45:43Z,2026-04-20T22:04:58Z,236,C1OBW8XB,2060,37,Female,Other,United States,United States,United States,English,No,Part-Time
06fd13b933e5,69e6a21a87202fd6f185a9cf,APPROVED,Not Applicable,2026-04-20T22:01:02Z,2026-04-20T22:07:16Z,2026-04-20T22:07:27Z,2026-04-20T22:07:17Z,374,C1OBW8XB,92,18,Female,White,United States,United States,United States,English,Yes,Unemployed (and job seeking)
3cc23f3c8fda,69e6a21ce08ad7ed7e3acca8,APPROVED,Not Applicable,2026-04-20T22:01:03Z,2026-04-20T22:04:33Z,2026-04-21T15:45:55Z,2026-04-20T22:04:34Z,210,C1OBW8XB,762,18,Male,Black,Nigeria,United States,Nigeria,English,Yes,Unemployed (and job seeking)
b7c2c2f31e9f,69e6a22956d79e57326de712,APPROVED,Not Applicable,2026-04-20T22:01:17Z,2026-04-20T22:07:10Z,2026-04-20T22:07:21Z,2026-04-20T22:07:11Z,354,C1OBW8XB,2082,25,Male,White,Japan,United States,United States,English,DATA_EXPIRED,DATA_EXPIRED
4efcd2dd7dff,69e6a242956658d598853d6f,APPROVED,Not Applicable,2026-04-20T22:01:44Z,2026-04-20T22:09:52Z,2026-04-20T22:09:53Z,2026-04-20T22:09:52Z,488,C1OBW8XB,4075,61,Female,White,United States,United States,United States,English,No,Full-Time
c2d14fa1d224,69e6a247cc7a167ada5434ea,APPROVED,Not Applicable,2026-04-20T22:01:49Z,2026-04-20T22:07:38Z,2026-04-20T22:07:41Z,2026-04-20T22:07:39Z,350,C1OBW8XB,17010,55,Male,White,United States,United States,United States,English,Yes,Full-Time
cb4348f1f01e,69e6a24a465b5497a6b5f56c,APPROVED,Not Applicable,2026-04-20T22:01:49Z,2026-04-20T22:13:50Z,2026-04-20T22:13:53Z,2026-04-20T22:13:51Z,722,C1OBW8XB,480,31,Female,Mixed,United States,United States,United States,English,No,Full-Time
04f2fc54b40c,69e6a24d979b1e45f8dec920,APPROVED,Not Applicable,2026-04-20T22:01:56Z,2026-04-20T22:10:18Z,2026-04-20T22:10:21Z,2026-04-20T22:10:19Z,503,C1OBW8XB,5802,47,Male,White,United States,United States,United States,English,No,Full-Time
d9db1acce3aa,69e6a25594f3ff34726f6284,APPROVED,Not Applicable,2026-04-20T22:02:02Z,2026-04-20T22:08:20Z,2026-04-20T22:08:22Z,2026-04-20T22:08:20Z,378,C1OBW8XB,6788,56,Male,Asian,United Kingdom,United States,United Kingdom,English,No,Full-Time
cc48dafe8234,69e6a2687ce920adce179347,APPROVED,Not Applicable,2026-04-20T22:02:21Z,2026-04-20T22:10:57Z,2026-04-20T22:11:00Z,2026-04-20T22:10:58Z,517,C1OBW8XB,497,36,Female,White,United States,United States,United States,English,No,Full-Time
ae61c193b23b,69e6a26d58506fad7ede9aa7,APPROVED,Not Applicable,2026-04-20T22:03:18Z,2026-04-20T22:17:07Z,2026-04-20T22:17:11Z,2026-04-20T22:17:08Z,829,C1OBW8XB,282,35,Female,Asian,United States,United States,United States,English,No,Other
2e8700ae94f8,69e6a272aa613f75f059720b,APPROVED,Not Applicable,2026-04-20T22:04:06Z,2026-04-20T22:09:57Z,2026-04-20T22:10:03Z,2026-04-20T22:09:58Z,352,C1OBW8XB,8505,62,Female,White,Poland,United States,United States,Polish,No,Unemployed (and job seeking)
49e7d4cdd20b,69e6a275b44800f826365f9f,APPROVED,Not Applicable,2026-04-20T22:02:36Z,2026-04-20T22:08:33Z,2026-04-20T22:08:37Z,2026-04-20T22:08:34Z,358,C1OBW8XB,1210,40,Female,Black,Nigeria,United States,Nigeria,English,No,Full-Time
6e7e16884ec9,69e6a27adadd8a41fadb0487,APPROVED,Not Applicable,2026-04-20T22:02:47Z,2026-04-20T22:09:33Z,2026-04-20T22:09:36Z,2026-04-20T22:09:34Z,407,C1OBW8XB,9334,53,Female,Black,United States,United States,United States,English,No,Full-Time
94df84f28b96,69e6a28063fb863b79201f36,APPROVED,Not Applicable,2026-04-20T22:03:00Z,2026-04-20T22:12:24Z,2026-04-20T22:12:26Z,2026-04-20T22:12:25Z,565,C1OBW8XB,372,65,Male,White,United States,United States,United States,English,No,"Not in paid work (e.g. homemaker', 'retired or disabled)"
43e68c8967ae,69e6a280b9bf8c5765954db0,APPROVED,Not Applicable,2026-04-20T22:02:47Z,2026-04-20T22:09:43Z,2026-04-20T22:09:44Z,2026-04-20T22:09:44Z,416,C1OBW8XB,446,55,Male,Asian,United States,United States,United States,English,No,Full-Time
adc35e71bada,69e6a292aa45d9edb042ae8d,APPROVED,Not Applicable,2026-04-20T22:03:37Z,2026-04-20T22:13:58Z,2026-04-20T22:14:04Z,2026-04-20T22:13:59Z,621,C1OBW8XB,2750,35,Female,White,United States,United States,United States,English,No,Full-Time
6fc7986f5d07,69e6a29c61a66b677fefcc50,APPROVED,Not Applicable,2026-04-20T22:05:22Z,2026-04-20T22:23:16Z,2026-04-20T22:23:18Z,2026-04-20T22:23:16Z,1074,C1OBW8XB,361,26,Female,Black,United States,United States,United States,English,Yes,Unemployed (and job seeking)
f78870905ca1,69e6a2a0bcad7eb78055d733,APPROVED,Not Applicable,2026-04-20T22:03:32Z,2026-04-20T22:16:48Z,2026-04-20T22:16:49Z,2026-04-20T22:16:49Z,797,C1OBW8XB,3008,26,Male,Mixed,Madagascar,United States,United States,English,No,Full-Time
f353ee0aeecf,69e6a2a237799d40e9a17559,APPROVED,Not Applicable,2026-04-20T22:03:21Z,2026-04-20T22:10:08Z,2026-04-20T22:10:10Z,2026-04-20T22:10:09Z,407,C1OBW8XB,2295,58,Female,White,United States,United States,United States,English,No,Full-Time
866659560937,69e6a2b2fbd65c920f4324b8,APPROVED,Not Applicable,2026-04-20T22:03:37Z,2026-04-20T22:10:37Z,2026-04-20T22:10:40Z,2026-04-20T22:10:38Z,421,C1OBW8XB,633,62,Female,White,United States,United States,United States,English,No,"Not in paid work (e.g. homemaker', 'retired or disabled)"
81fbf2ea2892,69e6a2ba61642d9ffccb6d7a,APPROVED,Not Applicable,2026-04-20T22:04:25Z,2026-04-20T22:10:43Z,2026-04-20T22:10:46Z,2026-04-20T22:10:45Z,379,C1OBW8XB,11,25,Female,White,United States,United States,United States,English,No,Full-Time
490199e4e9de,69e6a2bc46c161b5bac972b0,APPROVED,Not Applicable,2026-04-20T22:03:44Z,2026-04-20T22:11:52Z,2026-04-20T22:11:54Z,2026-04-20T22:11:53Z,488,C1OBW8XB,1126,57,Female,Asian,India,United States,India,English,No,Part-Time
f87ccbdff5fa,69e6a2dc2d40ef5f6b0d1a75,APPROVED,Not Applicable,2026-04-20T22:04:16Z,2026-04-20T22:10:58Z,2026-04-20T22:11:04Z,2026-04-20T22:10:59Z,402,C1OBW8XB,781,28,Male,Asian,United States,United States,Korea,English,No,Due to start a new job within the next month
763c72bfae7c,69e6a2de801367f1e04108b7,APPROVED,Not Applicable,2026-04-20T22:04:19Z,2026-04-20T22:10:49Z,2026-04-20T22:10:53Z,2026-04-20T22:10:50Z,390,C1OBW8XB,15,18,Female,Mixed,United States,United States,DATA_EXPIRED,English,Yes,Unemployed (and job seeking)
f9c6555b1e60,69e6a2fa2c2fa3f075c2647e,APPROVED,Not Applicable,2026-04-20T22:04:45Z,2026-04-20T22:11:39Z,2026-04-20T22:11:41Z,2026-04-20T22:11:39Z,414,C1OBW8XB,303,22,Female,Other,United States,United States,United States,English,Yes,Unemployed (and job seeking)
bd5c1a192314,69e6a3197b79fc8ee69eb4d6,APPROVED,Not Applicable,2026-04-20T22:05:18Z,2026-04-20T22:12:15Z,2026-04-20T22:12:19Z,2026-04-20T22:12:16Z,418,C1OBW8XB,5599,46,Male,White,United States,United States,United States,English,No,Part-Time
01dd01229010,69e6a31c2c2fa3f075c26483,APPROVED,Not Applicable,2026-04-20T22:05:22Z,2026-04-20T22:13:38Z,2026-04-20T22:13:41Z,2026-04-20T22:13:38Z,497,C1OBW8XB,9142,33,Male,White,United States,United States,United States,English,No,Full-Time
5797b4c4ec63,69e6a3206ef508d36516b973,APPROVED,Not Applicable,2026-04-20T22:06:40Z,2026-04-20T22:15:34Z,2026-04-20T22:15:39Z,2026-04-20T22:15:35Z,535,C1OBW8XB,983,53,Female,White,United States,United States,United States,English,No,Part-Time
1841073b5cf4,69e6a325c6f9abbe4adaf462,APPROVED,Not Applicable,2026-04-20T22:05:25Z,2026-04-20T22:36:52Z,2026-04-20T22:36:56Z,2026-04-20T22:36:53Z,1888,C1OBW8XB,4424,65,Female,White,United States,United States,United States,English,DATA_EXPIRED,DATA_EXPIRED
6a1d246b4ec5,69e6a35d1d02d9b7ed5f1f03,APPROVED,Not Applicable,2026-04-20T22:06:25Z,2026-04-20T22:14:04Z,2026-04-20T22:14:06Z,2026-04-20T22:14:05Z,459,C1OBW8XB,599,25,Male,White,United States,United States,United States,English,Yes,Other
2d225c030dca,69e6a3622572f814aaf0b57a,APPROVED,Not Applicable,2026-04-20T22:07:01Z,2026-04-20T22:28:53Z,2026-04-20T22:28:55Z,2026-04-20T22:28:54Z,1312,C1OBW8XB,3368,64,Female,White,United States,United States,United States,English,No,Part-Time
e495e93040d7,69e6a38007429daac30bb8b1,APPROVED,Not Applicable,2026-04-20T22:07:00Z,2026-04-20T22:14:17Z,2026-04-20T22:14:21Z,2026-04-20T22:14:18Z,437,C1OBW8XB,473,33,Male,White,United States,United States,United States,English,No,Unemployed (and job seeking)
c0a969c05b39,69e6a386c4b94f0d78125a20,APPROVED,Not Applicable,2026-04-20T22:07:07Z,2026-04-20T22:14:09Z,2026-04-20T22:14:13Z,2026-04-20T22:14:11Z,423,C1OBW8XB,4935,67,Male,White,United States,United States,United States,English,No,"Not in paid work (e.g. homemaker', 'retired or disabled)"
784f17b0cd8f,69e6a3943112a8c8c26df38b,APPROVED,Not Applicable,2026-04-20T22:07:29Z,2026-04-20T22:17:30Z,2026-04-20T22:17:32Z,2026-04-20T22:17:31Z,601,C1OBW8XB,37,71,Female,White,United States,United States,United States,English,No,"Not in paid work (e.g. homemaker', 'retired or disabled)"
78d335ffc686,69e6a39a8916a1e31f1361d4,APPROVED,Not Applicable,2026-04-20T22:07:40Z,2026-04-20T22:17:45Z,2026-04-20T22:17:47Z,2026-04-20T22:17:46Z,605,C1OBW8XB,92,18,Female,Mixed,United States,United States,United States,English,Yes,Unemployed (and job seeking)
206d6e344533,69e6a3b2419e9662342819c2,APPROVED,Not Applicable,2026-04-20T22:07:52Z,2026-04-20T22:15:01Z,2026-04-20T22:15:06Z,2026-04-20T22:15:02Z,429,C1OBW8XB,891,23,Male,Asian,Indonesia,United States,Indonesia,Indonesian,No,Unemployed (and job seeking)
47b4baa864e6,69e6a3bb07cac2fedae029d3,APPROVED,Not Applicable,2026-04-20T22:07:58Z,2026-04-20T22:14:29Z,2026-04-20T22:14:32Z,2026-04-20T22:14:30Z,391,C1OBW8XB,6,30,Female,Other,Turkey,United States,Turkey,Turkish,No,Full-Time
ec3971b1e97d,69e6a3bd1700632d89af2e21,APPROVED,Not Applicable,2026-04-20T22:08:01Z,2026-04-20T22:15:05Z,2026-04-20T22:15:11Z,2026-04-20T22:15:06Z,424,C1OBW8XB,197,41,Female,White,United States,United States,United States,English,No,Unemployed (and job seeking)
8c1377e9c925,69e6a3cdfcb715b496eb17ca,RETURNED,Not Applicable,2026-04-20T22:08:19Z,NA,NA,2026-04-21T16:47:24Z,NA,NA,1638,CONSENT_REVOKED,CONSENT_REVOKED,CONSENT_REVOKED,CONSENT_REVOKED,CONSENT_REVOKED,CONSENT_REVOKED,CONSENT_REVOKED,CONSENT_REVOKED,CONSENT_REVOKED
78f0dd56554f,69e6a3d0f05301ddee3939fe,APPROVED,Not Applicable,2026-04-20T22:08:22Z,2026-04-20T22:15:48Z,2026-04-20T22:15:50Z,2026-04-20T22:15:49Z,446,C1OBW8XB,34,35,Female,Other,United States,United States,United States,English,No,Full-Time
949b4243bfde,69e6a3d70ec1ac409174d1cd,APPROVED,Not Applicable,2026-04-20T22:08:40Z,2026-04-20T22:19:03Z,2026-04-20T22:19:09Z,2026-04-20T22:19:04Z,624,C1OBW8XB,7064,59,Male,White,United States,United States,United States,English,No,Full-Time
c5f8f2cf417c,69e6a3d89b26b2ed0212d10b,APPROVED,Not Applicable,2026-04-20T22:08:24Z,2026-04-20T22:13:48Z,2026-04-20T22:13:50Z,2026-04-20T22:13:49Z,325,C1OBW8XB,12888,39,Male,Mixed,United States,United States,United States,English,DATA_EXPIRED,Full-Time
14d07212539b,69e6a3da5fd4908200366b81,APPROVED,Not Applicable,2026-04-20T22:08:31Z,2026-04-20T22:12:23Z,2026-04-21T15:46:44Z,2026-04-20T22:12:23Z,233,C1OBW8XB,5115,43,Male,White,United States,United States,United States,English,No,Full-Time
211877a252fe,69e6a3e6b51a3766d865175d,APPROVED,Not Applicable,2026-04-20T22:09:29Z,2026-04-20T22:20:12Z,2026-04-20T22:20:15Z,2026-04-20T22:20:13Z,644,C1OBW8XB,398,72,Male,White,United States,United States,United States,English,No,"Not in paid work (e.g. homemaker', 'retired or disabled)"
5968825eb8af,69e6a3ed1bd5a7d830f93c90,APPROVED,Not Applicable,2026-04-20T22:08:49Z,2026-04-20T22:13:39Z,2026-04-20T22:13:45Z,2026-04-20T22:13:40Z,291,C1OBW8XB,696,28,Male,White,United States,United States,United States,English,Yes,Full-Time
79c14e865f42,69e6a3efd8f17e35999eb4bd,APPROVED,Not Applicable,2026-04-20T22:08:53Z,2026-04-20T22:13:39Z,2026-04-20T22:13:45Z,2026-04-20T22:13:40Z,287,C1OBW8XB,526,56,Male,White,United States,United States,United States,English,No,"Not in paid work (e.g. homemaker', 'retired or disabled)"
909c9f898054,69e6a3fded596aaa6b7ad8fd,APPROVED,Not Applicable,2026-04-20T22:09:05Z,2026-04-20T22:15:44Z,2026-04-20T22:15:47Z,2026-04-20T22:15:44Z,399,C1OBW8XB,4376,73,Female,White,United States,United States,United States,English,No,Part-Time
fc4efd6f311e,69e6a4272572f814aaf0b594,APPROVED,Not Applicable,2026-04-20T22:09:50Z,2026-04-20T22:18:39Z,2026-04-20T22:18:40Z,2026-04-20T22:18:39Z,529,C1OBW8XB,244,49,Female,White,United States,United States,United States,English,No,Part-Time
7128839c00c2,69e6a445dea93b9ae015146f,APPROVED,Not Applicable,2026-04-20T22:10:18Z,2026-04-20T22:19:04Z,2026-04-20T22:19:10Z,2026-04-20T22:19:04Z,527,C1OBW8XB,3359,23,Male,White,United States,United States,United States,English,DATA_EXPIRED,DATA_EXPIRED
f5f899042bd2,69e6a45518bc252620057a9e,APPROVED,Not Applicable,2026-04-20T22:10:41Z,2026-04-20T22:18:23Z,2026-04-20T22:18:27Z,2026-04-20T22:18:24Z,463,C1OBW8XB,9719,69,Female,White,United States,United States,Armenia,English,No,DATA_EXPIRED
0c78df3264a2,69e6a456801367f1e04108e6,APPROVED,Not Applicable,2026-04-20T22:10:53Z,2026-04-20T22:27:38Z,2026-04-20T22:27:42Z,2026-04-20T22:27:39Z,1005,C1OBW8XB,1294,56,Male,White,United States,United States,United States,English,DATA_EXPIRED,DATA_EXPIRED
551dc9da9ad2,69e6a45c2d107a7afa73f07b,APPROVED,Not Applicable,2026-04-20T22:10:49Z,2026-04-20T22:19:20Z,2026-04-20T22:19:22Z,2026-04-20T22:19:22Z,512,C1OBW8XB,7992,62,Female,White,United States,United States,United States,English,No,Full-Time
9098c8a295e9,69e6a46ea3c89f3afaf0b5a5,APPROVED,Not Applicable,2026-04-20T22:10:58Z,2026-04-20T22:17:36Z,2026-04-20T22:17:37Z,2026-04-20T22:17:37Z,399,C1OBW8XB,227,52,Male,White,United States,United States,United States,English,No,Full-Time
f06b36da5c40,69e6a478554378a16d8034d4,APPROVED,Not Applicable,2026-04-20T22:11:13Z,2026-04-20T22:16:59Z,2026-04-20T22:17:02Z,2026-04-20T22:17:00Z,346,C1OBW8XB,2634,37,Female,White,United States,United States,United States,English,No,DATA_EXPIRED
db9fc517942c,69e6a4875394c1f3bab48e22,APPROVED,Not Applicable,2026-04-20T22:11:24Z,2026-04-20T22:22:38Z,2026-04-20T22:22:42Z,2026-04-20T22:22:39Z,675,C1OBW8XB,2746,55,Female,Asian,Korea,United States,United States,Korean,No,Full-Time
468c8d96c64b,69e6a4920e46051bb66a70da,APPROVED,Not Applicable,2026-04-20T22:11:42Z,2026-04-20T22:18:00Z,2026-04-20T22:18:02Z,2026-04-20T22:18:01Z,379,C1OBW8XB,15,22,Male,Mixed,United States,United States,Puerto Rico,English,No,Unemployed (and job seeking)
e6208eaa2d7f,69e6a4bbd037f58aa50c67aa,APPROVED,Not Applicable,2026-04-20T22:12:18Z,2026-04-20T22:19:02Z,2026-04-20T22:19:05Z,2026-04-20T22:19:03Z,404,C1OBW8XB,9454,55,Male,Black,United States,United States,United States,English,No,Full-Time
2268d99b70ad,69e6a4c96505f49a22300b2d,APPROVED,Not Applicable,2026-04-20T22:12:31Z,2026-04-20T22:19:50Z,2026-04-20T22:19:53Z,2026-04-20T22:19:51Z,439,C1OBW8XB,23,30,Female,White,United States,United States,United States,English,No,Unemployed (and job seeking)
85daf994b048,69e6a4ccd95baa9d5b179388,APPROVED,Not Applicable,2026-04-20T22:12:36Z,2026-04-20T22:18:03Z,2026-04-20T22:18:06Z,2026-04-20T22:18:03Z,327,C1OBW8XB,36,69,Male,White,United States,United States,United States,English,No,Part-Time
09d381d74544,69e6a502b9bf8c5765954dfe,APPROVED,Not Applicable,2026-04-20T22:13:37Z,2026-04-20T22:20:07Z,2026-04-20T22:20:13Z,2026-04-20T22:20:08Z,390,C1OBW8XB,4166,43,Female,White,United States,United States,United States,English,No,Full-Time
8511dbcb2b9b,69e6a5054d86d01d3492153c,APPROVED,Not Applicable,2026-04-20T22:13:28Z,2026-04-20T22:20:20Z,2026-04-20T22:20:23Z,2026-04-20T22:20:20Z,412,C1OBW8XB,34,25,Male,Mixed,United States,United States,United States,English,No,Full-Time
98389a56f965,69e6a512307eef93d0180b89,APPROVED,Not Applicable,2026-04-20T22:13:44Z,2026-04-20T22:19:59Z,2026-04-20T22:20:03Z,2026-04-20T22:20:00Z,376,C1OBW8XB,94,50,Female,Other,Turkey,United States,United States,Turkish,No,Full-Time
81214416247f,69e6a51943c6677f5b332561,APPROVED,Not Applicable,2026-04-20T22:13:58Z,2026-04-20T22:31:09Z,2026-04-20T22:31:10Z,2026-04-20T22:31:10Z,1032,C1OBW8XB,2120,53,Male,Black,United States,United States,United States,English,Yes,Part-Time
af7c732d9802,69e6a5290ac1023df9d57b17,TIMED-OUT,Not Applicable,2026-04-20T22:14:05Z,NA,NA,2026-04-21T16:47:24Z,66800,NA,639,22,Female,White,United States,United States,United States,English,DATA_EXPIRED,DATA_EXPIRED
3f63b553ddc9,69e6a52c995dad70ba8ffcf3,APPROVED,Not Applicable,2026-04-20T22:14:10Z,2026-04-20T22:26:07Z,2026-04-20T22:26:10Z,2026-04-20T22:26:07Z,717,C1OBW8XB,835,61,Male,White,United States,United States,United States,English,No,"Not in paid work (e.g. homemaker', 'retired or disabled)"
6ff67d67254e,69e6a53649cad188797ad876,APPROVED,Not Applicable,2026-04-20T22:14:22Z,2026-04-20T22:23:06Z,2026-04-20T22:23:07Z,2026-04-20T22:23:06Z,524,C1OBW8XB,1372,57,Female,White,United States,United States,United States,English,No,Unemployed (and job seeking)
cce25abb230a,69e6a5432d107a7afa73f099,APPROVED,Not Applicable,2026-04-20T22:14:32Z,2026-04-20T22:22:03Z,2026-04-20T22:22:06Z,2026-04-20T22:22:04Z,451,C1OBW8XB,450,67,Female,White,Germany,United States,Germany,German,No,"Not in paid work (e.g. homemaker', 'retired or disabled)"
ab34961c8305,69e6a57b14764c2194bb3338,APPROVED,Not Applicable,2026-04-20T22:15:47Z,2026-04-20T22:26:59Z,2026-04-20T22:27:03Z,2026-04-20T22:27:01Z,672,C1OBW8XB,781,80,Male,White,United States,United States,United States,English,No,"Not in paid work (e.g. homemaker', 'retired or disabled)"
ef914981fe19,69e6a580a4d019392b5466bc,APPROVED,Not Applicable,2026-04-20T22:15:28Z,2026-04-20T22:22:14Z,2026-04-20T22:22:18Z,2026-04-20T22:22:15Z,407,C1OBW8XB,7593,56,Male,White,United States,United States,United States,English,No,Unemployed (and job seeking)
de6f6fdb2ceb,69e6a59a74014296e0b58fcb,APPROVED,Not Applicable,2026-04-20T22:15:58Z,2026-04-20T22:22:07Z,2026-04-20T22:22:09Z,2026-04-20T22:22:08Z,369,C1OBW8XB,823,42,Female,White,United States,United States,United States,English,No,Other
9d0ec3dd7912,69e6a5a0dad27b4dfdf7938b,APPROVED,Not Applicable,2026-04-20T22:16:51Z,2026-04-20T22:28:58Z,2026-04-20T22:29:00Z,2026-04-20T22:28:59Z,728,C1OBW8XB,289,43,Male,Other,United States,United States,United States,English,No,Full-Time
954513876aa7,69e6a5be44ed925f266b252e,APPROVED,Not Applicable,2026-04-20T22:16:38Z,2026-04-20T22:27:48Z,2026-04-20T22:27:51Z,2026-04-20T22:27:48Z,670,C1OBW8XB,164,59,Male,Black,United States,United States,United States,English,No,Part-Time
65c2fd8357b2,69e6a5ddc3e3fab54da2b92d,APPROVED,Not Applicable,2026-04-20T22:17:12Z,2026-04-20T22:32:50Z,2026-04-20T22:32:52Z,2026-04-20T22:32:52Z,939,C1OBW8XB,783,57,Female,Mixed,United States,United States,United States,English,Yes,Full-Time
c75b6fad7715,69e6a5fc6cffbbcac55a8121,APPROVED,Not Applicable,2026-04-20T22:17:39Z,2026-04-20T22:25:10Z,2026-04-20T22:25:13Z,2026-04-20T22:25:11Z,451,C1OBW8XB,201,82,Male,White,United States,United States,United States,English,No,"Not in paid work (e.g. homemaker', 'retired or disabled)"
912ed7134c22,69e6a6029e95ec11cf49492b,APPROVED,Not Applicable,2026-04-20T22:18:09Z,2026-04-20T22:27:36Z,2026-04-20T22:27:38Z,2026-04-20T22:27:36Z,568,C1OBW8XB,4173,52,Female,White,United States,United States,United States,English,No,Part-Time
030f29562ba1,69e6a6031aafc4b79ac9726d,APPROVED,Not Applicable,2026-04-20T22:17:44Z,2026-04-20T22:24:32Z,2026-04-20T22:24:35Z,2026-04-20T22:24:33Z,409,C1OBW8XB,2,19,Female,Mixed,United States,United States,DATA_EXPIRED,English,Yes,Unemployed (and job seeking)
77eb921ee3eb,69e6a605c8b0b472d8d9b782,APPROVED,Not Applicable,2026-04-20T22:17:44Z,2026-04-20T22:21:23Z,2026-04-21T15:47:43Z,2026-04-20T22:21:24Z,219,C1OBW8XB,8067,48,Male,White,United States,United States,United States,English,No,Part-Time
bbe28487eb57,69e6a60c08ee278a622497ae,APPROVED,Not Applicable,2026-04-20T22:17:52Z,2026-04-20T22:24:57Z,2026-04-20T22:25:00Z,2026-04-20T22:24:58Z,426,C1OBW8XB,5734,37,Male,White,United States,United States,United States,English,No,Full-Time
34b9a0c58842,69e6a61287fc65892eade2b1,APPROVED,Not Applicable,2026-04-20T22:18:03Z,2026-04-20T22:26:47Z,2026-04-20T22:26:50Z,2026-04-20T22:26:48Z,525,C1OBW8XB,790,81,Female,White,United States,United States,United States,English,No,Due to start a new job within the next month
016899e47ef7,69e6a64c24ed41ebf37eb939,APPROVED,Not Applicable,2026-04-20T22:18:52Z,2026-04-20T22:38:23Z,2026-04-20T22:38:32Z,2026-04-20T22:38:31Z,1172,C1OBW8XB,190,30,Female,White,United States,United States,United States,English,Yes,Full-Time
5dbfe0b1604f,69e6a65c5128c90110f7cdc6,APPROVED,Not Applicable,2026-04-20T22:19:12Z,2026-04-20T22:23:48Z,2026-04-20T22:23:51Z,2026-04-20T22:23:49Z,277,C1OBW8XB,893,46,Male,Black,United States,United States,United States,English,No,Full-Time
013233236d9a,69e6a6716d755ed7a51f57c8,APPROVED,Not Applicable,2026-04-20T22:19:38Z,2026-04-20T22:25:13Z,2026-04-20T22:25:16Z,2026-04-20T22:25:14Z,336,C1OBW8XB,240,46,Male,Mixed,United States,United States,United States,English,No,Full-Time
ae8a45524e52,69e6a6e3b46c984ce5239ce2,APPROVED,Not Applicable,2026-04-20T22:21:29Z,2026-04-20T22:28:23Z,2026-04-20T22:28:26Z,2026-04-20T22:28:24Z,414,C1OBW8XB,1180,39,Female,Mixed,Puerto Rico,United States,Puerto Rico,Spanish,No,Full-Time
e97ccd604ef4,69e6a7322eb49ab6bf3ea970,APPROVED,Not Applicable,2026-04-20T22:22:42Z,2026-04-20T23:01:04Z,2026-04-20T23:01:06Z,2026-04-20T23:01:05Z,2303,C1OBW8XB,9171,45,Male,Mixed,United States,United States,United States,English,Yes,Full-Time
3a18bf0a5ad3,69e6a7802a4b2e84a2ea1388,APPROVED,Not Applicable,2026-04-20T22:27:33Z,2026-04-20T22:35:15Z,2026-04-20T22:35:18Z,2026-04-20T22:35:16Z,462,C1OBW8XB,299,66,Male,Black,Nigeria,United States,United States,English,No,Part-Time
db5c2f5327ce,69e6a786f24d64c1ca15cb54,APPROVED,Not Applicable,2026-04-20T22:24:11Z,2026-04-20T22:30:03Z,2026-04-20T22:30:06Z,2026-04-20T22:30:04Z,353,C1OBW8XB,2209,64,Female,White,United States,United States,United States,English,No,Full-Time
65fbeae31e69,69e6a78f42819f8d1ad9b7be,APPROVED,Not Applicable,2026-04-20T22:24:22Z,2026-04-20T22:31:49Z,2026-04-20T22:31:52Z,2026-04-20T22:31:49Z,447,C1OBW8XB,6517,56,Male,White,United States,United States,United States,English,DATA_EXPIRED,DATA_EXPIRED
96240bceb5d2,69e6a792c8b0b472d8d9b80e,APPROVED,Not Applicable,2026-04-20T22:24:24Z,2026-04-20T22:31:19Z,2026-04-20T22:31:20Z,2026-04-20T22:31:20Z,415,C1OBW8XB,2653,40,Male,White,United States,United States,United States,English,No,Full-Time
72d615900342,69e6a7d6420790ee394a2239,APPROVED,Not Applicable,2026-04-20T22:27:40Z,2026-04-20T22:34:57Z,2026-04-20T22:35:00Z,2026-04-20T22:34:58Z,438,C1OBW8XB,9254,68,Male,White,United States,United States,United States,English,No,Full-Time
dd9364d64977,69e6a7f2a69faf577bb1e98e,APPROVED,Not Applicable,2026-04-20T22:25:57Z,2026-04-20T22:29:51Z,2026-04-21T15:47:56Z,2026-04-20T22:29:52Z,235,C1OBW8XB,1936,27,Male,Other,United States,United States,United States,English,No,Unemployed (and job seeking)
0f4b7a2e59d9,69e6a84814d722fd77dd5d5a,APPROVED,Not Applicable,2026-04-20T22:27:24Z,2026-04-20T22:33:12Z,2026-04-20T22:33:15Z,2026-04-20T22:33:14Z,349,C1OBW8XB,3444,56,Female,Other,United States,United States,El Salvador,English,No,Full-Time
a5cf7db3e063,69e6a85f87fc65892eade2f9,APPROVED,Not Applicable,2026-04-20T22:27:51Z,2026-04-20T22:36:29Z,2026-04-20T22:36:32Z,2026-04-20T22:36:30Z,519,C1OBW8XB,2248,68,Male,Black,United States,United States,United States,English,DATA_EXPIRED,DATA_EXPIRED
24bcbf4cccf7,69e6a87a3e9c1de67eb0e2ae,APPROVED,Not Applicable,2026-04-20T22:28:16Z,2026-04-20T22:35:25Z,2026-04-20T22:35:27Z,2026-04-20T22:35:25Z,429,C1OBW8XB,43,48,Male,White,United States,United States,United States,English,No,Full-Time
1380d4f5be26,69e6a9315e9edd534d543493,APPROVED,Not Applicable,2026-04-20T22:31:18Z,2026-04-20T22:39:38Z,2026-04-20T22:39:40Z,2026-04-20T22:39:39Z,500,C1OBW8XB,1203,29,Male,White,United States,United States,United States,English,No,Part-Time
17ef5e0e1a21,69e6a95bd77e3762a68b3409,APPROVED,Not Applicable,2026-04-20T22:32:40Z,2026-04-20T22:49:26Z,2026-04-20T22:49:28Z,2026-04-20T22:49:26Z,1006,C1OBW8XB,306,21,Male,White,United States,United States,United States,English,Yes,Unemployed (and job seeking)
19a7c12df2c4,69e6aa677d3933a1b112d0a4,APPROVED,Not Applicable,2026-04-20T22:37:01Z,2026-04-20T22:44:06Z,2026-04-20T22:44:08Z,2026-04-20T22:44:07Z,426,C1OBW8XB,302,67,Male,Mixed,United States,United States,United States,English,No,Unemployed (and job seeking)
435bd8cef320,69e6aa6bd77e3762a68b3426,APPROVED,Not Applicable,2026-04-20T22:36:31Z,2026-04-20T22:47:00Z,2026-04-20T22:47:03Z,2026-04-20T22:47:00Z,629,C1OBW8XB,83,56,Female,White,United States,United States,DATA_EXPIRED,English,No,Full-Time
35c5e85db326,69e6aaf013bfdc8e15ea957b,APPROVED,Not Applicable,2026-04-20T22:38:44Z,2026-04-20T22:44:33Z,2026-04-20T22:44:34Z,2026-04-20T22:44:34Z,349,C1OBW8XB,6557,37,Male,White,United States,United States,United States,English,No,Full-Time
578d4e947f3a,69e6ab1482f622e2b3eb17e9,APPROVED,Not Applicable,2026-04-20T22:39:30Z,2026-04-20T22:53:03Z,2026-04-20T22:53:06Z,2026-04-20T22:53:04Z,813,C1OBW8XB,23,58,Female,Asian,China,United States,China,Chinese,No,Part-Time
b1ec00917ed5,69e6abd3e36fc4e1a7358537,APPROVED,Not Applicable,2026-04-20T22:42:32Z,2026-04-20T22:50:41Z,2026-04-20T22:50:43Z,2026-04-20T22:50:42Z,489,C1OBW8XB,91,58,Female,White,United States,United States,United States,English,No,Full-Time
099789a1487d,69e6abd872db432f75300b0d,APPROVED,Not Applicable,2026-04-20T22:42:39Z,2026-04-20T22:46:40Z,2026-04-20T22:46:43Z,2026-04-20T22:46:41Z,242,C1OBW8XB,4397,52,Female,White,United States,United States,United States,English,No,Full-Time
78acb81ab045,69e6abdc5a266431a78d9026,APPROVED,Not Applicable,2026-04-20T22:42:53Z,2026-04-20T22:54:21Z,2026-04-20T22:54:24Z,2026-04-20T22:54:22Z,689,C1OBW8XB,1580,64,Female,Black,United States,United States,United States,English,No,Full-Time
4fae9175d261,69e6ac26b32b50b347ea137e,APPROVED,Not Applicable,2026-04-20T22:43:53Z,2026-04-20T22:52:22Z,2026-04-20T22:52:23Z,2026-04-20T22:52:23Z,509,C1OBW8XB,14,40,Female,Mixed,United States,United States,United States,English,No,Due to start a new job within the next month
0972048f601f,69e6acb5cf582b1133853d01,APPROVED,Not Applicable,2026-04-20T22:46:30Z,2026-04-20T22:58:44Z,2026-04-20T22:58:48Z,2026-04-20T22:58:46Z,734,C1OBW8XB,349,57,Female,Mixed,United States,United States,United States,English,DATA_EXPIRED,DATA_EXPIRED
2b063a26563a,69e6ad932a7965f2a1c26575,APPROVED,Not Applicable,2026-04-20T22:50:03Z,2026-04-20T23:03:13Z,2026-04-20T23:03:17Z,2026-04-20T23:03:13Z,790,C1OBW8XB,0,18,Female,Other,United States,United States,DATA_EXPIRED,English,No,Unemployed (and job seeking)
5e86e3ddecba,69e6ae77d64435419dd93ea4,APPROVED,Not Applicable,2026-04-20T22:53:47Z,2026-04-20T22:59:13Z,2026-04-20T22:59:16Z,2026-04-20T22:59:13Z,326,C1OBW8XB,118,38,Female,Mixed,United States,United States,United States,English,Yes,Full-Time
9c8a2e72e2eb,69e6aea0048e920a3319a6e1,APPROVED,Not Applicable,2026-04-20T22:54:31Z,2026-04-20T23:02:50Z,2026-04-20T23:02:53Z,2026-04-20T23:02:51Z,499,C1OBW8XB,593,56,Male,White,United States,United States,United States,English,DATA_EXPIRED,DATA_EXPIRED
632f78bf593e,69e6aebfe1450f7585ca97fb,APPROVED,Not Applicable,2026-04-20T22:58:07Z,2026-04-20T23:06:43Z,2026-04-20T23:06:46Z,2026-04-20T23:06:43Z,516,C1OBW8XB,3596,66,Female,Black,United States,United States,United States,English,DATA_EXPIRED,DATA_EXPIRED
03a24b1d1bab,69e6af095797c88de58034e0,APPROVED,Not Applicable,2026-04-20T22:56:17Z,2026-04-20T23:00:07Z,2026-04-21T15:44:45Z,2026-04-20T23:00:09Z,231,C1OBW8XB,289,21,Female,White,United States,United States,United States,English,Yes,Part-Time
5eaa113af9c0,69e6af0e92facf373ec9725c,APPROVED,Not Applicable,2026-04-20T22:56:20Z,2026-04-20T23:03:58Z,2026-04-20T23:04:02Z,2026-04-20T23:03:59Z,458,C1OBW8XB,1374,62,Male,Black,United States,United States,United States,English,Yes,Full-Time
e81e4380635a,69e6af5d28bea8fba6c5f479,APPROVED,Not Applicable,2026-04-20T22:57:37Z,2026-04-20T23:04:47Z,2026-04-20T23:04:50Z,2026-04-20T23:04:48Z,431,C1OBW8XB,1527,55,Male,White,United States,United States,United States,English,No,Other
4922095f860d,69e6afca02e0fb364a1fdaaa,APPROVED,Not Applicable,2026-04-20T23:00:47Z,2026-04-20T23:07:56Z,2026-04-20T23:07:58Z,2026-04-20T23:07:57Z,430,C1OBW8XB,1945,84,Male,White,United States,United States,United States,English,No,"Not in paid work (e.g. homemaker', 'retired or disabled)"
8a5a418f5543,69e6b165e4b58851f05ce7ee,APPROVED,Not Applicable,2026-04-20T23:06:25Z,2026-04-20T23:15:57Z,2026-04-20T23:16:01Z,2026-04-20T23:15:57Z,572,C1OBW8XB,3446,59,Female,Mixed,Germany,United States,United States,English,No,Part-Time
912ac50b99eb,69e6b33db0851a6c1124c15f,APPROVED,Not Applicable,2026-04-20T23:14:53Z,2026-04-20T23:27:25Z,2026-04-20T23:27:28Z,2026-04-20T23:27:26Z,753,C1OBW8XB,3276,39,Female,Mixed,United States,United States,United States,English,No,Full-Time
d400f3a516df,69e6b3451f7776b24ad57b3e,APPROVED,Not Applicable,2026-04-20T23:14:17Z,2026-04-20T23:21:28Z,2026-04-20T23:21:32Z,2026-04-20T23:21:29Z,432,C1OBW8XB,309,43,Male,Asian,United States,United States,United States,English,No,Part-Time
0264369f89ba,69e6b3b846c441e657ac05b1,APPROVED,Not Applicable,2026-04-20T23:16:24Z,2026-04-20T23:28:10Z,2026-04-20T23:28:12Z,2026-04-20T23:28:11Z,707,C1OBW8XB,1790,71,Female,Asian,Trinidad and Tobago,United States,United States,English,No,Unemployed (and job seeking)
083137a4ed88,69e6b42645c865df81b0faf7,APPROVED,Not Applicable,2026-04-20T23:18:03Z,2026-04-20T23:26:22Z,2026-04-20T23:26:25Z,2026-04-20T23:26:23Z,500,C1OBW8XB,1651,55,Male,Black,United States,United States,United States,English,No,Unemployed (and job seeking)
ea909341c567,69e6b509510b0007fc3dd3c7,APPROVED,Not Applicable,2026-04-20T23:21:51Z,2026-04-20T23:28:02Z,2026-04-20T23:28:04Z,2026-04-20T23:28:03Z,372,C1OBW8XB,579,60,Male,Mixed,Canada,United States,United States,English,No,Part-Time
1e5be3319197,69e6b6605a8de84c0a6bde13,APPROVED,Not Applicable,2026-04-20T23:27:41Z,2026-04-20T23:36:40Z,2026-04-20T23:36:44Z,2026-04-20T23:36:41Z,540,C1OBW8XB,4083,66,Female,Black,United States,United States,United States,English,No,"Not in paid work (e.g. homemaker', 'retired or disabled)"
a79d5ca2ba10,69e6b69ab838d338e18c4bd7,APPROVED,Not Applicable,2026-04-20T23:28:40Z,2026-04-20T23:37:16Z,2026-04-20T23:37:18Z,2026-04-20T23:37:17Z,517,C1OBW8XB,85,23,Male,Other,United States,United States,United States,English,No,Part-Time
615d74f29e70,69e6ba6ad7fb0010cf3af2a5,APPROVED,Not Applicable,2026-04-20T23:44:47Z,2026-04-20T23:52:38Z,2026-04-20T23:52:40Z,2026-04-20T23:52:39Z,471,C1OBW8XB,4907,58,Male,White,United States,United States,United States,English,No,Full-Time
6d2f2fdbf508,69e6bb73dea2b9ad664ccaa8,APPROVED,Not Applicable,2026-04-20T23:49:12Z,2026-04-20T23:55:07Z,2026-04-20T23:55:10Z,2026-04-20T23:55:07Z,355,C1OBW8XB,2252,61,Female,Mixed,United States,United States,United States,English,No,"Not in paid work (e.g. homemaker', 'retired or disabled)"
0d6f95174a93,69e6bbd75e26b39dd5bbe4dd,APPROVED,Not Applicable,2026-04-20T23:50:53Z,2026-04-20T23:59:43Z,2026-04-20T23:59:46Z,2026-04-20T23:59:44Z,530,C1OBW8XB,816,43,Male,Other,United States,United States,United States,English,No,Other
48061650e859,69e6be8e2bf4795902033049,APPROVED,Not Applicable,2026-04-21T00:02:31Z,2026-04-21T00:11:14Z,2026-04-21T00:11:16Z,2026-04-21T00:11:14Z,523,C1OBW8XB,61,60,Male,Black,United States,United States,United States,English,No,Full-Time
5c222aa09975,69e6bf9b4135f4181be704f9,APPROVED,Not Applicable,2026-04-21T00:06:59Z,2026-04-21T00:19:32Z,2026-04-21T00:19:34Z,2026-04-21T00:19:33Z,753,C1OBW8XB,376,73,Male,Mixed,United States,United States,United States,English,No,Part-Time
47380d3ce770,69e6bff48ed6a4aa75bcb407,APPROVED,Not Applicable,2026-04-21T00:08:28Z,2026-04-21T00:15:28Z,2026-04-21T00:15:31Z,2026-04-21T00:15:29Z,420,C1OBW8XB,15,64,Female,Mixed,Peru,United States,Peru,Spanish,No,Part-Time
9f82095358dc,69e6c86990efbb0657cac391,APPROVED,Not Applicable,2026-04-21T00:44:30Z,2026-04-21T00:50:48Z,2026-04-21T00:50:51Z,2026-04-21T00:50:49Z,379,C1OBW8XB,5714,49,Female,Other,United States,United States,United States,English,Yes,Full-Time
2ab828cd6b45,69e6c9fb18258d7398369d29,APPROVED,Not Applicable,2026-04-21T00:51:18Z,2026-04-21T00:59:57Z,2026-04-21T01:00:00Z,2026-04-21T00:59:58Z,520,C1OBW8XB,4032,67,Male,Mixed,United States,United States,United States,English,No,Full-Time
8e6b8cafa7be,69e6cc3a4ff896b09cda3049,APPROVED,Not Applicable,2026-04-21T01:00:45Z,2026-04-21T01:07:15Z,2026-04-21T01:07:18Z,2026-04-21T01:07:16Z,390,C1OBW8XB,52,18,Female,Other,United States,United States,United States,Spanish,Yes,Unemployed (and job seeking)
4edf6d0ab30c,69e7282cb9a20c9edd8c5eeb,APPROVED,Not Applicable,2026-04-21T07:33:04Z,2026-04-21T07:41:29Z,2026-04-21T07:41:32Z,2026-04-21T07:41:30Z,505,C1OBW8XB,8741,57,Male,Other,United States,United States,United States,English,DATA_EXPIRED,DATA_EXPIRED
11061ccc48e8,69e75c4fb57ebf777bb809ee,APPROVED,Not Applicable,2026-04-21T11:15:33Z,2026-04-21T11:20:51Z,2026-04-21T11:20:54Z,2026-04-21T11:20:52Z,319,C1OBW8XB,497,57,Female,Other,United States,United States,United States,English,DATA_EXPIRED,Part-Time
dfec6ce5ab78,69e77b03b129ae7450dc4b88,APPROVED,Not Applicable,2026-04-21T13:26:37Z,2026-04-21T13:35:46Z,2026-04-21T13:35:48Z,2026-04-21T13:35:46Z,549,C1OBW8XB,305,62,Female,Other,United States,United States,United States,English,No,"Not in paid work (e.g. homemaker', 'retired or disabled)"
4b8da513a883,69e795eebeeca3cfae499fe4,APPROVED,Not Applicable,2026-04-21T15:21:37Z,2026-04-21T15:31:08Z,2026-04-21T15:31:12Z,2026-04-21T15:31:09Z,572,C1OBW8XB,6906,66,Male,Other,United States,United States,United States,English,Yes,Other
be6f420a934c,69e79bc1f610c2f7018eb5f0,APPROVED,Not Applicable,2026-04-21T15:46:13Z,2026-04-21T15:52:28Z,2026-04-21T15:52:32Z,2026-04-21T15:52:29Z,376,C1OBW8XB,2814,63,Female,Other,United States,United States,Puerto Rico,English,No,Other
13a30d93fffe,69e7d6a565fd360e71b1d101,APPROVED,Not Applicable,2026-04-21T19:57:33Z,2026-04-21T20:04:24Z,2026-04-21T20:04:28Z,2026-04-21T20:04:25Z,412,C1OBW8XB,1945,61,Male,Other,United States,United States,United States,English,No,Full-Time
9b5f115adaf9,69e82bb9d064c75a9f1f7b14,APPROVED,Not Applicable,2026-04-22T02:00:31Z,2026-04-22T02:07:47Z,2026-04-22T02:07:51Z,2026-04-22T02:07:48Z,437,C1OBW8XB,139,58,Male,Other,United States,United States,United States,English,No,Full-Time
